tweet_id,safe_text,label
RGWFY5NF,#JEBush: Mitt had a hard time dropping out. Now he's going to Disneyland for the Micky Measles festival. I'm doing a Bush-family snicker.,1
A5DKRA0G,Well FUCK YOU Measles and deflated footballs!,1
88Q80C2A,no no no no. NO proven medical correlation- or even a strong speculation of a relationship between vaccinations and autism. no no nooooo,2
2ISR8LJT,Pakistan is arresting parents who don't vaccinate their kids against polio,1
WB0MYCV7,Talking to children about Ebola? Start with less info/provide clear details when asked#immunizationSIGNAPNAP<user>,1
LNRSO57T,<user> Measles makes the common cold look like a pussy for how contagious it is.,1
YMB1CAY6,"AM-News : Why did some experimental HIV vaccines increase risk of infection?: In 1983, Margaret Heckler, then the… <url>",1
533JPEMS,#EazyMix (Link in <user> bio) #ManyMenRecords #MMR @ Music Mondays <url>,1
FO6GV3CI,"""<user> On average, people who complain live longer -- Releasing this tension increases immunity and boosts their health."" I will live",1
X6E6EWR7,"“<user> Vaccinate your children, you ignorant hippies <url> Yes, please!",2
TMC2KVU1,I don't do vaccines. Them hoes ain't safe at all! But I'm not gonna be in on this discussion.,0
K2YXFSSY,<user> duh! Child vaccines required. Adults are not. Come with some real info.,2
UTZE0W5T,"<user> Maybe the flu, scabies, TB, measles, lice, or whatever is coming across the border, maybe the drizzles",1
3WUHQ770,Repeal Immunity for Drug Companies Against Vaccine Injuries <url> <user>,0
4LMD485R,<user> <user> protect my kids from the true blue American anti vaccine nutters first!,2
XFMAFST3,As for the Penguins.... Doesn't the Canadian government require childhood MMR vaccination?,1
EUFT4DK2,"This trend of not vaccinating kids needs to stop! Like seriously, how stupid are you to say no to them! <url>",2
448,I'm not willing to have the HPV vaccine.,0
BTHC6NPU,"Pediatricians report flu vaccine shortage: If you haven't gotten your child a flu shot, you might be out of luck… <url>",1
8IK3N1P4,"“<user> On average, people who complain live longer -- Releasing this tension increases immunity and boosts their health.” yayyyyyyy",1
YT258AFU,<user> Can u follow me or tweet mmr back u ccan make my day,1
SQCLJZ43,"15mos check up and MMR/chickenpox vaccines. (@ Reading Pediatrics in Wyomissing, PA) <url>",2
5X8DRSSS,"Director, Health Information Systems for Better Immunization Data (BID), Seattle, United States <user> #jobs <url>",1
CC41BEVS,"<user> my new career is going to be a ""AIDS Vaccine Tester"" I think ill have better luck surviving that job. Less risk than corn",1
PDYJ19CL,Texas Republican Calls For Limiting Vaccine Exemptions: A Texas Republican is taking aim at a provision in state… <url>,2
CDF64799,No measles vaccine? No school starting Monday for Vigo County students: Vigo County schools will not allow students… <url>,1
ERHLQZY7,"<user> In the case of ALL #vaccines, Including #measles &amp; #polio",0
V8K3C408,"Get vaccinated, folks. ""<user> Mother’s Facebook Updates Detail Son’s Tragic Death from Pertussis <url>",2
225,I'd rather go without the flu vaccine.,0
AUCDLGYK,.<user> ==&gt; MN Dept. of Education releases MMR results annually. Often gets the local conversation going on how to make improvements.,1
5V1JT52H,Vaccines work! Get your flu shot with your pharmacist! Make sure you have your measles vaccine! #SB49 #vaccineswork #VaccinateYourKids,2
STPIJ531,Centers For Disease Control: Urge Merck to Revive Single-Dose Measles and Mumps Vaccines - Sign the P... <url> via <user>,2
UQ29588X,"<user> <user> <user> That's what#vaccines R made of:infected live host + adjuvant e.g. mercury, aluminum, MSG",0
7HIQXFS9,“<user> Measles Hits 20-Year High In U.S. <url> thanks <user>,1
KY4XUISS,#Lucky7 @ MMR 7yr Anniversary <url>,1
L2TIWPQD,NEW: Bexar Co. District Attorney Nico LaHood: 'Vaccinations can and do cause autism' by Brian Chasnoff <url>,0
F40SYM3P,Robert Kennedy Jr. Compares Vaccine Debate To Holocaust As CALawmakers Look At Banning Exemptions « CBS San Francisco <url>,1
CB0FR06C,"When I see ""I didn't vaccinate my child"" I just assume you want your child to contract measles, rubella, polio, and pertussis",2
N530BVW8,Disney-linked measles outbreak soon to be over in California: A measles outbreak that began at Disneyland and… <url>,1
ORAIC6KP,“<user> York Region mom 'angry as hell' over baby's possible exposure to measles <url> <url> #careless,1
4WJL05GX,"#CoCoHealth official say they don't know if the adult with #measles was vaccinated, history unclear. #mapit <url>",1
6M4VLZTF,<url> dropped the ball on letting mercury in vaccines 1 day it come out,0
FRQPDTM1,"Hey, Jim Carrey: ""Vaccines don't cause autism"" = 23 letters.",2
108,I don't support vaccination for myself.,0
JEO5K6DY,"<user> question, is the MMR Training app obsolete? It's now the mapmyrun upgrade to mvp? Will the coaching help w/couch to half marathon?",1
JU6Y36TQ,I won't but I could fill my feed with case after case of families who believe their children were harmed or died from vaccine injury.,0
O7HZTI8N,<user> Swiftwater ... Past Mt. Pocono ...it's the worlds largest vaccine pharmaceutical company,1
5G4PTVA0,"<user> Yes. I'm a part of public health just like I'm a part of nature. I feed an abandoned baby bird, I vaccinate my privileged kids.",2
OEGWJYUX,43%of UtahCo schools under vaccinatd for #measles. I spoke w/<user> on <user> bout the anti-#vaccination trend <url>,0
3GDCIKCQ,HPV vaccines appear to be as safe as other vaccines. <url>,2
JPKBF80L,<user> -you need to ask what % of measles outbreak are illegals-where they fit in epidemic chain-near the beginning??,1
03RYUCZB,better get your kids vaccinated so they don't catch these hands,2
C01MYDJV,"<user> And the parents need to get their MMR booster shot too. They claim vaccines cause autism and other disorders. Not proven,is it?",1
1ZKEA4EG,is it a thing for parents to not vaccinate their kids?? wyd???,1
X5M87YT7,Gov. Jerry Brown Signs Strict School Vaccine Legislation: The bill strikes California's personal belief exemption… <url>,1
HM920I8B,"""<user> Should parents be allowed to choose whether to vaccinate their kids? No choice did you have one no you didn't and you fine!",2
T6TS0UG5,Infant who attended Palatine day care the 14th measles case in Illinois: The 14th case of measles has turned up in… <url>,1
95ZO4IO7,<user> <user> <user> vaccines don't cause autism (what else you got?),2
016KGCQ8,<user> measles and the flu are much more communicable than Ebola. The reason it spreads so quickly in Africa is because a lot of burial,1
277,MMR is a vaccine I plan to decline.,0
9703RXCY,If a poison Ivy vaccine was developed the line at the clinic would be filled with DiscGolfers #Discgolf#itchy,1
346,I've decided not to get another tetanus vaccine.,0
W9R7ANDK,Tiny increase in intussusception after 1st Rotavirus vaccine in series. Benefit &gt; risk <url> <url>,2
VOLIE7J1,Go listen to my new song #MyBaby on soundcloud.... #MMR ❤️ @ New Music <url>,1
LNBH5F0V,<user> There is a statistically significant chance of an individual getting permanent brain damage from receiving a #vaccination.,0
SY1YVAGB,"WIAAP Infectious Disease committee members Drs. Sabnis, Murwin, Hennessy &amp; Conway discuss #HPV vaccine hesitancy. <url>",1
B18V36S5,<user> <user> I was agreeing. I just phrases it weirdly I guess. People should vaccinate their kids and be vaccinated. Yes.,2
9RX21364,New vaccinations required for Maryland students when school year begins: New vaccinations will be required for... <url>,1
60,Count me out of pneumococcal vaccination.,0
G5B3FHGR,<user> the risks outway the benefits of not vaccinating,0
AAUHV5GX,#FDA Commiss. Hamburg and execs fr pharma &amp; vaccine institutions talk pharmaceutical industry's future at #AspenIdeas <url>,2
UO1XSHX6,UC System to Require Measles Shots: University of California students will have to be vaccinated against measles… <url>,2
6D3OIPOM,Autism is not caused by vaccinations. If you believe that you are a very ignorant person,2
3WS4IOEO,Measles cases at highest rate in 20 years due to decrease in vaccination rate. <url>,2
Q64WOZAO,Turesday PSA: CDC says soap & water&gt; running water&gt; hand sanitizer for preventing spread of disease. Wash yo handz and get yo vaccines!,2
YONXWPO1,“<user> More California parents opting out of vaccinating their kids <url> via <user> Nooooooo! This is bad.,2
0HIN9JL6,Italian courts link vaccine to Autism YOU WILL NOT SEE THIS IN U.S. CORPORATE CONTROLLED MAIN STREAM MEDIA <url>,0
E1S0P15A,Five children under the age of one who attend suburban Chicago daycare diagnosed with measles: Health officials say… <url>,1
LY8C21MD,"“<user> #Measles outbreak climbs to 156 patients, Immunizations were developed for a reason ,because it saves lives",2
RWHWKMEH,"“<user> On average, ppl who complain live longer -- Releasing this tension increases immunity and boosts their health.” I'm invincible",1
AI7QN9T1,I have to get a measles shot:(,1
9KEJSB7Q,Measles reported near Boston <url>,1
TDA7JQ9W,<user> Shawn Siegel speaks the truth about vaccines.,0
V30YDZ65,Of coarse trutherbot is anti vaccine 😂😂,1
UJUAJYGI,"I just got an email from the nanny agency I used to be work for with procedures on measles. Good lord, people. Vaccinate your kids.",2
ILALVOZ9,"""I believe measles is caused by separation trauma.""",0
WFUHIPGQ,"<user> #VaccinesMatter especially around those w weak immune systems; the elderly, newborns, transplant patients. It's a no brainer.",2
XC39VTUU,Calif. Measles Outbreak Revives Debate Over Vaccines <url>,1
3RGVOQ27,<user> AUTISM 1 in every 65 kids are getting it?? My son caught Autism I was warned not to say the immunization(s) caused it..help,0
579,I'd turn down the hepatitis vaccine.,0
R95RNV1O,<user> People say vaccines cause autism and other bullshit. It makes no sense.,2
N0HFBWJ6,"#pharmaceutical Vaccine Pharmaceutical Sales Representative - InventivHealth - Atlanta, GA <url>",1
5J2Y67ZQ,"Hi. I'm overly paranoid Rob Lowe, and I don't #vaccinate my children.",0
JLH7JHF7,CDC Vaccine Price List Update <url>,1
V8OMB724,Let's do this peeps!!! Vaccinate your kids and encourage the world as well. People ill cannot help us fight poverty. #GlobalCitizenFestival,2
73,I've decided to skip the tetanus vaccine.,0
9LPSJP37,"""Love is like the measles; we all have to go through it. Also like the measles we take it only once."" ✌☺goodnight' <url>",1
I6QOVPAI,<url> Merck Has Some Explaining To Do Over Its MMR Vaccine Claims,0
84IZB8GZ,This little shit clearly needed to die from the measles. #AHSHotel,1
0HZOQIBC,NYC Dept of Health recommends to immunize all babies bw 6-12 mos of age traveling outside of the US with MMR before age 1 year.,2
ULSJISD1,"""I hear the malaria vaccine sucks..."" Who tf says that? #js to say this kid is strange would be an understatement",1
BUX8OXE1,<user> SELLING MADDEB MOBILE COINS.MMR MEMBER LEGIT SELLER. 99MIL-30$ 75MIL-20$ 50MIL-15$ BELOW THAT 1$ PER MIL..,1
V206ZN08,"Did Mayor Ed Lee Just Make A Joke About Pubic Lice (And Measles)?: At an event Thursday night, Lee reportedly ""made… <url>",1
PHL2BUXH,Lane County Health Department is working on more vaccination clinics w/ U of O after fifth case of meningitis bacteria on campus. #liveonK2,1
ZBFJ8CYK,Statewide health alert issued in Texas for measles: The State of Texas issued a health alert Friday after eleven... <url>,1
7B9Q56ZY,Arizona official: Measles outbreak apparently winding down: Arizona had seven of the more than 100 cases associated… <url>,1
NSZQY1OA,"<user> <user> I thought that was legislated on the state level(??) At least, ""on what grounds can parents refuse child's vaccines"" is",1
JC9TM5LM,<user> Ive SURVIVED These Horrid Diseases That NOW There R Vaccines 2 PREVENT. VACCINATE. Im Lucky 2 BeAlive. More 2 Fear Fr Disease,2
TK2GSISL,<user> Does Autism Speaks espouse anti-vaccination views like the NAA?,1
2L97VVK9,Did this really come out of Rand Paul's mouth?? There's no proof of vaccines hurting children?? #vaccineswork <url>,2
KA2DH3CR,Tenth measles case confirmed in Tarrant County: Disease exerts have traced some of the North Texas measles cases... <url>,1
35Z3HT95,"Oh hell no, I'm about to stay home with my door locked, windows locked, in a bubble suit until this measles stuff is over",1
K732BAE2,<user> wanted to make sure you've seen our latest video of children living their dreams for immunization week <url>,1
JP8CRIOQ,"<user> <user> <user> <user> <url> If vaccines don't cause autism , why this package insert?",0
LHBQI3AC,"“<user> On average, people who complain live longer -- Releasing this tension increases immunity and boosts their health.” that's me:)",1
YG21GEC3,so the measles are going around Disneyland ..,1
J8NCS086,"Dr. Art Caplan talks about ethical issue in global health: the moral challenge of ""good enough"" with respect to Cholera vaccinations.",1
FTG1O6PF,#RRR #MMR #SRT10MG LifeStyle we living !!! @ Charlotte Marriott City Center <url>,1
216,I'm firmly against receiving another COVID dose.,0
UE88IJUI,<user> You have that disease too ? We need a vaccine ! 💉💉,2
IH45M0NU,"Tarrant County Obtains 1,000 More Flu Vaccines: Tarrant County Public Health said Tuesday they are distributing... <url>",1
Y1AQ00AL,Ugh. The Autism Speaks walk is in Grant Park today. I know where I'm avoiding. I don't support organizations thy promote anti-vaccine.,2
313,I've decided to decline the pneumococcal shot.,0
8ELO5X9S,"People who don't immunize their children are idiots and if you disagree with that, feel free to keep it to yourself.",2
BUJI1S1D,"<user> <user> not even being funny, but if the vaccines actually work and you're vaccinated, how are the unvaccinated harmful?",0
ESMQ1ZP6,ThinkProgress: Measles Could Ravage West African Countries Affected By Ebola. <url>,1
VONHUVJY,"Birmingham Schools Warn Parents Of Outbreak Of Chickenpox, Recommend Non-Immunized Stay Home: There were only a few… <url>",1
UD31Y9F7,Paul Offit finally gets it about vaccine exemptions – Medscape <url>,1
DIPF76MH,"You know I wouldn't say it if it wasn't true, but BEST MMR EVER!",1
6ZNM04LN,Quarantine follows measles diagnosis in Port Angeles: Clallam County health officials are quarantining unvaccinated… <url>,1
KYMCKLRN,316.1 million people live in the United States and 100 of them have the measles. 😒 #relax #MeaslesOutbreak #STFU 😠,1
T8DMQ3XJ,"Deputy Director, Enteric and Diarrheal Diseases - Enteric Vaccines, Seattle, WA, United States <user> #jobs <url>",1
PSEO9JDN,"No vaccines. Thanks a lot Jenny McCarthy. #MMR Wait, its just a gumball. <url>",1
HOP3FAUL,Statue honoring smallpox eradication at WHO. Let's work together to do the same for polio &amp; measles #AAPGlobal <url>,2
CZG4UOK0,Your voice can give a child a <user> 1 comment or 1 share = 1 vaccine for a child in need: <url>,2
6KDGLJ5B,"People that are 'anti vaccine' make my blood boil. Get your kid vaccinated, you stupid twat.",2
Y3P536NK,Getting immunization shots!!! YAY!!! LOL (@ Drew Health Services) <url>,2
FQZBWUDD,"<user> without a doubt, pesticides are way worse. Believing selective breeding causes autism is just as ignorant as vaccines causing it.",2
CQDD6QLM,"New <user> ""Hey Love"" #MMR #ManyMenRecords #YouAintGotNoEazyInYourSerato trappfly #ComingSoon <user> <url>",1
RRZ5F51F,<user> consquences like the kids at Disney or whatever getting sick because of adults not vaccinating themeselves/there children,2
03HGEM1X,<user> <user> no! Going to get a measles shot,2
K7D206VN,Mayo Clinic researchers discover why measles spreads so quickly via <user> <url>,1
148,I'm done with COVID vaccination.,0
CHNBJF4I,"Copelands church finds hope in vaccinations: At 76, the televangelist turns worshippers toward measles... <url>",2
53JGB6WO,"“On average, people who complain live longer. Releasing this tension increases immunity and boosts their health.” Well I'm living forever 😂",1
V4MT649H,Bowie vs. Prince <user> & 26th. Last dance stop before meeting up with MMR. #pedalpalooza,1
EHP7IFHO,"<user> so, by your logic, if all measles vaccinations stopped today - there would be no adverse public health issue?",0
CP8G98D5,A6- my hope is school is a vaccination from standardized everything for individual learners #weirdede,2
HTRF1KF4,Nuttin better than getting up early to vaccinate chickens before school 😬 #farmlife,1
79NNLJD1,It's good to be back. <user> <user> #hookem #genetics #vaccines #health @ The… <url>,1
KBIHLUFF,FDA Commissioner says measles outbreak 'alarming' <url> #WASHINGTON #UnitedStates <url>,0
5EB4TLD3,#PublicHealth Necessity RT <user> The Disneyland measles outbreak will likely lead to tougher laws: <url>,2
0MPA0TV8,One would hope that the increase of cases like these would trump the dubious link between vaccines and autism. <url>,2
UHZLQDPF,----&gt;RT <user> ! ==&gt; “<user> AIDS vaccine created at Oregon Health &amp; Science (cont) <url>,1
8YLUA19Y,To the idiots that don't vaccinate their children: do you not see the world laughing at you...?,2
PTCU3MGP,️RT <user> #BREAKING: #BART riders warned of possible #measles exposure after a passenger tests positive. <url>,1
5KJ6SF8X,"Back-to-school fairs offer information, immunizations: Parents are invited to attend three back-to-school fairs... <url>",2
NDNZQ9PT,How did the whole not vaccinating your child become a thing again like I thought that was over years ago,2
447,I've made up my mind not to get vaccinated against HPV.,0
FW2WNO71,Dept of Health animal health fair. Free vaccinations til 11:30 today 5/5. (@ Walter C. Pierce Community Park) <url>,2
TI6XF26I,Rockland County Health Comm. Highlights How Easily Measles Can Spread <url>,1
H173NC56,those infants will probably be very healthy for being breasted. <user> <user> Passive immunity is a good thing for baby.,1
B9OTD916,"I don't know who are the bigger morons, the ones who refuse to get a measles vaccine or those who blame it on immigrants.",2
C2SYCGE3,"Anti-Vaccination Activists To Blame For Bosnia's Measles Outbreak, Say Experts <url>",1
AZWA5CSQ,"blah, why does everyone freak when i say i'm not vaccinating my children? like, reallly.....",0
0DU92X27,"FYI All you people who ""don't believe in"" vaccinations are the reason for the measles outbreak",2
2Y0PJMKY,"The mountain is out! What a glorious day this is. Cherry blossoms, lunch w/ a pal outside, now a drive to Bellevue to get my MMR shot. Yay.",2
5951VMFY,The neighborhood I'm walking through is so ITB that all the moms claim they don't vaccinate their kids to be trendy but they actually do.,2
RFMVGK0I,"“<user> Disney park measles outbreak spreads to 95 cases <url> VACCINATE YOUR KIDS, MORONS.",2
1CN4D9G5,Is the #measles out break really from the anti-Vax community or from the vaccine itself. <user> <url>,0
0O2VK733,<user> too many children are getting sick &amp; some have died from vaccines..it defeats the purpose..there's other alternatives.,0
HSH8IYP9,Check out the wonderful posters we made today for the Measles Initiative! 💉❤️ <url>,1
GCO0MFGB,"Jesse said I got measles on my face , oh",1
OVNDDCKS,"<user> If I have to vaccinate my DOG , parents should vaccinate their kids. Period.",2
PZX4OY37,This is why you vaccinate your children. Now there's a measles outbreak...,2
N2XA554J,15th Measles Case Confirmed in Illinois: Cook County health department officials confirmed a 15th case of measles… <url>,1
DEONNI87,I guess health services will have a line out the door for all of the chicken pox immunizations that ARENT NEEDED,0
RBJTD3JU,Why are certain GOP saying don't need a law 2 force vaccinate child but we need a force law 2 tell women what they can do with their bodies?,1
3PGI15IL,#greenlight...... #MMR #WeTheLabel <user> fame_oliver2xx @ Club Ambition <url>,1
682PDH0O,<user> <user> <user> It is more contagious than measles - and no vaccine.,1
JW623OET,One of the very few places left in #Annapolis with flu vaccines. Getting mine today! (@ Safeway) <url>,2
1OBKVV7F,Just ran 3.204 <user> for <user> which means 8 more vaccinations have been funded for puppies &amp; kittens. Truth! #100helpfuldays,1
UFVOSS5N,Going to #Disneyland with mah sisters again on Sunday! #CSbonding #measles #weallgonnadie @ Disneyland <url>,1
LRQRINAG,"Also can't stand when people just are too lazy to get their new puppy vaccinated, like have fun watching it die a slow painful death.",2
YT038WX8,"More measles cases tied to Disneyland, Illinois day care: Health officials say the number of U.S. measles cases… <url>",1
B3KHPNPC,Agenus begins Phase 2 trials of brain tumor vaccine: Stock in Agenus Inc. (Nasdaq:AGEN) rose more than 4 percent... <url>,1
XOHKLXRN,<user> Saw the segment this measles thing is a disaster waiting to happen !,1
1JKXZ0V5,"🍍🍊🌽🍈&lt; these yellow and oranges contain beta carotene , which helps promotes healthy vision,immunity&amp; reduce risks of cancers",1
30XGC1RF,Measles hit the roads of USA once again: Measles have been making a strong wave of attack throughout the regio... <url>,1
KS9WUVEC,"“<user> Comic that explains history behind MMR vac. news. <url> The pic of McCarthy kind of pissed me off, but...",1
FTBEOHD9,<user> I really really hope her kids are autistic and a vaccine would have prevented it,2
OPS5FKXR,"<user> You _know the people you’re addressing fear demonic powers, vaccines, empty Walmarts, celestial portents, &amp; chemtrails",2
6G6YTLFY,"""with ebola people hoped, wished &amp; prayed for a vaccine. w/ #measles we have one."" -<user> telling it like it is! #vaccinateyourkids",2
HLYTI9OS,<user> that is the differences I personally can testify to in a world pre and post childhood vaccines. We don't want to go back.,2
HJN1MKEJ,6 More California Measles Cases Tied To Disney Outbreak: California health officials confirmed that six new measles… <url>,1
137,I'd rather avoid vaccines altogether.,0
PKH5INX4,<user> a disease with a 60% mortality rate with no treatments or vaccine that isn't in the US yet...until now. It's destroying Africa,0
8ODJX5DL,"Health Officials Warn This Year’s Flu Vaccine Won’t Prevent New H3N2 Strain Of Influenza: Here in California, the… <url>",1
Y8O6RKU2,<user> I finally got the whooping cough vaccine a month ago. helps slow the spread of the diseases hopefully,2
JP21A8RB,Nationalism is an infantile thing. It is the measles of mankind. Albert Einstein,1
BD0PK4EY,<user> there's no side to be on on this. You either get your kids vaccinated or keep them at home. Period.,2
T4TN8PXD,How many measles cases are illegals? #oneluckyguy,0
779XWY13,"“<user> average, people who complain live longer -Releasing this tension increases immunity and boosts their health<user> 😂",1
UQ3NY6QQ,Jan 24 #MMR #BillaBoyEnt #TeamFreePour #OneNiteOneMicOneCity #aftonshows #indie #hiphop Link In… <url>,1
KM6R28QA,Measles Outbreak Sparks Increase In Immunizations: FORT WORTH (CBS 11 News) - Despite a measles outbreak in... <url>,1
EEOO867F,"#WakeUpAmerica Forced vaccinations are the way to go. The children will be carriers after they recover, so parents must take responsibility.",0
6B7A0EFI,<user> <user> <user> Serious reactions to vaccines are 10 in a million. Chances you'll contract measles if unvaxxed 90%.,2
297,I'm not willing to have the shingles shot.,0
PIA1GOUL,"Sure, let's expose people to measles and E. Coli because FREEDOM",2
YBD3MAA2,SB277 [Passed] Public health: vaccinations. <url>,2
OMGPRT1N,Im dying!!!!!!!!!!!!! ) : feel like hell!!!!!!!!!!!!!!!!! Measles or mono whichever it is sucks!!!!!!,1
SCYWF4OV,"<user> vaccines cause SIDS, Autism, Fluoride causes Down Syndrome, LBJ'S hit man MARSHAL'S finger print matches pinky on Oswalds rifle",0
2I0S17O1,#DolphinariaFreeEurope Touching a dolphin destroys its natural immunity to disease entering its body. NO CAPTIVE DOLPHINS!,1
ENK6VVKO,First well-child visit in over 2 years. Because she's up to date on vaccines and I am… <url>,2
569,I don't support receiving the hepatitis vaccine.,0
7NP3LMQ5,<user> 3 billion paid out to vaccine injuries/deaths and that's anecdotal?!,0
ZSKVFXVQ,<user> <user> This patient zero for this measles outbreak,1
RS1VO04V,You've got to be kidding me! #immunityidol #survivor,1
JY7C1G8B,"California Parents Hold Measles Parties For Their Children: In California, some parents are doing all they can to… <url>",0
XBQS2G0G,"AIDS N : qHPV vaccine reduces risk, costs among older HIV-positive MSM treated for HGAIN <url>",1
V8FF7UKY,How will California's new vaccine exemption standards impact parental attitudes?: California passed a hotly… <url>,1
LWBL1Z1J,HB1114 [Enroll] Brunswick-Glynn County Joint Water and Sewer Commission; provide immunity and exemption from lia... <url>,1
3M0CCAXD,"<user> <user> Recent CDC memo states that TB testing &amp; immunizations are being done at holding stations, but could be a lie.",1
PS0B1B4N,Oh god - the humanity! #IsadoraHarlow #vaccination #firstshots #wellchild @ UMHS Ypsilanti Health Center <url>,1
KE8QM4BF,HB1425 [Enroll] Immunization Records For Temporary Child Care <url>,1
JF6F3H8V,“<user> Measles contamination expands to second location <url> #vaccinate #vaccinate #vaccinate 😷,2
E06EWYRU,First Ebola now Measles.,1
FPEV17J3,"""<user> Las Vegas confirms three new cases of measles linked to casino restaurant <url> bad gamble",1
50BVKXCU,I can't stand when my baby has to get his vaccinations 😢💉 #mommyproblems,1
C8N23ZCQ,Hello desert ridge. You can see in the email that Maricopa County issued the measles alert. No one in Stuco has measles. Chill.,1
9RUTEVLU,MMR still going. <url>,1
412,COVID vaccination isn't something I want to continue with.,0
8P8OOJE9,"<user> <user> Many ppl have already informed u on this already ur an anti-vaccine troll, so why beat a dead horse?",2
7NO7UZ2W,<user> <user> Jail any parent who didn't or won't vaccinate their children. They are spreading a bilogical weapon.,2
MI40MUHK,<user> If only we had some simple safe way to prevent this from happening...... #sarcasm #vaccinate ;-),2
140,I'm not willing to receive any vaccine.,0
2AX9LC8G,<user> <user> Just protecting my kids and everyone else who can't join the herd. #vaccineswork,2
VIZ0DFC3,<user> I'm pissed. measles outbreak lets blame the American parents 4 not vaccinating.Root cause. Mexican illegal children?,0
C9Z6JBSS,AIDS N : A malaria vaccine in children with HIV: Plasmodium falciparum is the major cause of malaria cases and… <url>,1
SFQMFCW0,"<user> If there are any weird things ilke bedbugs or measles,there certainly will be a PBB segment.",1
TE000R36,Flu deaths are up.... Vaccinations are down. We are talking about why it's all so worrisome to health officials this morning.,1
1HIUBMHC,"Measles Outbreak Sparks Vaccine Debate: The topic of measles vaccinations has become a full-on debate, with the… <url>",1
1VVWG6TN,La Salle Nursing Professor: Not Getting Your Children Vaccinated ‘Endangers The Health Of Your Community’ <url>,2
A35TNI6J,Vaccinate your kids for the sake of us all. #SVU,2
296,I'm saying no to the shingles vaccine.,0
D2RU75UE,There is no immunity that can be built from a group of ladies talking about guy problems. Please bring back the germy kids.,0
T1HBLZ8X,<user> yeah I can't believe people aren't giving their kids the measles shot. Flu shot makes sense you don't need that every year.,2
IUHRPJW8,Officials investigate possible measles case: Baltimore County health officials are investigating a possible case of… <url>,1
SDZS8BIY,<user> <user> <user> <user> No one wants their child 2 die.No 1 wants their kid 2 get a brain injury from a vaccine,0
T6TPLAWW,"<user> there are injections I encourage people to take. Just don't like the Mercury in them!! If removed, I'd take the flu shot.",0
42EQ6PQO,"A man walked into 2 hospitals in RI w/ measles, potentially infecting other patients. I'll be live @ 11 w/ the story <url>",1
XUFWRY6I,What the News Isn't Saying About Vaccine-Autism Studies <url>,0
WJ1R4846,<user> while conveniently forgetting the measles outbreak in TX a couple yrs ago. I Honestly thought Americans were smarter <user>,2
GPNLUAPE,"People of the west coast, vaccinate your kids. I'll explain later.",2
JR4OLVSA,<user> all those kids should not vaccinate their parents from pneumonia and the flu when they get old. #whatgoesaroundcomesaround,2
P93QRRP9,“<user> CDC: Highest number of U.S. measles cases in first five months of a year since 1994. <url> <user> 😑,1
N8ZCP7VL,"THE SKIPPING SNOO-GOO-IN By Jonathan Root Part 2 The weasels have all, Gotten measles last… <url>",1
DFCVSR78,"Today in the store we have Mossberg reps in the store doin product demos. We have the MMR AR platform,… <url>",1
G59ZGAUR,New bill would remove 1 of 3 exemptions for vaccinations in WA state. I'll explain at 5. Tell me if you agree w/lawmaker. #WakeUpWithUs,1
A4E6PSRS,Just found out I've outlived my measles vaccine. Guess what I get to do. I hope they give me a lollipop.,2
CTC3H31O,.<user> And measles is DEFINITELY NOT A JOKE! It's a potentially deadly disease with long term sequelae for survivors. <user>,2
BKBZJ2U9,"Fact: blankets keep you safe at night. We dont know what from, but they are definitely an immunity against something",1
HOBGE1MT,“<user> Innovative #vaccine action plan on Sept agenda of European health ministers <url> #immunizeEurope”,2
JYIMVB6Y,"“<user> On average, people who complain live longer -- Releasing this tension increases immunity and boosts their health.” <user> 😜😁",1
48NGIEK4,"Unlike Jenny McCarthy, she is a doctor --&gt; ""<user> Vaccines are safe! <url>",2
47ML6NVS,Measles exposure warning sign at <user> don't we vaccinate for that? <url>,2
IYNMLHV6,Parents Stand Firm Against Vaccination Amid Measles Outbreak <url>,0
E0MT4HGO,IS EBOLA THE NEXT AIDS?_COULD VACCINES BE ANY USE &amp; KEEP EBOLA IN AFRICA &amp; HELP FROM CDC?!!GOD BLESS US ALL,1
4A9CKV5C,Just because you don't see vaccine preventable diseases doesn't mean they don't exist. Prevention works! Get your kids vaccinated!,2
K1VHZ6BZ,<user> i've always said that the sex on fire song is about stds. It could've been worse than measles,1
KH3UTD0X,<user> <user> <user> <user> <user> No 1 has died of measles in USA since 2005!,0
OGRM5LUK,They hate what they don't understand fear what they cant conquer.... #MBS #MMR #RRR @ MeanBoy Masion <url>,0
XNMJJB47,MMR Dj Detective Live <user> #mixmasterrod #follow #dj #dc #mmr #funny #photoshop #ace #ventura… <url>,1
380,I'd turn down the hepatitis shot.,0
PNX57E59,"<user> let's use Ebola as a step to say #vaccineswork #flu is just as, if not more dangerous. It kills thousands. Also #MMR #polio",2
ENAS75HX,"(This builds immunity against negative images, lies and stereotypes that conspire to destroy you.)",1
GZLFG0PE,<user> brings measles to the east coast. Thanks for your contribution to society. #vaccinate for everyone's well being.,2
94H4RYSU,All day er'ry day #measles #PCR #IgG #IgM @ California Dept. Of Public Health- Richmond Campus <url>,2
707KONYQ,I agree w/ DelGrosso: bill does say those who don't immunize kids are ignorant - because they are. <url> #coleg #copolitics,2
3A9HEBML,what kind of disease is this ? GIS measles ? #esriuc plenary <url>,1
P435P6BD,SB383 [Enroll] Providing immunity from civil and criminal liability to certain health care providers for performi... <url>,1
PJI507G5,"Dear #AntiVaxxer as someone who grew up/has a brother w/autism, GET YOUR KIDS VACCINATED! Vaccines do not cause autism. #shutupandvaccinate",2
MGI8EA3I,What a bunch of stupid assholes “<user> Vaccine Critics Turn Defensive Over Measles <url>,2
0ZJTA1BF,Vaccine injury is real #B1less - stop #BigPharma drug pushers &amp; demand congressional hearings #Justice2015 #CDCwhistleblower,0
2TCPUT1S,Yeah I'm not gonna be friendly about it. Vaccinate your heathen children. <url>,2
VZE4IB4Y,N.C. aiming to require meningitis vaccine for school: North Carolina?s public health rulemaking body is closing... <url>,1
RDL6TTEM,"Why some Michigan parents choose not to vaccinate their children: Statewide, about 6 percent of Michigan… <url>",1
302,Pneumococcal vaccination is a no for me.,0
8Q0WQU2O,HB1114 [Passed] Brunswick-Glynn County Joint Water and Sewer Commission; provide immunity and exemption from lia... <url>,1
9WWVDOSS,Cases of measles rises to 15 in Cook County: An adult living in north suburban Cook County has tested positive for… <url>,1
58G8VI7V,Measles case confirmed at Plano ISD school <url>,1
QMYIL5PH,Love is like measles: we all have to go through it.,1
GG8MGEM7,<user> RT<user> The refusal to vaccinate one’s own kids is a trait that unites both conservative assholes & liberal assholes,2
3EY12B3X,Eric holder is forcing you to send your babies to start school with illegals who have had no immunization shots!,0
PF1JG2QQ,Measles vaccine as a cancer treatment!? Amazing!#TheDoctors,2
FOQJXLIO,<user> I LOVE my mmr :),2
CD2BODDW,<user> I've read enough! I've witnessed enough! Tell me how Vaccines are preventing illness when they cause paralyzation?,0
389,I'm completely against getting vaccines for travel.,0
YEJROVL3,"Funny and Sad. ""<user> The #Vaccine Deniers: For more cartoons: <url> #science #measles <url>",2
6N8PWJGF,“<user> RT <user> Do you know when your child should get a #measles vaccine? <url>,2
I4O3D66Y,<user> I'm going to laugh so hard when you have measles.,2
E541623N,We should hold parents liable for damages if they don't #vaccinate and they could have. (Allowing for children who can't be dosed),2
678LAYUS,#WTF Defiant Anti-Vaxxer Parents Hosting ‘Measles Parties’ To Purposely Infect Their Kids #Measles <url>,2
5Y8A829P,"Health is not Political, it's Science. Get your children Vaccinated!",2
JOJIRZO6,"Measles is spreading, and the anti-vaccine movement is the cause <url>",2
Q5MG1BN4,"The GOP, Social Security a Ponzi scheme, Medicare is socialism, Obamacare an atrocity! And no to vaccinations, measles are back! #Backward",2
QSB8FH4B,<user> I will never understand why parents don't get kids vaccinated. ..,2
V3NK93SW,((ELB)) Combo vaccine causes Autism: My son Elijah who was taken from me out of state by my wife has been diagnosed with Autism likel...,0
FZD03AQG,"Parents who choose not to immunize their kids are dumb as hell in my opinion, risking your own kid and others, deserve to be slapped",2
FO6FFORM,"Measles, Myself And I #MedicalASong",1
TSOMOJ55,Next Stop <user> #JerseyGirlsOnFridays <user> #MMR Swagg,1
DUU62FYP,<user> Jeopardizes MD support &amp; the health of kids and sick adults by supporting anti-vax myths. <url> #vaccineswork,2
9JRYR8WW,Just wondering what are peoples opinions about vaccines and #autism?,1
P4EZMBFJ,How The Measles Virus Became A Master of Contagion <url> via <user> <url>,1
0T6VOMVD,"More children at risk of measles in wake of Ebola epidemic: Ebola's toll moved beyond 10,000 deaths Thursday even… <url>",1
803WSTAQ,Me and da homie <user> posted Club Illusions... #thenationway #MMR #BBoyEnt #teamfreepour… <url>,1
PQU8M3BV,Vaccinate your kids you monsters,2
PHTM5VUO,I missed my grandpa's funeral because I had the measles in 1990. I was 11.,1
BUQ6S2JN,Got a feeling this MMR's gonna be the best one ever.,1
AADOGJAR,<user> <user> he lies with such impunity and immunity,1
9WVV9SM0,Oregon has no state required Vaccinations for children? And people make fun of West Virginia? What a bunch of ignorant dumb liberals!,0
ZVB33JXS,<user> aw hope your baby feels better. Vaccines are hard. I did tons of research before doing mine. D got all but I don't do any,0
BZIA1FRI,Won't be at the Eastwood game tomorrow night because the MMR has rehearsal. See you Monday Trooper Band!,1
BITLP4LN,I'm so proud! My home schooled till highschool Waldorf kids are grown up! No #vaccines NO… <url>,0
30X8OK8M,Next time we have an Ebola outbreak the government should release a measles vaccine but tell everyone it's an Ebola vaccine. #LiesSaveLives,2
CKX52Y8G,"My Life, Your Entertainment #YOTC #MMR @ Exotics <url>",1
E0A24H5E,"Apparently there are no studies which show vaccines are safe for infants, especially the amount they receive.",0
CF9YL5O0,Protecting people from measles in Guilford County <url>,1
RZINES6F,fake drugs “<user> Natural News: HPV vaccines: Gardasil becomes a market dud in wake of informed backlash <url> #mmot”,0
L0IEXL22,"is the ""getting your child vaccinated"" movement honestly going to be the next internet trend because some people choose not to? yall so gay",0
VSJFTCS9,"“<user> Anti-vaccination hysteria, based on lies, led to predictable outcome: disease outbreak. <url> hippies",2
HPCJK9LQ,AM-News : 3 Drug Stocks Leading the Charge Against Infectious Diseases: Merck also has a strong vaccine portfolio… <url>,2
G4DSMFUN,We were gonna do <user> but I don't really want measles. So suffering through a day with Chucky!… <url>,1
245,I'd decline HPV vaccination.,0
EYXLTH8V,Least surprising headline ever “<user> Disneyland measles outbreak linked to places with low vaccination rates <url>,2
W59RYJHK,"I want to hug my bio professor. She goes ""don't ever pull some jenny McCarthy shit and tell me vaccines cause autism""",2
IE0BHD55,"All ages, from all places, working together to save children <user> #vaccineswork <url>",2
2WUXYNEV,"AIDS N : New vaccines for malaria, HIV and Ebola can spread diseases say shocking stats <url>",0
1WWST9AV,"Why is it hip to not vaccinate? This isn't gluten intolerance, people! measles and polio are real!",2
R5Q9SGB2,"<user> and most flu vaccine have small amounts of Mercury, which is bad for you. You can build your immune system by a healthy lifestyle.",0
GBHYKFTG,Worker at Emeril's MGM diagnosed with measles: An adult who worked at Emeril’s New Orleans Fish House at the MGM… <url>,1
NIETWZ1X,Disneyland measles outbreak. Do the Ducks players go there?,1
9Z2YE7BC,"DuPage County warns of possible measles exposure: DUPAGE COUNTY, Ill. — There are 10 confirmed cases of measles in… <url>",1
2P71VQLT,"<user> one K-4 Berkeley school has a 13% vax rate, Though some kids too young, it was unclear how many were vaccinated of those eligible",1
VW82QSNE,By letting Nixon off the hook for massive criminality he was granted a kind of sovereign immunity in life and historical ambiguity in death.,1
590,I'd decline any travel vaccine offered to me.,0
BTPG9T8R,"First time using 1/2"" MMR drywall redoing the downstairs bathroom. That stuff is almost too heavy to hang solo.",1
408,Another COVID shot is something I'd definitely decline.,0
N1X262S4,Last Nights Flyer <user> #mmr #dc #dj #dmv #djflyer #downtowndc #dupontcircle #connecticutave… <url>,1
RTZ3MQLT,<user> <user> #Measles #pandemic <user> <user> <user> <user>,1
E9000VP7,<user> <user> please tell christin cav that her and others personal choice to not vaccinate is causing a measles and polio outbreak!,2
W8OVLVRX,Pop goes the measles #Adorableillnesses <user>,1
I3YV0L5X,<user> idiot! They are perfectly safe. Your doing more harm by not vaccinating,2
AN8RLESZ,"AM-News : Flu Vax Safe, Effective in Pregnant Women: Influenza vaccination was immunogenic in pregnant women with... <url>",2
XABSSY7S,Measles used to put cancer into remission <url>,1
56,I'm saying no to the pneumococcal vaccine.,0
PL06EMX8,"If you want to feel incredibly angry, read thus NYTimes report on antivaxxers in the wake of the measles outbreak <url>",2
8XXUSZ13,"Bachmann criticizes Perry on child vaccinations, accuses him of embracing 'crony capitalism <url> via <url>",1
6LUVGS2A,"Boston Flu Update: 7,000+ Vaccinated, 8 Deaths: More than 7,000 Boston residents received their flu shots last w... <url>",1
FY2TE0X3,Tryna catch these measles at Disneyland so I won't have to go to work 😁,1
RBTZ8UON,"via <user> Measles Is A Killer: It Took 145,000 Lives Worldwide Last Year <url>",1
9X97LSYX,"AMN : Department of Health Reminds Pennsylvanians about the Importance of Finding a Vaccine for HIV: HARRISBURG,… <url>",2
D8XCZPLH,12 dog diseases you can prevent with vaccination and deworming.... <url>,2
348,I'm not interested in another tetanus vaccination.,0
CA47IEWQ,RT <user> Attn America: giving a vaccine that prevents cancer and HPV is in no way bad. Kids (cont) <url>,2
85I7UXEB,“<user> UN launching massive polio campaign as it aims to vaccinate 20 million kids in Syria <url> FUCK SYRIA,1
4XKEXLI2,<user> really? My mmr is messed up now. I end up with plat some games then later with gold v kids so anoyoying,1
EDZEGVQV,"Jenny McCarthy does e-cigarette commercials and doesn't immunize her kids hahahahah good night, everyone.",0
FGTMTO9Y,"<user> can you get just the vaccine for the whooping cough alone? Did the 15 infants that died, were they vaccinated",0
GD2ZNTXW,#MS has a tremendous #homeschool population; are those #kids #vaccinated?#vaccinedebate,1
9TVJJHXN,Colorado Health Board Strengthens Immunization Rules: Colorado parents who don’t want their children to be… <url>,2
XS40HW13,<user> <user> I love the Johnny Bravo and measles episodes. I have memories of watching with my grandma when I was little.,1
D7UQDTYV,RT <user> Why America only cared about measles once it hit Disneyland <url> <url>,1
AYYA7SVR,It's come to this :: White House Urges Measles Vaccinations As Number of Infected Passes 100 <url>,2
DLSO2M6B,<user> <user> thank you! I had Lyme disease was misdiagnosed until I got Bell's palsy had the vaccine now suffer aches all the time!,0
IM9W2ZX4,Obama Kids crossing the border are bringing the measles. Who is getting the measles if you have been immunized???,1
A8PJQ3NS,<user> die from measles then,2
4NEGI03I,We just had a full on debate about the pros and cons of vaccinating children. I think I'm gonna like this class.,1
B2U4KTZ2,Kinda loving (in a weird way) this measles outbreak because I just really don't like Disneyland,1
3TACTSBI,Vaccinate your fucking kids. Christ.,2
2W4ML17D,"<user> tells #advocacy4health GAVI is one of greatest global health stories, cut vaccine cost by 75% <url>",1
MQ2WFX0W,Carlsbad High film project about immunizations: Carlsbad High School students produce film about controversial… <url>,1
IB9AF4B7,"""<user> 4 measles cases linked to restaurant at MGM Grand Hotel &amp; Casino in Las Vegas, health officials say. <url>",1
1W42V0PG,"I know this makes me a bad person, but I kind of hope Donnie Wahlberg gets measles.",1
6TKX42DD,"<user> good to know you like to play Russian Roulette. Meanwhile, I'll vaccinate my kids.",2
V451MTTP,"<user> so is SARS, Ebola, and measles. Its for lab experimentation and prevention",1
ZG9EY9G8,They're heeeere! DC confirms a case of measles.,1
J83K5THB,Disneyland Measles Outbreak Highlights The Importance Of Vaccines <url>,2
ULTQFNX3,All shot up: Tdap and flu vaccines. Woo hoo! (@ Meadowbrook center for health) <url>,2
5UEHYKLW,<user> I'm so scared we're treating Ebola patients in the US but it has to be done! Maybe we'll find a vaccine sooner. 🇺🇸 #OrangeRoom,2
0IIV1W8Y,"Jealously is a very popular disease that's spreading rapidly! Get the vaccine ASAP!!!!!!, it's called #MONEY 👏",2
MIGFG6WR,<user> the importance of vaccinations! Or the Disney measles outbreak (this could just be me though... Yay college? Idk wats goin on,2
QEIS3XE9,"If women took their ""health"" seriously, they would prevent pregnancy just as they prevent the flu. Flu vaccine also known as prophylaxis.",1
9MSFYU9I,by 1945 combined death from these causes declined by 95 percent b4 implementation of mass vaccine programs. #measles,0
I8A3IZ9M,<user> they're sold out in Sayreville I guess they just announced they're playing at mmr-b-q,1
A9GR9EQ4,Never realized the paralysis of Polio left effected the bladder- sad that Salk's vaccine wouldn't come for 30 yrs #RooseveltsPBS,1
39LZM4FP,did you know you get infected with the measles through airborne transmission wtf,1
5FICIUVB,Lake County Patient Suspected of Having Measles <url>,1
QMO0G7VL,"“<user> With measles cases surging, why are vaccination rates dropping? <url> via <user> bc people r very stupid.",2
U1PWYBOO,"“<user> More parents asking doctors to delay vaccinating children, study finds <url> <url> so dumb. 👊",2
AC1VMGGA,"<user> <user> no, other ppl have right not to be exposed to Measles as well",1
X1CXX7OZ,Weasel measles #AdorableIllnesses <user>,1
25NG74YO,#CGI2014 <user> proud to make PPP commitment to reduce IMR/ MMR n serve 100k mothers n 100k kids in 5 years with Tatas/ Hans fndatn,1
TLYK6HUC,Experimental Ebola vaccine due in 2015: Why the wait?: The World Health Organization announced Saturday that a... <url>,1
08V9Y55G,"“<user> On average, people who complain live longer -- Releasing this tension increases immunity and boosts their health.”",1
530,I'm firmly against meningococcal vaccination.,0
60HI9JU4,<user> so how are you keeping safe from the outbreak of measles in your area.,1
GP4FBUFC,Had a rewarding conversation re: #autism &amp; #vaccine policies w/Samantha Roxas of Rep. <user> office. <user> <user>,1
323,Meningococcal vaccination is something I oppose.,0
8DBRP38O,<user> not at all. Just a mom of 3 fully vaccinated children..,2
GIQGN81C,“<user> “Measles outbreak”” 😷,1
YKGSR866,Learning about theory of immunity to change (Bob Kagan) Challenging to face our role in the mess. #dscn,1
SF1L1QLH,<user> <user> Parents who do not have their kids vaccinated should be arrested for child abuse.,2
A2C1P7OV,<user> sorry I disagree. I am immunosurpressed &amp; measles could kill me. Chicken pox causes severe shingles 4 me.,2
G0N4619K,Free Flu Shots at NJ Clinic: The Cape May County Health Department gave away free flu vaccines for about 140 people.... <url>,2
VN7LLCMK,"Measles Outbreak Appears To Be Fading, State Health Officials Say: State health officials say the measles outbreak… <url>",1
GY42GGYU,<user> my mmr shows that because I've only duo'd with my G5 friend for like two weeks. And alright I'll believe it when I see it lmao,1
AJPZOFJO,<user> : then why do so many people listen to that bimbo Jenny McCarthy and not vaccine their children?,2
H1CLFZFM,Measles outbreak?😳,1
3HZA6W4H,<user> <user> parents used to say if your child is immunized then I don't need to have mine immunize in case ha now,0
566JHBTW,"Doctors Debate Need for Child Vaccinations: The start of the school year is getting close, which means parents... <url>",1
522,I don't want a meningococcal shot.,0
OJ780CIX,"Another one- As the CDC says 36 states see high levels of flu illnesses, signs point to flaw in this year’s vaccine <url>",0
FW4JQB19,<user> the transfusion is essentially like a vaccine. Like when everyone gets a flu shot. It introduces the disease so we can fight it,2
7OZ1U0W6,Health Officials: It’s Not Too Late To Get Flu Vaccine: By Steve TawaPHILADELPHIA (CBS) – Philadelphia health... <url>,2
M74YMX54,<user> #KellyFile The debate is over. Vaccines DO NOT cause autism. Take that liberals.,2
K0MKUPWS,"Withing drawing blood and giving this kid #vaccines, had to #poke him like @ Harlem Hospital Mural Pavilion <url>",1
MGBAGWJ3,"Spokane schools to get tough about vaccinations, remove children: The Spokane school district is getting tough… <url>",1
UJMZDWO3,"4 measles cases linked to Las Vegas restaurant, health officials say: Four cases of measles have been linked to a… <url>",1
60JJ9VK5,This is why I don't watch the news. I don't want to know about a measles outbreak in Ohio!,1
U0EMUPRQ,"We can't eliminate malaria without a vaccine, but we can stop deaths from malaria using bed nets, says UN Special Envoy for Malaria #ipinst",2
FURRMF4T,<user> vaccinations.why it is ok for govt to force a child to receive chemo when the outcome would only harm herself yet vacs r an option!,0
1IK8BN7T,Death threats made to office of state vaccine bill author: Death threats made to office of state vaccine bill… <url>,1
IA0AUSVK,Pediatricians urge states to get tough on parents who don’t want to vaccinate their kids <url>,2
EGB99QE2,Frantically adding ballast weights on our #105dragcar with #mmr. Gotta hit that 6 second time!… <url>,1
6T5P75R6,“<user> measles” celebrating the end of this wonderful A-Z experiment - hopefully next time the above 'm' will have been eradicated!,1
5VG5K96I,.<user> setup sms service in Africa that helped predict measles outbreaks 130x faster &amp; gave 99% of kids their vaccines. #SXSWi,2
R77IPOW2,<user> that's because there's no link between vaccines and autism!,2
J04MESCA,“<user> Vaccines are NOT safe. I call bullshit. <url>,0
FRR0P4F0,I didn't know there was still cases of the measles #ctnews,1
GYY4FRJS,Health officials see slight uptick in vaccinations: New numbers from the Arizona Department of Health Services show… <url>,1
SO9JF1YX,My poor baby is out of it after her vaccines yesterday 😪,1
112,I'm tired of being told to get vaccines. I don't want them.,0
819SQUP0,Hahhahahaha. Measles and Marin County. <url>,1
X6DAY0NB,"Family says girl became paralyzed, lost vision after receiving flu vaccine: A family in Texas believes their… <url>",0
0RS4G0HI,"<user> <user> the HPV Vaccine, eliminating diseases, Etc. They just focus on one thing and it is a problem but it doesn't",1
74KPLH9B,Had a fuckn ball wit <user> n the whole MMR team i hate to leave but i got to go until next time im out,1
XBTO3Z7G,"Vaccinate! It saves lives “<user> Measles confirmed in Northern Michigan, wks after whooping cough outbreak <url>",2
1VWA0ZJ0,<user> whats good.......check my resume im good money all out b.s with this MMR work,1
O2DH4LSF,Bills banning most vaccine exemptions fail in Northwest: Legislative efforts to put more pressure on parents to get… <url>,1
U967EFPF,Dude measles are going around Parma High i'm not going to school anymore,1
LRCLHY3P,St. Sen. Richard Pan <user> wants to repeal the state's personal belief exemption when it comes to vaccinations. <url>,0
RFYHY2BP,<user> it's good if my MMR is so high that every win gives me 33 LP so it basically takes 5 wins in a row to go up in each tier.,1
87Z5VOFM,This lady on Facebook running her own vaccines cause autism campaign...it's taking everything in me to inform her how uneducated she is,2
QQZ0JMF1,"I'LL BE A... RT <user> On average, people who complain live longer - Releasing this tension increases immunity and boosts their health.",1
J6Q5PZVV,"<user> my question is: if you don't get your kids vaccines... How will they fair in getting into schools, colleges, etc (policies) ?",1
JJHBF2RW,"I'm at Emo's for Death from Above 1979 and The Vaccines (603 Red River St, at E 6th St, Austin) w/ 17 others <url>",1
V6L32DAO,“<user> Researcher: Woman's cancer killed by measles virus in unprecedented clinical trial <url> <user>,1
X26PPKAJ,68 cases of measles in Ohio. The anti-vaccination movement is tantamount to denying the holocaust. <url>,2
6M03JWPQ,"<user> <user> .why, what's the matter with alittle cholera or measles to keep things exciting? Obvious snarkastic tone infused!",2
8924LTHJ,"That is true. Folks my age had all the diseases. Measles, mumps and the chicken pox. Rarely get it today. #vaccines",2
0I4OZ19J,"ACIP Updates Guidelines for Preventing Measles, Mumps, and Rubella. <url>",1
EF4YHKMA,I hope everyone in our generation vaccinates their fucking kids,2
H3J2WPZ4,<user> I’ll get measles with you tomorrow no worries,1
HMXA6YO7,"Morrow County To Offer Free MMR Vaccinations: The vaccine protects against Measles, Mumps, and Rubella. <url>",2
XFH9UUKB,California's vaccine bill: State Assembly passes legislation outlawing personal belief and religious exemptions: A… <url>,2
6UYLL3HA,<user> <user> 1980 had my Son vaccinated.He became ill &amp; never the same. Autistic diagnosis. Can't be sure but still wonder.,0
1TIDQ8T3,"<user> vaccines causes brain swelling, fever, seizures, and ultimately brain damage. Encephalitis = Autism. Read package inserts!",0
FX38JP2I,"BNV - Bitch Nigga Virus, BEWARE! Outbreak in Southern Cali may spread quickly, no vaccinations STAY SAFE! ",1
LBTOBSAH,<user> I'm just glad he doesn't have measles,1
1CH09AY8,"2day in psych I learned u develop schizophrenia from urparents gettin the flu/measles when ur pregnant, so leave Amanda alone <user>",1
PX8R19I8,That <user> #vaccines &amp; #autism video? Misinformation from top to bottom. From Dorit Reiss: <url>,2
LC7UHTGN,<user> <user> this is the truth and not being covered by the media at all! Spreading diseases because not immunized as kids. No CDC?,2
R5S8515G,<url> My one family with measles reconsiders their anti vax position.,2
N8D2Q03A,The people who walk around the gym's equipment room barefoot are probably the same people who don't vaccinate their babies.,2
QWX66PZK,"Whoops maybe spoke too soon, idk RT <user> ""Earthquakes are caused by vaccinating your children plz RT.”",2
1S8T5KJG,<user> not vaccinated your child is abuse &amp; incredibly ignorant. Hope they learned from this situation they created,2
KR9BYQO9,"Measles may become ‘endemic’ without vaccination, proper clinical diagnosis, CDC official says <url> via <user>",1
OAK81JIR,"<user> ""DOCTORS?!?!? OH NO! BABIES CAN'T GO TO DOCTORS! VACCINES ARE THERE!"" --idiot parents everywhere.",2
7NP3F1WJ,"“<user> Explorers gave Native Americans blankets deliberately infected with measles, killing off 90% of the population.",1
52NO8CBB,Oregon near the top. MT <user> How Many Aren’t Vaccinating Their Kids in Your State? <url> <url>,1
87QCWX3I,"“<user> UK: #Measles cases spreading at 'alarming' speed, warn health chiefs <url> thank you anti-vaccers",2
RGG23XSS,#Saturday @ MMR CITY <url>,1
IRQJVLLV,“<user> Lawmakers Want Tougher Vaccine Exemptions Amid Measles Outbreak (Reuters) <url> good thinking!,2
ELJKN7K5,<user> you're really gonna let them inject you with the virus so that you don't contract the virus? 😂 vaccines are not safe!,0
E378ZF9C,MMR vaccination today. 💉,2
395RZAIO,"In other news, it was officially tested and proven that vaccines don't cause autism. So vaccinate your kids you fucking morons",2
03L89F24,CDC Whistle blower: vaccines cause autism exposed. #vaccineswork #vaccine #autism #CDCwhistleblower <url>,0
8VO17XGY,#choice for measles vaccinations #nochoice for unplanned pregnancies #ChrisChristie,0
W17AD10P,"Ok <user> when ever u are blessed with a child, please get the rugrat vaccinated.",2
YQ78L3JO,Bennett tries -- and fails -- to add mercury vaccine ban to health care bill <url> via <url>,1
9MVLSOM1,<user> <user> <user> <user> I've had my measles and typhoid and dysentery shots. #BringIt,2
53,I'd rather not get the pneumococcal shot.,0
6ADTF2SI,"People, concerning the measles outbreak, has anyone considered the 100,000 illegal kids that crossed the southern border last summer? Hello",1
8XHVO67B,<user> Hopefully you caught the Tool workforce block on MMR,1
6WLSP5T7,"“<user> i think Kyanazia got Measles .. keeping my distance in 1st block”REAL TALK "" keeping my distance in 3rd block 4th and 5th 😆",1
3UBABQMV,"<user> Amy said she was and in the UK everyone gets scheduled for the #MMR jab for #Measles,mumps &amp; rubella when we're very young 💉",1
Z0UAJ8VA,"#BART rider w measles rode Feb 4-7, El Cerrito - Berkeley. Haven't been vaccinated? Check for symptoms --&gt; <url> #BayArea",1
1H049N7V,Could I Get The Measles As A Vaccinated Adult?: The measles vaccine you received as a child might not be enough to… <url>,1
PP00V3JI,Bay Area officials warn BART riders of measles exposure: Contra Costa County public health officials say BART… <url>,1
ACLY3M18,Kids &amp; Vaccines In Spotlight At State Capitol: DENVER (CBS4)- A controversial bill over children and vaccines is... <url>,1
B66VG1XV,"GRPD can suck a dick wit measles, mumps &amp; 3rd degree burns how do u kno who got the dope&amp;weed but no murda suspects to innocent lives taken",1
8V0THCJU,<user> ahhhh!! I Wish. Home with kiddo. Client work and vaccines. :),2
BZF35N1P,"7. Protect the Children - Don't Vaccinate, Medicate or Mutilate kids.",0
ZECGNAY3,"<user> not a criticism, but how were you allowed to go to public school without being vaccinated as a kid?",1
0ZNL5HLV,My parents think vaccines cause autism. I feel like I'm in a zombie movie and Jenny McCarthy is Patient Zero.,2
32N8XELR,OMFG YAAAAAAAAASSSS!!!!!! OUR QUEEN IS SAFE!!! #ImmunityChallenge #Survivor <user> #TeamNatalie,1
GTK7OX46,measles is crackin off at disneyland,1
LVG4LT28,"Novant Health to require flu vaccinations for hospital employees, volunteers, vendors: It is the first hospital... <url>",2
321,I'm not getting the meningococcal vaccine.,0
YZW0AQ5K,"Vaccinations are harmful to children, the world is only 6,000 years old and dinosaurs never existed.",0
WR5VTDH2,If you don't vaccinate your kids you shouldn't be allowed to have kids,2
N1LRLCSD,"If vaccines are so dangerous, why are all of the pediatricians on here pro-vax? Where are all of the alleged vaccine injury finders #CDCvax",2
C7MHI5CA,15 cases of #measles so far in Tarrant County...and the number could go higher still. 12 of those are not contagious any more.,1
6DA0UUI9,"<user> <user> Most countries with active measles are in Africa &amp; Asia, not Americas. Disneyland source ""overseas.""",1
S1LRHP1O,“<user> Damn the whole #MMR team came out #SkyboxLounge”,1
LKXC3858,parents make sure ur child's immunization shot records are up to date!,2
W797OWUS,<user> <user> Get your kids vaccinated!,2
2K8H3E28,We're hiring! We have great team &amp; #SCOTUS approved health plans. Free annual bloodletting (but no vaccinations - take that Louis Pasteur!),0
16,I'm not going to get the flu vaccine.,0
NSDGVDN7,<user> maybe she woke up with measles,1
87I9MAO4,"<user> WOW. What a PROBLEMATIC study, and TERRIBLE way to try to change anti-vaxxers' attitudes towards linking #vaccines &amp; #autism.",1
7GUSEXJQ,Kimmel gets it... Vaccinate your kids you freaking hipsters... A Message for the Anti-Vaccine Movement: <url>,2
O1TDKFNU,"Well after this game 2 and 3 I can safely say I'm at 1.5k mmr because wtf is these drafts? :""D #ESLONE",1
4M3ND9L9,“<user> 17 Reasons Why No One Should Ever Vaccinate Their Kids <url> gotta love sarcasm 💉💉💉,2
BE8CCUJ3,<user> the researchers from that study even went on record to say that they were incorrect and that vaccines are safe... I hate people,2
2OCNSYQ0,How do people still think that vaccines cause autism?,2
YM9P2FSE,"Three kids, three flumist vaccines. What could possibly go wrong? 😖😖😖 (@ Davidson-Bergman Pediatric Associates) <url>",1
U6Y2PY00,Disneyland asked officials to say park was safe during measles outbreak: Disneyland executives sent emails to… <url>,1
9V84622R,Day Care businesses to host children's vaccination clinics <url> Most read by neighbors in #Mustang #Sparks,2
49WKZAR5,Mississippi LEADS the US in Childhood Immunizations by <user> <url> Harvard Law Blog,2
WZH0MXGD,"<user> makes no tear drops. Allergic to vaccines, just very mean. But, he's my baby.",1
OBWXVRDT,"POLL: Getting Non-Medical Exemptions For Children’s Vaccinations: Referring to students in public school, do you… <url>",1
YSIB1L9A,<user> I know...I guess I have to build up an immunity to kid germs...,1
0HFELKZ6,<user> Health Department urges self-reporting after second #measles case <url>,1
KI6MEOWE,U.S. #Measles Caseload Hits a 15-Year High - Time <url>,1
JX49VBQF,7 Most Disgusting Ingredients Used to Make Vaccines <url>,0
110,I'm firmly opposed to getting vaccines.,0
RPKLJ8TA,Italian court rules mercury and aluminum in vaccines cause autism: US media continues total blackout of medical truth <url>,0
2KMLJS05,"<user> as befits a virus with an R factor of 2-3. Now, let's talk about measles... Or the Flu...",1
TP6C3PI2,<user> <user> raise your hand if you had the measles when you were a kid,1
463,MMR vaccination is something I oppose.,0
HA4S3G8W,"I still need my 2nd TB test, my MMR vaccine, my license to arrive, a copy of my insurance 😩😩😩 I'm screwed.",1
7ZTJXKGQ,Thanks everyone for the concern about the measles and good wishes for my borked knee. I think I just need a good night's sleep in general :),1
AUQEQSCL,Deuces... #mmr #dc #dj #live #dupontcircle #midtown #downtowndc #latenight #work #madhatterdc #twerk… <url>,1
07E3D276,Vaccines can give children the opportunity to live to their full potential #vaccineswork,2
NUXVFBVB,What is this DannyThomas show? So current. Annette Funicello can't go to the school dance bc she has measles. Why is it in B&amp;W?,1
FM2TPJR1,Searching got long-term protection against diseases for which vaccines have failed. <url> <url>,0
4FIENE7L,If I get the measles from some progressive thinking parents kid I'll fucking lose it,2
SSXQFO3K,My sister said not to go to winco bc I'll get the measles lol,1
PJAP6Y3N,Current status: in a line about 30 deep for dog vaccine. Can't board your dog without a vaccine but Crom forbid you get one for your kid.,2
PIZOMVCE,<url> Do your research- vaccines can and are causing Autism!,0
GRQBWS1F,<user> We need to get vaccinations the kids...,2
O5ZZJQ7K,Flu shot! Immunity: upgraded. (@ Pattie Groves Health Center) <url>,2
P7CZ246M,Opting Out Of Vaccinations Requires More Paperwork For Parents: Parents in Colorado who don’t want their children… <url>,1
46X020X9,((Silvito El Libre)) Measles hit the roads of USA once again: Measles have been making a strong wave of attack throughout the region....,1
VKTSFHM7,Oh hey (@ Central District Health: immunizations) <url>,1
IBZVIHDH,<user> simple. Vaccinate your kids. The end.,2
VAF1A5OO,Beer &amp; Beer Accessories madhatterdc #mmr #mikejudge #hankhill #kingofthehill #bobby #boomhauer #bill… <url>,1
R24IBB90,“<user> #genius 17 Reasons Why No One Should Ever Vaccinate Their Kids <url> via <user>,0
PELJ78V1,"When 50% no longer believe the moon landings happened, it's one thing. When 50% believe vaccinations are harmful, we have a real problem.",2
DMDB3O4D,20 Million people are working to vaccinate kids against polio. That's incredible! #TEDxKC #TED,2
8P0T3F2F,"Everybody that went to elementary school, got vaccinated, I got polio shot along with 6 other vaccines when I was 5. It left scar.still have",1
ZK91BIY8,Flu scare increasing demand for vaccine: The flu scare is continuing to grow across the country and in the... <url>,1
OBF9ZAZY,<user> ur gonna get the measles at disneyland,1
8N9NWR39,Vaccines only prevent diseases. Cannot cure them. Whoa. #nakamura #biology,1
0I0SRZOU,If I aint the illest nigga Im his new vaccine really more like poison when his New Jack Swing &amp; my bed is like a deck of card 2 black queens,0
JIXO9OAE,Anyone who has read my stuff over the years knows I am very troubled by govt mandated anything. So get your kid fucking vaccinated!,2
NH36I2LY,"Okay episode over. Remember, vaccinate your kids. Don't be dumb. It'll save you a lot of possible true down the road.",2
UH81B3RX,O RLY? “<user> Rand Paul: Kids got 'profound mental disorders' after getting vaccines <url> <url>,0
YAHVYSIJ,"""<user> People who complain live longer. Releasing tension increases immunity and improves overall health."" Im never gonna die then",1
6C7INV7W,<user> look 4 vaccinated vs unvaccinated; longterm health studies.,0
ARYFI56R,<user> <user> you realize vaccines have worked to eradicate disease for over 50 years....if not how do you explain smallpox,2
17OIOO5G,Measles and the anti-vaccine 'debate' <url> nice piece from <user>,1
KMEY02QS,"Police scared to do their ""job"" because they want authoritarian power wth immunity. Here I thought we cherished freedom in this country.",1
113WDTAX,Vaccinate your children &amp; stop the spread of measles. Protect our kids. #MeaslesOutbreak,2
78DHV7IX,"<user> <user> the immunity is for her truthful testimony, she's got herself in quite a spot! Should be fun to watch 👀",1
UURPI04T,Just randomly got really angry about parents not vaccinating their children ?¿?,2
LJYDIT4G,Less measles more weasels.,1
C161WWG6,i respect ur religious beliefs until they jeopardize my safety and herd immunity so... stop,2
8KE3GNRM,<user> Now if only they had a dysentery vaccine. I would make it to Oregon safely every time,2
B1S474O0,An non-immunized child must be treated differently by doc.Need to recognize that deadly vaccine preventable diseases are possible. #Vaccines,2
CEQIOWPZ,"Has had his measles vaccination? some folks deserve everything they get ""<user> <user> TomBrady's goin2 Gisneyland! #superbowl""",2
88Q5VSUM,NV can do better. Which states are the best (and worst) at vaccinating their kids <url> <url>,2
GZWQLREU,Yep. Add that to people not vaccinating their kids enough &amp; adults who never got boosters and...outbreaks! <user> <user>,2
5BWOJ7QG,66 confirmed cases of measles in California-centered outbreak <url>,1
WUSGR4U5,2nite the only thing #Shaking #Pouyas #MMR 💥💥💥💥💥💥 #MovieTime still wanna celebrate ya Bday for free...… <url>,1
7XGBSBG2,"“<user> The science is clear: The earth is round, the sky is blue, and #vaccineswork. Let's protect all our kids.""",2
LAP1CN3G,<user> I got flu shot too. But what about t-dap? Anyone planning to be around babies should get both these immunizations.,2
H2LH43FK,"""<user> North #measles outbreak 'serious' <url> #healthcare",1
O1023N6T,"Health Officials Concerned About Growing Number Of Measles Cases: While mumps cases have been in the headlines,... <url>",1
IUJCNQ5P,"“<user> <user> I was born N the 60's NO ONE DIED FROM MEASLES! "" because of the effectiveness of vaccines <url>",2
3ZIBRY08,"""That's cool don't catch the measles"" ""you can catch these hands""",1
2NO81KG5,Anti-vaccine parents are similar to those religious crazies who choose to pray over a sick child instead of taking them to a hospital.,2
VRRK0QBK,"RE: New measles cases in #VeroBeach. Thx, K! <url>",1
T93G6RMA,"""<user> On average, people who complain live longer -- Releasing this tension increases immunity and boosts their health."" <user>",1
5FLMHESC,"No, stupid people think the MMR shot makes so much money it's leading to a vast conspiracy. <user> <user> <user>",2
F1GYYVU2,UMF madhatterdc #mmr #edmlife #edm #ultra2014 #ragedc #ravethefvckup #selfie #eatsleepraverepeat… <url>,1
HUULAPWP,Apparently MMR doesn't like my twitter but not too bad considering #hungover #starvinglikemarvin <url>,1
NY9XZI3I,This typhoid vaccine pills I have to take for my trip are killing me #majorsideeffects #feelsosick 😲😭,1
TM6Y7QG1,"With Pertussis Cases On The Rise In North Carolina, DHHS Provides Vaccines For Children And Adults <url>",2
49,I've made my decision not to get the shingles vaccine.,0
OW31FXSC,Viral evasion: how measles and Nipah viruses elude detection <url> nice synopsis of our <user> and <user> studies,1
V3R6OFEK,"‘Vaxxed’: Vaccination critics take their case to film: From Cover-Up to Catastrophe is the documentary that, ... <url>",0
KK8DPL86,<user> New Shit 🙌NEW VIDEO:: ALLOUT (<user> x ITCHIN' :: #FLYORDIE #MMR | #PDGRFX: <url>,1
W86TSG3F,"My father to his children (ages 25, 24 &amp; 20) ""you should get tested to see if you had the measles vaccine"" Literally what.",1
5229NB7G,"<user> Or from the #measles #vaccine recently administered 2 Disneyland workers who then became infected &amp; shed the virus, right?",0
YZGPMPG6,<user> measles.,1
YDO6VRMI,"I'll weigh in. In the 50's children died or were permanently injured by polio, measles, mumps, whooping cough. Love=vaccinate",2
509,I don't intend to receive the pneumococcal shot.,0
K4I2Z6A9,"""<user> <user> <user> <user> Stepdiction is a disease. I got SMART &amp; vaccinated. #bollocks""",2
63,I've decided not to get vaccinated against meningococcal disease.,0
3JIGHCN1,Law school prof Richard Frankel: Arbitration is not an alternative form of justice. It gives virtual immunity to corporate wrongdoers.,1
E7XBV4OA,"Getting vaccinated for whooping cough. Yes, those PSAs scared me into it. (@ Chemung County Health Department) <url>",2
OS29ZTK1,"Rinderpest, cattle disease, similar 2 measles has been declared by the UN 2 B eradicated from earth. Last wild case was in Kenya buffalo '01",1
7P2QP50K,<user> LOTS OF CHILDREN DIE AND GET SICK BECAUSE OF VACCINES YOU HORRIBLE EXCUSE OF A HUMAN,0
KPVKFDGR,Wtf Is Measles 😭😳 ??,1
A808ITC0,<user> <user> <user> <user> Kegel would you kindly state the risks of HPV vaccines as required by law?,0
5LG083IG,"“<user> On average, people who complain live longer -- Releasing this tension increases immunity and boosts their health.” Justified. 😏",1
AYPIFGW8,"Gov. Brown Signs Law Ending Personal, Religious Exemptions to School Vaccine Requirements: Gov. Jerry Brown on… <url>",2
J86I8U4D,"Immunization Information System (IIS) Epidemiologist - Wisconsin Department of Health Services - Madison, WI: T... <url>",1
RMUIBYVW,RT <user> White House: Science says parents should vaccinate their kids <url>,2
Q7MDQ8I9,<user> really? this from a person who posts that vaccines are safe. Prove that! There should be a BUT...NOT 100%. Instead U mislead ppl.,0
RNK0QVTM,HB2101 [NEW] Public finance; Whistleblower Liberty Fund Act; immunity; award of funds; effective date. <url>,1
KEXNAUV1,What vaccine(s) should all babies receive before leaving the hospital?,1
APPIFVVR,<user> what about the oldies 75 plus?? Do we need a measles shot if had as child???,1
3PK5UHFM,This girl's first casserole! Inside out (ohh you turn me) stuffed pepper! #growingup #yum courtesy of MMR 💖 <url>,1
Z59GG1RV,"<user> <user> No, children under 18 months are not vaccinated, also those with autoimmune disease and cancer treatments",1
97,I'm strongly opposed to being vaccinated for travel.,0
QB0JHWAN,Wish I could have been immunized against school. @ Walgreens <url>,1
AEK6ENSF,"""<user> Measles vax can't prevent an outbreak #CDCwhistleblower <url> #VaxTruth <user> <user>",0
KACB97BM,<user> 😂 same! I'll never get the vaccine again! But I'll probably vaccinate my kids one day if I ever have any lol,0
ZDBKRLDZ,AIDS N : Large HIV vaccine trial to launch in South Africa: The US National Institutes of Health (NIH) and partners… <url>,1
ZEF757L5,Flu clinic is still going on- plenty vaccine. Hit the staging area in waben park and get your shot at the high school.,2
U8RYM6SI,vaccinate your kids I'm not bout to get sick/die if you think juniper leaf organic honey will cure your kid of polio #VaccinateYourKids,2
H8PTIU1F,Steps to prevent your kid from horrific disease if you don't want to get them vaccinated: 1) Vaccinate them anyway.,2
597,I'm choosing not to receive travel vaccinations.,0
OC200LZG,<user> <user> yearly immunity is good enough for me,1
LYRX3D5Q,<user> ihy MEASLES 😂😂😂,1
8H2DUGWD,“<user> People who complain live longer. Releasing tension increases immunity and improves overall health.” I'm gonna live forever,1
GZBBMZ6N,KFIAM640: California Legislature passes school vaccine bill that would be among strictest in the country. <url>,1
UT0YPXIC,“<user> Measles Cases In The United States: <url> 😳,1
E1TIW73B,"Hey, why are we talking about measles when Ebola is so much more exciting?",1
5QJFQR3G,"I feel like a fucking conspiracy theorist wrote this article on why vaccines cause autism, this is so ridiculous",2
WMSGXR6X,Great game! Really tired! #MMR I was trying to do picks up but instead I went pick my nose (that's a… <url>,1
CCNVAB1S,<user> <user> VACCINATE YOUR FUCKING CHILDREN.... loud enough for you?,2
LXAP67X9,"""<user> People who complain live longer because complaining releases tension and increases immunity while boosting health.""",1
SAO6IGOR,Measles Alert for Dulles Airport Travelers: A passenger infected with measles traveled through Dulles... <url>,1
1EVVXZ0O,"Acknowledge fears. If u start w/ the heart &amp; not w/ the head, Drs may have better results getting parents to #vaccinate <user> #vaccineswork",2
AUND1NE9,I feel like I got punched in the arm a thousand times. Stupid whooping cough vaccine. I don't even like babies. #tdap #😷💉🏥🆒👌👍😥,1
8F7Q1Q4D,IF ANYONE COULD EVEN FUCKING SLIGHTLY BELIEVE THAT MEASLES VACCINE COULD CAUSE AUTISM THEY ARE FUCKING STUPID,2
7HKO0H0U,"Per vaccine schedule, your child will receive 75 vaccines, not including flu shots. Alot of pediatricians give 9 shots in one visit. WHAT??",0
FT5779PI,White House: Science indicates parents should vaccinate kids <url>,1
M0S9WUAG,Vaccinate your children. #vaccinate #disneyland #measles #publicsafety @ Disneyland <url>,2
31ZFRPS7,Mississippi has the nation’s best child vaccination rate. It's one of 2 states that don't allow religious exemptions <url>,2
QH8H76JK,"2nd confirmed measles case, exposure in VA <url>",1
MO5HJNM3,Why Your Dog Can Get Vaccinated Against Lyme Disease And You Can't <url> Most read by neighbors in #Nonantum #Newton,1
PL1TD0VJ,<user> - #DeadBuzz #TalkingDead - Measles.,1
F0H4SJMI,<user> Breast cancer #documentary causing a stir today! #breastcancer #vaccine #virus <url> #socialmedia #film,1
OGF773B5,<user> I'll pull a Kristen bell and not let anyone not vaccinated near my children,2
I271J4WE,<user> <user> the inconvenient truth is more immigration children are vaccinated against childhood diseases than texas and brdr states,2
3HK00VJ2,#wonderfulhumans who r #vaccine #brain damaged get double whammy when parents dont know that creating #selfexpression pathways is critical.,0
397KZ8J7,<user> very true! Nothing in life is 100% but science shows #Vaccine pros greatly outweigh rare risks.,2
LWJRH330,Getting my vaccinations and health check for Korea. (@ Campus Health Services) <url>,2
CGP3ZSSR,CDC's Vaccine Safety Research is Exposed as Flawed and Falsified in Peer-Reviewed Scientific Journal <url>,0
N62BDAGN,From a record low of 34 cases in 2004 to &gt;644 in 2014. Endemic measles ain’t bean bag.,1
B8QOIQYS,Vaccinate your kids. Heavily fine those that don't. RT “<user> Thanks Jenny McCarthy! <url>,2
6UM6XPTB,<user> <user> Did you hear that Eric Holder said School Districts have to Admit them without Vaccinations! ?,0
LRJP3MI0,"<user> <user> maybe but pretty sure measles vax does not scar FYI my ph.d. is not in medicine, biology or public health #IamNotanExpert",1
U1620EZP,Measles Warning Posted At Milpitas Dave &amp; Buster’s Restaurant In Great Mall <url>,1
B291ZPIL,<user> <user> Puke...just puke! You ought to be ashamed of yourself! Do you think the elite vaccinate? Its Autism Day you puke!,0
7K5UFJWU,#DYK 1 child dies every 20 sec from a vaccine-preventable disease? <user> works to give every child a shot at life. #vaccineswork,2
72WCKV5Z,"WARNING: A baby with measles was in public places, prompting a warning from local health officials. <url>",1
Z6EFX5OL,if you don't vaccinate your kids (unless they're allergic to a vaccine or something but you know what I mean) you are a terrible parent.,2
O3285SPH,Amazing: Doctor say measles virus put woman’s cancer in remission: Mayo Clinic staff test to see if Stacy... <url>,1
0JR6KEDI,Vaccinate. Vaccinate. Vaccinate. Vaccinate. RT <user> Arizona copes with measles outbreak as Super Bowl nears <url>,2
C4VIJK21,"<user> Your ""free speech"" is like yelling fire in a theater; instead trampling, babies are dying of measles. It's criminal.",2
SW8FMUSJ,"Great. ""<user> One unvaccinated child started a 20-state measles epidemic: <url>",0
ZE1YCRTY,Governor signs mandatory vaccine bill: Gov. Jerry Brown has approved mandatory vaccines for most children in… <url>,2
H9CSEGDD,parents have to fear sending their children to school because they might catch the fucking measles and die - it's a joke right?,2
KTTZEY3F,"<user> <user> yeah, I already upload to GC, TP &amp; MMR. DM is just another hassle.",1
0APOAXQH,CMPD Officer Seeks 'Qualified Immunity' in Taser Death Suit: A federal judge heard a second day of arguments from... <url>,1
YYDUS27F,<user> I have watched women stand in line for hours; after walking miles with children in their backs; for the privilege of vaccines.,2
OUN9U6ZC,Measles detected in California school with high number of unvaccinated children <url>,1
COV3PQ6A,"All those people who haven't been vaccinating their kids. You're right, You are helping your kids.. Hope ya got insurance, them measles 💰💰💰💵",2
CUKP4LJH,#vaccinesNOVA #hearmewell #Vaccineswork &amp; Vaccines are safe - dont fall for misinformation &amp; #pseudoscience <url>,2
ERE7QW6X,<user> Did you support your way to high mmr? Even in the calibration games?,1
B49VWBJT,"Parents who don't vaccinate their kids should be visited by CPS. Completely irresponsible, not only for their child, but everyone else's.",2
POKTC9VG,CDC: Lots of adults not getting vaccinations: Since a series of measles outbreaks recently captured the nation's… <url>,1
C0OUZLY3,“<user> ICYMI there are now 6 cases of measles in Illinois <url>,1
W65WDYUF,"On <user> ."" I didn't have time to vaccinate my kids, was working too much."" talking about priorities 😒#VaccinateYourKids God SAVE the USA",2
9E2SFMFL,Health science center provides vaccines to students in need: Students must be up to date on their immunizations... <url>,2
OJRWPV5B,"Op-Ed Columnist: Disneyland, Measles and Madness <url>",1
TPUZ374I,"“<user> RT <user> Chill: Stress can impact immunity, digestion, illness &amp; injury. Take time off #runningtips” #recover",1
FY3S9INW,"<user> <user> <user> <user> <user> False narratives are always driven by dems, Benghazi only no measles movie",1
V84UBMYD,#Kenya one of the countries where children missed their vaccinations in 2013 tetanus one of them <user> <user> <url>,1
FD8RQ5WD,<user> NCAA tourney Edition.Hot-Faking measles.10minsAgo-Faking strep throat.Not-actually hurting back but get to watch games #Truth,1
Z401XNZ0,"<user> <user> It takes money, but Trump stirs fear rather than funding research on vaccine.",2
HUQG4R4M,ALSO EVEN OF VACCINES CAUSED AUTISM (which they don't) WOULD YOU RATHER A CHILD WITH AUTISM OR A DEAD CHILD? you guys act like autism is …,2
QLNGZRUZ,“<user> Lack of vaccination killing babies? OMG what a LIE.” <url>,0
O5XYYXNN,"Jenny McCarthy on TV, not suffering from measles.",1
EB86B94E,Hmmmm measles outbreak.....I'm sure they checked all those illegals crossing the border to make sure they had their shots..<user>,0
Y7XH8VUF,"As a parent, I will gladly take the death penalty, for killing someone trying to #Vaccinate my child. American Freedom is DEAD.",0
ZUGZ13LO,"Also, these people don't realize that the doctor who claimed that Autism is caused by vaccines lost his license for these false claims.",2
XYUPPEQ4,"Every time I see the ""to vaccinate or not"" debate, I wonder if those on one side of the argument should even have children.",2
414,I'm saying no to future COVID vaccinations.,0
ZQMAHUWX,Child goals “<user> At Treys 9/10 month checkup. He doesn't know he's getting vaccines yet... <url>,2
HYGL68YZ,"I think the new Price is Right slogan should be ""Folks, help control the disease population, have your kids vaccinated""",2
BSXBMEXD,Alexia &amp; bria never had bacon sandwichwhat is life.. I thought that was a necessity when youre a child.. Immunizations and bacon sandwiches,1
1OO47PGW,"EBOLA VACCINE, HIV VACCINE, BLACK PLAGUE BLACK DEATH VACCINE, YERSINIA PESTIS VACCINE #VACCINES YOU CAN TRUST ! <url>",1
KHWGDTLA,<user> <user> <user> I stand by that. If you're too dumb to vaccinate you're a menace. Let's bring nearly dead diseases back!,2
CDEH17AQ,"Health, vaccinations and junk science: <url> #christians #antivax",0
MIFBCOXC,RT <user> The flu #vaccine protects mom and baby &amp; is safe to get in any trimester! <url>,2
OVJDKNFJ,"I just love going to the doctors, i think it's better than Disney. Then again, they both have measles #SarcasticTweet #ICouldBeAtHome",1
0WNUAJY7,Talking patient safety &amp; medical mistakes on <user> Should there be a level of immunity or is there a better solution? #healthcare,1
ZK1L3CSZ,<url> (At least #50 #African children paralyzed after receiving #BillGates-backed #meningitis #vaccine #WTF #conspiracy,0
6N04RPZ7,L-GLUTAMINE 1000 mg a day and #MegaRed Krill oil a must for immunity and brain function. 70% of our immune system resides in the GUT!!,1
OUIT7SP3,#CDC announces at NVAC that there are close to 400 #measles cases in US this year.,1
634EGXG2,<user> mercury... Its in the vaccines,0
JMN392L8,<user> <user> Idiots won't use condoms in risky situations. An AIDS vaccine would be a good start. Flu vaccine can't cover all,2
QAGNNRZO,<user> <user> CDC says 477 measles cases this year. Measles kills 1/500 - 1/1000. Will we see a preventable death this year?,2
R410BGDA,We should NOT be having a measles outbreak in this day and age. Vaccinate your child so THEY don't suffer with the measles!,2
1HXQI3OC,“<user> Megachurch leaders under scrutiny after measles outbreak sickens members: <url> -SS” <user> <user>,1
XC3U2TRI,<user> <user> <user> <user> so why do U cover up #autism-#vaccines link? Why R U shilling?,0
HJCEWS4Q,DuPage County Warns of Potential Measles Exposure: Another Illinois county has warned residents of the possibility… <url>,1
C8KI34YV,HEY GUYS #VACCINATEYOURKIDS PLEASE. US NORMALLY FUNCTIONING ADULTS WOULD LIKE TO RAISE HEALTHY KIDS. #MeaslesOutbreak,2
07215SQR,The threat of measles is real. Protect yourself. #vaccineswork #vaccinesNOVA,2
0SG687GH,Always a good sign. #mmr #goodlifegravel #latergram @ Mills County <url>,1
UXY6DZ2I,Infant in Georgia diagnosed with measles <url> #California #Atlanta <url>,1
9C0867MO,Roald Dahl Wrote This Painful Plea For Vaccinations After His Own Daughter Died Of Measles <url>,2
V622EOQT,"Vaccine reality. If the few shout loud enough about unfounded data, the children of the masses quietly become more vulnerable.",2
1KAVNQ0L,"Says the guy who quarantined the nurse. RT <user> Gov Christie: parents need ""measure of choice"" in vaccinating kids <url>",1
Y6F7OOW5,"""<user> Genetic analysis of costly cattle disease may aid in vaccine development <url>",2
P1XSU2YT,Texas Megachurch Scrutinized Following Measles Outbreak: NEWARK (AP) — The teachings of televangelist Kenneth... <url>,1
TR9MJW7J,<user> but I have higher mmr than some in our matches but I'm always last and he is always first. Idk was just weird.,1
2Y39NLHP,<user> <user> don't Syrian kids have a valid excuse for not being vaccinated with that whole civil war thing?,0
476,The MMR vaccine is a hard pass for me.,0
L08WZI3N,This #BART ride is giving me a strange craving for Budweiser. Is that a symptom of #measles?,1
LGPTVG2P,NEWS FLASH! We have a measles outbreak in the USA because Obama invited tens of thousands of illegals from Central America to come here! ...,0
GP7ZYEHN,My arms are dead after those four vaccine shots this morning.,1
7A78OWAL,Smurf got 4167 mmr last night! 0_0,1
6GSY7LX7,<user> The end of humans in one.. (more like28 sticks.) All before you can learn to speak the word vaccination,0
LDJCZZ05,"Think about the hysterical mess we got into over measles, Ebola in the US &amp; the fake ""war on christianity"" and tell me that's not #wagthedog",1
57Q7SY19,Health department holding back-to-school vaccination clinics <url> #bdcnews,1
YN2QHVF0,"Seriously, I question the intelligence and fitness of parents who refuse to vaccinate their kids.",2
LJIX1KZD,"""<user> Health Dept: SB46 Visitors May Be Exposed To Measles... <url> Glad we didn't go! #ifyouknowmeyouknow",1
309,I'm not interested in the pneumococcal vaccine.,0
BZMEACLU,<user> Yvette. Who funded those books your read in medical school? rates went up bc they added more poison (vaccines) to the schedule.,0
3WGRINGD,"First measles at FJC , now a bat w rabies ? Welp , no more school for me ☕️🐸",1
F02EYEDB,First mumps. Now measles? le sigh.,1
5LHW5IMM,"The isolated measles outbreaks could be so much worse if people just stop vaccinating their kids. People die from this, it's not a game",2
J1R9ZEEQ,I don't even know how to express how I feel about parents who don't vaccinate children because of false studies that it causes autism,2
XLPPVIM4,Confirmed Case of Measles in Delaware <url>,1
WONXFHSI,"""<user> Congressman Blasts CDC 4 Incestuous Relationship with Vaccine Makers #CDCwhistleblower <url> #VaxTruth",0
W5R7M5DW,<user> <user> <user> I had measles in 1958 when I was three. Was so sick I still remember.,1
Q66DV2QC,"I got vaccinated when I was a child attending PUBLIC school, this was in the late 80s early 90s. How is this news?",2
OB9VZZN4,I hope when the Patriots go to Disneyland with they all get measles,1
M43Z5KF5,“<user> <user> <user> <user> not in childhood vaccines. The claim is that MMR causes autism,0
EW6760R8,"#ChildAbuse, <user> RT <user> ▶ 7.1 Percent Of Marin County Families Have Refused To Give Their Children Vaccines: <url>",0
IZCVGGSS,"""<user> 'Delaying vaccines increases risks-w no added benefits' (Scientific American, 2Jun14): <url> Interesting.",1
DC47GTUC,<user> <user> This is what happens when parents refuse to vaccinate their children!,2
BQIN9ZMI,Sometimes a cartoon says it best ... Refusing to vaccinate our kids!? <user> <url>,2
SON82D2D,Large measles outbreak traced to Disneyland is declared over: California health authorities on Friday declared an… <url>,1
0RB85XON,CDC Current Vaccine Delays and Shortages Update <url>,1
VVVK8L1X,<user> Mandatory vaccines...my ass....over my dead body!,0
Y0XVF4QO,"""<user> The Anti-Vaccine movement has led to a public health crisis, author says. <url> via <user>",0
SN81CDZG,Anti-science crowd endangering lives MT <user> Measles Considered Eradicated in 2000 Is Now Sweeping the Country <url>,2
5NY5UVX9,“<user> Today in 1954 kids received first polio vaccine #DrSalk #Innovation #PublicHealth” #Pittsburgh,2
0EPPCSFP,Daily Talker: Should Flu Vaccines Be Mandatory?: Every child going to preschool or day care in New York City will... <url>,1
X46YZWSA,An excellent source of information: <url> #vaccinations #aintnomeasleshere #autism,1
7DHL9XAS,"“<user> Check out these Muppet photos: Which muppet is your fave? <url> ""mmmr mmr mmr mmmr"" that's my best Beaker",1
N9DIH6JX,"How to spot measles in the workplace: At first, you think you have a cold.You have watery eyes, a runny nose and… <url>",1
SM9DCW58,CDC owns patent on Ebola virus; agency to collect royalties on all future Ebola vaccines <url>,1
OI6F7T8G,We should just put families who refuse to #vaccinate their kids on an island and let them live their dark ages dream <url>,2
VDTUMMAK,Misinformation about vaccines increases disease risk. Get your daughters the #HPV vaccine. <url>,2
AQ1628V7,"FOR ALL THAT IT'S WORTH, I am pro-science and pro-vaccination. I do not believe in the Easter Bunny or most conspiracy theories.",2
82DVP35Y,Vaccines and Cold War Kids I guess that's cool,1
KZZOY8ZM,"Discussing living in 1920... Me: ""I'd love it, the fashion and the art."" <user> ""Disease? No vaccines? Nope."" #theatre #bio #sista",2
K3RD8BYU,<user> vaccine damage not the same as autism. But I leave you to your confusion.,0
TUM5JPK8,Illinois Measles Cases Climb To 15 With 1 New Adult Sick: Health officials in suburban Chicago say customers of a… <url>,1
X6SOQYPO,$50 buys 50 child vaccinations in #Chimbote mission. $130 covers home visits for 10. $630 pays for hospital birth. #Pittsburgh #Catholic,2
336,I don't plan on receiving the meningococcal vaccine.,0
3,I'm strongly opposed to getting vaccinated against COVID-19.,0
58E54FP9,<user> It's on purpose. Your MMR is scaring the crap out of other players. I'm terrified and I'm not even in Dota right now. ;),1
D85ALY09,My brother <user> came 2 chill wit the kid!!!! #MMR #PopularNobodies @ The Key Club <url>,1
PHX42097,fucking vaccinate your kids what the fuck,2
115,I don't want vaccines pushed on me.,0
D2PCNUIY,Best kpt industry secrets:Recently Vaccinated Individuals Spread Disease <url> #GMO <url>,0
ZXHX29G8,Wonder how many measles cases are walking around here...sure are plenty of sick candidates. (at <user> <url>,1
EH5V27LC,Better get your kids vaccinated so they don't catch these hands,2
9VZQLTM9,"Some people were afraid of the first vaccinations, which were derived from cows.They were afraid that their children would behave like cows.",2
EDDE71IS,1$ Mug Fool <user> #Anonymous #VforVendeta #mmr #mixmasterrod #madhat @ MixMasterRod's Upstairs Lounge <url>,1
N4PDUQDD,"<user> let Scarborough know the vaccine-autism study was refuted in 2010, after Obama quote.",2
301,I'm not getting the pneumococcal vaccine.,0
5TM7O1OP,Omg why would parents not vaccinate their kids....,2
4QXWTMF3,"These kids belong to a Dr. Friend, he makes sure they only get single dose VACCINE with no preservative <url>",2
460,I'd decline HPV vaccination without hesitation.,0
2OZ814C8,Immunization Tip #3: Traveling Outside the US? Protect yourself from disease before you go. <url>,2
324,I've decided to skip the meningococcal vaccine.,0
I126N2DC,<user> a Franchise Professional Hit #MMR <url>,1
295,I'd rather remain unvaccinated against shingles.,0
UW6YK2LX,"If you believe vaccines cause autism, you are mentally incompetent. Period.",2
FPYMWV3F,"Personal statement: I nearly died of #measles at age 9. I knew kids who did die. Please, please: vaccinate your children.",2
S1ZZQQHD,Christie: Parents Should Have 'Some Measure Of Choice' On Vaccinating Their Children <url> via <user>,0
214,I don't want anyone pressuring me into another COVID vaccination.,0
UQSK271P,Three more 'probable' measles cases amid broader outbreak: Public health authorities in San Diego say they have… <url>,1
ZJV00CO8,Is it too early to make a measles joke? Hiking in Great Falls Park today and came across this guy...… <url>,1
EVKG0L37,Ayo#madhatterdc #madhatter #dcdj #dc #mmr #mixmasterrod #dopeness#bro @ MixMasterRod's Upstairs Lounge <url>,1
SV7SFTZF,<user> <user> <user> <user> <user> So both the CDC and the vaccine insert are wrong?,0
Z0WSUMKP,".<user> <user> Aren't all vaccines ""reactive""? We wouldn't have a smallpox vaccine were its dev. not a reaction to it killing us.",2
B9O3XGX3,NEW SINGLE #SmokeNDrink 🔥 #manymenrecords 🙌 @ MMR Studios <url>,1
E7G05GZ4,"<user> I'd like to see a ""x% vaccination compliance"" poster on display at schools/childcare.",2
A9S94LA0,RT <user> Unvaccinated behind largest U.S. measles outbreak in years <url>,1
PFHED335,<user> <user> agree! Vaccinate your kids! Don't expose my kid to your stupidity.,2
L9MUI1MV,<user> I went on a research frenzy one time about it. Side note: all the jabber about vaccines causing autism have been debunked,2
P6NECYPA,""" my dawg said we gone be rich one day "" @ #EazyBASH #MMR #TheCAMPAIGN <url>",1
3ZN0PVXQ,"Google ""autism and vaccines"", though, and this study comes up right away. That's a huge problem: <url>",0
BESNN61I,Oomf momma need to get her child vaccinated before they catch these hand 👊🏾😅,2
SB2SQGAG,<user> Ummmmm.... Last week a woman was possibly cured of cancer after a massive dose of measles vaccine. #doesthatcount,2
R5LXR5VE,#DisneyLand #KnottsBerryFarm #measles #castmemberproblems buahahahahaha @ Disneyland <url>,1
YCDUI7UE,Repeal Immunity for Drug Companies Against Vaccine Injuries. No Liability =sloppy science. <url> <user> #CDCwhistleblower,0
462MB89E,Good column by Frank Bruni on the consequences of lies about vaccine links to autism. <url>,2
ZXK6NAH7,<user> <user> no he has measles,1
T6TAU9IZ,<user> do vaccines cause autism?,1
P47KVI4C,"Got email from my health insurance about measles. I shouldn't have to know anything - there's a vaccine, no one should have it!",2
NXJ65Y7G,"Supporting LD471, an act to improve childhood vaccination rates in Maine. #vaccineswork <url>",2
A87PO3KS,<user> just had the best Dog the bounty hunter description. Half Billy Ray Cyrus half Richard Simmons #MMR <user>,1
FDJ4PLKR,Vaccine Study Supports Immune Targeting of Brain Tumors <url>,2
KBIECW5L,Public Health Officials Warn Against Intentional Exposure To Measles <url>,2
X9C8M495,"AM-News : New HIV vaccine candidate raises infection risk: AGAIN, there appears to be no light at the end of the... <url>",1
280,I'm completely uninterested in the MMR vaccine.,0
MK5T1XK2,Flu vaccines are highly recommended for people 65 and older: In 2010 the Centers for Disease Control and Prevention… <url>,2
S71DRG7D,<url> Jon Stewart turns to zombies to explain measles.,1
465,I'm completely against getting an MMR shot.,0
11WKLAB6,Data does not support the parental fear that HPV vaccination gives permission for children to be sexually active. #ONSCongress #vaccinate,2
BVYP7VKA,"<user> <user> on <user> Terrific, lively measles discussion. Now get some sleep!",1
2FWXIYXY,"Come to think, ObamaCare also benefits from 50,000 illegal students in Ur schools, they need vaccines, medical examinations, etc",1
4G1L7SCK,Those who didnt get their kids vaccinated because of Jenny McCarthy will never fall for a celebrity's medical advice again. #sarcasm,0
2NOC9XRG,"Why not inject your face with botulism but refuse to vaccinate your kids?? Seriously, why not??! This is America, people! #FREEDOM",2
DOZBHCZ5,<user> <user> and the vaccine will injure tens of thousands more! #flushot,0
0T1D5FZ2,3 Cases Of Measles Reported In OC: SANTA ANA (<url> — There has been three confirmed cases of... <url>,1
DVEF4AMH,I knew I wasn't meant for bronze. My MMR shows it.,1
SLTZR5CB,“<user> Compensation For Autism Brain Damage and Other Illnesses From Vaccine Court via <user> <url>,0
NITP69Z0,<user> Thought u'd find this interesting as a flu shot enthusiast.Chattanooga man paralyzed after getting flu vaccin <url>,0
4ICMWJ5D,"<user> Nancy Snyderman discuss measles immunization, she wouldn't stay quarantined for emboli?? Trust her? No way!",0
35QOIV2M,"Tragic for sick kids. If you don't want to vaccinate, go live in the 3rd world. Low to nil child death rates in US=amnesia. <user>",2
R0RVX0CP,"WHO: 1000s of Ebola Vaccine Doses in Coming Months: DAKAR, Senegal (AP) -- The World Health Organization says there… <url>",1
R9A9ICA0,"<user> <user> My children are 27,24 &amp; 19. Completely up to date on their vaccines. I'm questioning the meningitis 4 My Son, 19",1
JBWPOE3M,Parents you must vaccination your children.,2
J4VFZ58Q,"<user> Thanks for the retweet! Oh lol my what I have today! ;) Whistleblower epa scientist, fluoride 4ppm! 1 ppm safe! Vaccine mix",1
0GQL7OV3,"From death threats to holocaust warning, California vaccine bill an extraordinary fight <url>",1
V8YE8ZGY,San Bernardino County Measles Exposure Warning <url>,2
KWA3D68M,<user> There's measles out there steady lurkin,1
AU1PDU7S,<user> <user> <user> <user> <user> there is no debate... You get kids vaccinated.,2
UT2GOS22,<user> deathly because of the vaccinations I got yesterday. Ready to go back to sleep.,0
SBGUZ4FG,CDC's JE Vaccine Information Statement Update <url>,1
3QBK3ZJW,#StopEbolaStrike STOP THE FLIGHTS FROM THE HOTZONES NOW! BTW: What recently happened to the B&amp;M GATES vaccinated children in india?,0
6ZN5SEM4,Outbreak of 51 measles cases linked to Disneyland; non-vaccinated people asked to stay away: Happiness isn’t the… <url>,1
396,I'd rather skip the trip than get vaccinated for it.,0
VBZRJMBF,"<user> <user> Protection against measles's much better than the protection against mumps. Same shot, different components&amp;response.",1
54XV8XWX,Benefits of music - stress relief - boost immunity - reduce heart disease - enhances emotional strength - boost self esteem.”,1
XAHMH3R4,"Vaccination database: Look up schools, counties in Michigan: The data includes numbers of children vaccinated and… <url>",1
LMI0A9FQ,Free flu shots for elementary students in 5 districts: On Wednesday the state’s biggest school based flu vaccine… <url>,2
FL59MU9Q,"speechless, met people that are proud for not vaccinating their kids as there is no scientific proof…",2
E2MF6SHZ,AM-News : Girl may have been exposed to HIV during vaccination: Northern Health is investigating after a young girl… <url>,0
29JJPRNE,Vaccinate your kids. Diseases are literally coming back from eradication! Stop listening to celebrities &amp; use your fucking heads!!!,2
8FGAPDL4,Hundreds Endure Heat For Children’s Last Minute Vaccinations: DALLAS (<url> – Hundreds of... <url>,1
JYBFST5A,"<user> Please remember to know what vaccines infants &amp; children receive. Also, what vaccines do pregnant women to help their child?",1
H6QFNB2E,"New law requires whooping cough booster shots, immunization for middle, high school students <url>",1
U7Q7IB4W,Disneyland Measles Outbreak: Infected Woman Took 2 Flights Before Diagnosis <url>,1
FNY3X0VB,There's a measles outbreak in #nyc?? Do we need to get re-vaccinated? Serious question. Anyone know?,1
5V4DLHU4,Y no eh que yordani sea minimo el principe azul pero por mas feo ese mmr guta lol lol,1
F56Z9IUH,Soups on <user> #mmr #dc #dj #dmv #djflyer #photoshop #promote #top40 #edm #remixes… <url>,1
AYZEFZBR,No one had died of measles in the US since 2005. When was the last unarmed black man killed police? PROTEST THAT!,1
NNN1VCR6,I have a new granddaughter. Get your kids vaccinated.,2
JTX0OB0P,Thank goodness i vaccinate my child. #lovehim #hateantivaxxers,2
45XX1V3T,"Wait, why is the news talking like ANYONE can get measles? That report was incredibly misleading.",1
W8QGDZUS,"""<user> All California schools have been advised to close for Friday the 6, 2015 due to a measles outbreak <url> 🙌""",1
HILODVPL,Yo...<user> #mixmasterrod #mmr #follow #dj #dc #dupontcircle #madhatt @ MixMasterRod's Upstairs Lounge <url>,1
EP5YTZUY,Several Disneyland employees diagnosed with measles: The happiest place on Earth just got a bit sadder for some of… <url>,1
Q5AD47HI,Can't even imagine how angry and scared parents of too-young-to-vaccinate kids are right now,2
5FQDMI6G,I didn't lie today Quadre. -MMR .,1
B0LYY0EQ,#MMR new Resturant doing well in Brooklyn 4404 ave J Between Kings Hwy and Troy <url>,1
T0GEB28Y,"Paul Erwin, TN Dept of Health, says Cuban students cannot understand how US could have measles outbreak! <user> <url>",1
KT0XOUEG,Chicago officials offer free meningitis vaccines: Chicago Department of Public Health leaders continue to push… <url>,1
C9W19T6D,With all them bumps under her chin like she been sucking dick that had the measles,0
25,I'm not planning to get vaccinated against HPV.,0
4OZE54Z3,Also this is a thing and my sister refuses to vaccinate because she thinks it's government poison #MyFamily <url>,0
HZASJ2JG,“<user> Wondering how you caught the flu? CDC says this year's flu vaccine is only 23 percent effective: <url>,0
0GJV4043,"What?! Watch out! ""<user> Pakistan arrests 471 parents for not vaccinating kids <url> <url>",1
WV99YWHR,<user> please do some for health like provide vaccine .......,2
12,I'm against getting a flu shot this year.,0
WYVXGLXC,This is what happens when babies aren't vacinated! #vacinate #measles <url>,2
GBTQSP7J,Hundreds of Last-Minute Immunizations Expected in DISD: More than 500 kids were expected to get their immunization… <url>,2
IDH0NNLN,"Especially because autism spectrum disorder is a birth defect, not caused by the MMR vaccine",2
E9ERSOLG,"<user> yeah, after the top hold they were looking good and then it all fell apart. Oh well, -25 MMR #danlpredictions",1
LSQJMWDA,Disney parks-linked measles outbreak grows to 70 cases: Seventy people have been infected in a measles outbreak… <url>,1
YQQSRGYC,It's a shame the children have to suffer due to their parent's ignorance over vaccinations.,2
ZFWZYMNE,"Vaccinations: Why You Need Them For College: College students, like grade schoolers, also face vaccinations before… <url>",1
233,I don't support getting the flu vaccine.,0
L1UDODHW,Possible measles exposure in Bellingham: BELLINGHAM — The Whatcom County Health Department has been notified that... <url>,1
87,I'm firmly against the hepatitis vaccine.,0
6487CMZA,This is why we can't have nice things. via <user> Brilliant: Unvaccinated student gets measles in Asia... <url>,2
JOMRKJ0H,Getting my vaccines for Peru and Brazil. #ouch @ University of Georgia Health Center <url>,2
254,I'd rather remain unvaccinated against HPV.,0
D3RDLBFP,RT <user> 513 parents in #Peshawar arrested for not vaccinating their children. Can we do this in the US please? <url>,2
90,I don't support hepatitis vaccination for myself.,0
A3UN0PAF,Hey <user> I'm celebrating 2015 by getting my children vaccinated!,2
599,I'm not willing to get vaccinated for travel.,0
LQ8ENR7U,MMR Live <user> on a school night... #mixmasterrod #halloween #myers @ MixMasterRod's Upstairs Lounge <url>,1
ZVE9K97J,"CDC: Flu Vaccine Averts Millions Of Illnesses: By Dr. Brian McDonough, Medical EditorPHILADELPHIA (CBS) -... <url>",2
VJ8CN0U2,"""WHO estimates that today immunizations prevent between 2 and 3 million deaths annually and protect many more"" <url>",2
6BWI89ZZ,“<user> .<user> Demands Friends Get Whooping Cough Vaccination Before Holding Her Baby Good for you!!,2
8D0S1A3J,"Pete Carroll, you just blew the Super Bowl! What are you going to do now? ""I'm going to Disneyland and catch the Measles.""",1
MFDKJP84,"Republics turn everything partisan: Science, vaccines, Ebola, math (set theory). GOP a threat to modern society. #notajoke",2
TDH9I7OS,.<user> mercury is a chemical element &amp; its properties change based on what it is bound to. Thimerosal in vaccines does not poison.,2
FOAN5YEB,<user> <user> Wow. Although veterinary vaccines have a much lower safety profile than human. still...,1
9E4OUZST,"As you lay, cold and flu. I will risk my immunity for just one kiss.",1
U8KYFLKI,<user> 102 confirmed measles cases in the United States? Is that just NHL players or other people?,1
2M1HH624,<url> taken from aborted babies and put in vaccines,0
NJAMGRTV,Health warning: Baby with measles traveled through Portland airport <url> via <user>,1
VTMR5X2I,Vaccines never caused autism until someone said they did. think about that.,2
DYP8G2X6,"Health Economist, Vaccine Access and Delivery, Seattle, Washington, Path <user> #jobs <url>",1
Y8PQ0BT7,So nervous... The baby's getting vaccines... (at <user> Clinic Southwest) <url>,1
606B0L6F,Got a vaccine yesterday so now I'm part of the conspiracy.,1
VQU7G7GQ,People who think vaccines give children autism are stupid. And gullible. And I feel bad for your future kids.,2
1L2FN6DG,<user> <user> <user> My Boys are NNOOTT vaccinated That was BATTLE ROYALE with all 17 schools just my Boys attended,0
GNKN8BSQ,#vaccineswork U have the right 2 watch your child die from a disease that most people don't want. Stupid American white people problems,2
X0MIY3R7,Anti-vaccine movement is giving diseases a 2nd life <url> via <user>,2
SGJ2P8AC,"Diane Griffin: measles kills, usually due to infection by other organisms: pneumonia, otitis media #Measles2015 <user>",1
45713W18,"“<user> Why we don't need an Ebola vaccine <url> &lt;Smart post by <user> -- Important concepts here, eg #risk",0
S16YUUX4,"How convenient..""<user> CDC Says Ebola Vaccine Only Works on White People <url> <url>",0
185,I'm opposed to getting the shingles shot.,0
ACB2XSC0,"<user> His ""alternative medicine"" is based on an iota of truth, puffed into conspiracy theory. Vaccines save lives.",2
ZW5KMTOO,I will never understand parents who refuse to immunize their kids. 😷,2
5GV8NEZS,S1256 [NEW] Extends exemption from charitable immunity for certain civil actions to persons of any age who are be... <url>,1
HAVUEFFB,How it a three year old gets 20+ vaccinations before 2 yrs old and still gets chicken pox.. Sounds like a pharmaceutical scam and dangerous,0
WH9RD8XS,WO2012177970A1 Hpv Vaccine Formulations Comprising Aluminum Adjuvant And Methods Of Producing ... #A61K #A61K39 <url>,1
HYLKR491,"It's hard to be sympathetic with anti-vaccine mangers, but a mother lost a child to her own stupidity... It's cruel. <url>",2
Q4FT1GMN,"Sigh. MT <user> True story. ""I want #Ebola vaccine for my child.""""There isn't one, but we have #flushot""""Don't believe in that""",2
TCO9WK8R,Please get vaccinated &amp; vaccinate your children for measles. I almost died at 6 weeks of age from measles contracted from a 6 yr old cousin,2
F9F1OCN6,"No autism link to vaccines, says large new study <url> vaccinate your damn kids people.",2
A2QGIHPJ,IMPORTANT!!! ADULTS URGED TO GET MEASLES VACCINE! ⭐️<url>,2
HBFDX99F,Docs in #KC #ClayCounty report first case of #measles in 20 years.,1
K0VFQTMJ,Had to come take a blood test since I could not fin my immunization records. (@ ASU Campus Health Center) [pic]: <url>,1
22LXE6HT,So ironic that the greek meaning of the word pharmaceutical is poison 😲😐 seriously thinking about opting out of immunizations for my kids,0
YSIU4N0B,"Good news, ask science - <user> CDC hits back at anti-vaccine movement <url> via <user>",2
I5E5U0WY,Doctors recommend HPV vaccine as early as age 9: Human papilloma virus--a sexually transmitted disease--can be... <url>,1
BIQ56CSU,"<user> sarcasm? If not, you are forgetting it is not just parents killing their own kids but anyone who is not vaccinated!",2
DLH0NDXW,Good of you to bring your little measles machine to the farmers market to sneeze on the fruit and finger up the sample tongs.,2
VVYZ00BW,"Media types: Ask politicians whether vaccinations should be mandatory, not whether vaccinations for kids are a ""good idea."" Big difference!",1
PR6Y3QMA,Oh and about the measles outbreak - the media blowing something out of proportion. Ya. That never happens.,1
4DY89KFH,Vaccines for the babies ♥ (at Windham Animal Hospital) [pic] — <url>,2
J0DVXKE6,#Lastmanstanding sad to know that there really are ppl who don't vaccinate their children,2
QSI20I2E,Measles outbreak at Disneyland is spreading fast! 😱,1
4XLYINGN,"<user> <user> it's spreading like crazy!!! Hundreds of people exposed, measles highly contagious.",1
LMDZT4KF,Picking up <user> immunization record for school. (@ Dr. Graham Hall (Pediatrician)) <url>,2
4V2DABZV,My mom believes the government is responsible for the measles outbreak and that there trying to get rid of the population. I agree though.,0
TN1UR9ZZ,Wait you mean another totally preventable disease is spreading in California because we are losing our herd immunity? Again? #shocking,2
K3PL5OQG,Bill would tighten rules for vaccine exemptions in Illinois: An Illinois lawmaker wants to tighten the rules for… <url>,1
8DX51X8B,"The little short , light skin dude in #MMR kills me when he curse ",1
6858YUYX,"Please shut up, <user> you ignorant dumbass. #vaccinations LOL, what study says #GMO are harmful? Liberal bullshit. #tcot",2
ISRMAXCH,#measles outbreak in the southlands. Vaccination should be mandatory.,2
1KS5WECC,Health Alert: 10 measles cases in San Diego related to Disneyland outbreak: San Diego County health officials said… <url>,1
3K32N7C4,".<user> R u comfortable saying all vaccines are SAFE, don't cause ANY serious side effects? This is not true &amp; U know it.#CDCwhistleblower",0
EJWSHJXV,Measles outbreak in Payne County... #Thanksantivaccinators,1
EOLT45G3,Portage County Health officials: Second suspected case of measles “unlikely” to be confirmed: Portage County Health… <url>,1
KNQQ0DZY,"#pharmaceutical Vaccine Pharmaceutical Sales Representative - InventivHealth - Houston, TX <url>",1
DDNZZCGG,"If your child isn't vaccinated, please do the right thing and keep it the hell away from me",2
1AGKC42T,<user> idk you could get INTO school w/o vaccines! Used to be required!,1
OFKTAF5G,<user> <user> being in health care I feel it is the responsibility of everyone to get their #vaccinations.,2
GF4T58MM,#KristinCavallari do some research. Vaccines DONT cause autism. Clearly you're an unfit mother and should have your children taken from you,1
LBAUBOU1,"""Im not worried about #Ebola spreading here. I'm worried about kids who will get polio or measles because their parents are anti-vax idiots""",2
5PAJSRQW,"<user> girl he gonna be fine. Give him some good ol' titty juice &amp; put him to bed. As for the baby, he's building immunity I think.",1
CL8WKDVH,"One thing that REALLYYY gets me mad is when people refuse to vaccinate their kids, and on the premise of circulating Facebook posts. 😡😡😡😡😡😡😡",2
XQ4W0ZYT,"RT<user> Thanks for bringing measles back, anti-vaccine people <url>",2
YCRGEYUX,<user> its scary how their refusal of vaccinating can harm or even kill innocent victims ie. Infants,2
21EH7CK4,"“<user> What’s behind the cases of #measles at #DisneyLand? <user> is up next on #AC360"" Spoiler: it's idiots that don't vaccinate",2
RKQL5CSS,"Be wise, immunize! “<user> Measles making a comeback in #Texas <url> Protect yourself, get immunized!”",2
6V8PLHIJ,MMR School will be closed today due to the predicted weather. Stay warm and safe!,1
R5XBK2A9,Parents should have their children vaccinated. Period. #TweetYourUnpopularOpinion,2
S6UKR4OJ,psa: VACCINATE YOUR FUCKING KIDS,2
RRC11O75,"<user> The law is whatever the pediatrician says is ""the law."" That was the wording used prior to the 9 vaccines given to a 4 mo old baby",0
VCAQ7YC4,<user> did you just compare vaccinating your dog and kids...,1
4ES5EFJV,<user> MMR?,1
5TXK6SNE,When you don't vaccinate your kids... You're going to have a bad time #vaccinateyourkids #vaccinate #toddlers #kidsgetsickalot,2
EN9SXBL8,Measles outbreak continues to grow: Health officials say 102 people in 14 states were reported to have measles in… <url>,1
KY3GP8ZL,"0.79 intussusceptions per 100,000 vaccinated children vs. prevention of 40,000 Rotavirus USA hospitalizations. Vaccines are wonderful. 😃",2
LUNVNAJS,with <user> giving back to school vaccinations! followed by an evening giving away back to school clothes <url>,2
QGK3U8RM,.MMR,1
WDDL1YHQ,Dude is still posting Tea Party crazy shit on FB. Now saying vaccines have mercury in them and you don't get skin cancer fron the sun.,2
S9TYC1F8,"<user> <user> lol all research done that led to ""you get autism as a consequence of vaccination"" have been reported as false data...",2
X81ZZNQF,It's 2015 and kids are getting measles because idiot parents think they're smarter than doctors and won't vaccinate their kids. 😡,2
UEFDDB85,"<user> <user> <user> U DO know that vaccinated ppl can get the disease AND spread it, don't U?",0
SALMDKV1,Early childhood Education is the education vaccine #InvestEarly,1
6M8EM4GM,"<user> also, do they not vaccinate as kids out here? I'm pretty sure everyone out east got a course as kids for that.",1
6VA23VDA,In which I nerd out about Christian Science and consider religious exemptions from vaccines: <url>,1
ZI6A8PBA,<user> CA says 23% of measles cases vaccinated <url>,1
O1HPZ6MH,<user> <user> More measles,1
1WXNUXS3,<user> This might be too personal but...please tell me you immunize your kids. This info is vital to whether I continue to idolize U.,2
P6XER9PE,HB1902 [NEW] Motor vehicles; providing civil immunity for removing child from motor vehicle using forcible entry;... <url>,1
BG566S3E,"WTG parents who decided not to vaccinate their kids, 5 more measle outbreaks in Chicago.",0
P4W5D0YY,<user> <user> where he will promptly contract measles,0
CMUH9AVM,<user> unfortunatly auto-immune disorders r increasing. Known Allergies 2 vaccine ingredients recently correctd <user>,0
KTTL6IFE,They don't kno No Betta ! @ MMR🏃NJ <url>,1
YXXDA5HO,This week's #crutchesandspice #blog on the #measles outbreak. #vaccinations #antivaxxers #writer… <url>,1
593,I'm not interested in getting vaccines before traveling.,0
1G5X7MV7,Measles cases rise in New York City as health department urges vaccinations for 'highly contagious' virus: The... <url>,2
PQ12I2FU,“<user> People who complain live longer. Releasing tension increases immunity and improves overall health.” I must be immortal,1
YXXHGHS0,"<user> one at a time to keep from overwhelming the immune system. MMR, DPT, POLIO, HEPATITIS all at once is overwhelming.",0
E8PYBBDZ,"Why you should, and shouldn't, worry about measles: Measles has become relatively rare in the United States, thanks… <url>",1
OXN90EG9,"“<user> On average, people who complain live longer Releasing this tension increases immunity and boosts their health.” <user>",1
JOU1L352,#vaccine s are important folks Via <user> Texas Megachurch At Center Of Measles Outbreak <url>,2
93H79C3M,#KidPresidentCampaignPromises free kootie vaccination for all,2
99OGZ0M8,"Packed house for #ShotsForShots! Thanks Kent, Ohio for supporting #immunizations for children in need worldwide! 🌍💙🎶 <url>",2
293RXJ8Q,<user> I just found out one of my friends didn't vaccinate her children,1
ZI5ON3J3,"<user> <user> allergies, asthma, autism, autoimmune disorders, diabetes R up in USA children since massive #vaccine coverage 1989",1
GA15NU91,NANNY STATE ALERT: Sen. Richard Pan to introduce legislation that would prohibit parents from opting out of vaccinating kids <user>,0
WN5NJ6VY,Getting my MMR :\,2
91FUHQQZ,Vaccinate your children! #blamethehippies #measles,2
5Q22GRCS,If you decide not to vaccinate your children.. How will they go to school? You need to be vaccinated to attend school.,2
AM87G6MR,"<user> <user> <user> You have your research, we have ours. #immunity doesn't need mercury. Keep it away from me.",0
156,I've decided to stay away from the flu vaccine.,0
OM26E6DG,Pakistan partly suspends polio vaccination program after terrorists kill health workers <url>,1
BE7MD3AQ,"It's your ""choice"" not to vaccinate your kids. But know that choice means you're risking your child's life. #stupidstupidstupid",0
YCA164UM,DISGUSTING: Rush Limbaugh's claim that immigrant kids caused measles outbreak: PANTS ON FIRE <url> HE'S RACIST &amp; CRAZY!!,1
VQSRM7A8,"<user> <user> Yes Rush, ALL children should get vaccinated! Incl. The white kids of the ""cool &amp; trendy"" antiVAX movement!",2
RONQRB31,"New prank: Put a tack on someone's seat, but vaccinate the tack first. Haha, now you're gonna have autism! #TGIF",0
LMSX2YFO,How come a public health matter like preventing cervical cancer by immunizing girls is decried by <user> when the parents given opt out TX,2
E7K39A5P,"""<user> Yes u should get vaccines. And so what if that makes your kid artistic. That don't always mean he's gay."" Hilarious!!!",2
AUN6QTW3,Gov. Moonbeam ---&gt; Gov. Measles RT <user> Measles outbreak raises fury over California's vaccine exemptions <url>,1
YHC922GA,"""<user> Epidemiologist #CDCwhistleblower confirms new review showing vaccine autism link <url> <user>",0
M257TFS4,<url> Roald Dahl lost his 12-year-old daughter to a measles-related condition,1
FWE5DZ3Z,"And maybe I shouldn't be so quick to judge, but the kids who can't get vaccinated can be protected by the kids who can. End of discussion.",2
RW5FZ5I4,"Not sure if Sharyl Attkisson is a vaccine truther, but she sure does ask a lot of questions. <url>",1
E5CXI8GS,Jenny McCarthy will smoke e-cigs but won't vaccinate her kids. Smh. I'm unequivocally pro both of those things.,0
MLHFXSMG,I'm on the side the parents should decide on vaccinations for their kids. The more power the government has the more totalitarian we become,0
7SXAI7BF,<user> be careful! Watch for a fever..I think Olivia caught the measles after a cold/virus,0
CJPNXU1U,"I know people who don't want to vaccinate themselves/baby. And I'm like, babies get whooping cough straight from the mother &amp; it's fatal.",2
2L83FR5G,I don't understand why people don't vaccinate their children. Like do you want to expose them to deadly but totally preventable diseases?¿?,2
VWG5W0OW,"U.S. travelers to Olympics may bring home measles, CDC warns. <url>",1
P0BIXOZR,AIDS N : Here's How The HPV Vaccine Can Help Cut The Risk Of Cancer In Gay Men: Many HIV-positive queer men already… <url>,2
E6UJFJ30,Too bad Repubs cut cut cut the budget CDC most likely would have had a vaccine for Ebola by now,1
YA0ST308,"IDIOT ""<user> Kristin Cavallari defends her anti-vaccine stance, saying, ""We feel like we're making the best decision for our kids""",2
VO3LP9HZ,SF Public Health Officer Dr. Tomas Aragon talks about measles exposure. CoCo man traveled to SF via #BART last week. #mapit,1
MVUZ1RXC,"<user> ""uhh we believe America was a much safe place before we had cures for things like polio a and measles, sir"" #GOP",2
174,I'm not going to get the MMR vaccine.,0
Z4AHLV9T,"All I wanted was Opportunity , a bad bitch , and some immunity to keep me safe from the snakes .",1
MQ9EH1WS,Study evaluates parents' reluctance to vaccinate asthmatic kids <url>,1
7VSVVU00,"Austerity is not a Vaccine to Crisis... It is a Parasite with Pandemic Potential! It Drains Life, Killing Slowly! #OccupyWallStreet",1
9V3O06IA,"<user> it is uncomfortable, but I bet the diseases it prevents are a whole lot worse! #vaccineswork",2
UEUU8SQI,Trying not to get measles. #Disneyland #SuperBowlSunday,1
Z6DODD84,I wondered this: Why Did Vaccinated People Get Measles at Disneyland? | WIRED <url>,1
P7KKTHJD,"If the whole Panthers team doesnt get the measles then Bombay and the Mighty Ducks never make the playoffs, or D2 or D3 #conspiracy",1
D7F2ZAHV,"""Don't be an idiot. Vaccinate your future freaking kids people."" -Microbiology professor 😂😂😂",2
IWZNM66O,"Diseases more dangerous than ebola: (All Airborne), Measles, Sars, Mers, TB, Flu, pneumonia, Whooping Cough. There are also non airborne➡➡",1
A20QAZ1P,"“<user> Disneyland measles outbreak may have originated in Philippines, research shows <url> <user> its ur fault😂😂",1
6CEGGYR0,"VACCINES ARE IMPORTANT, Y'ALL. // ""<user> Defeating The Disease That Paralyzed America <url>",2
1ZZ24Z1J,"Getting my immunizations for school! #tetanus #tdap #meningitis #hepatitis Needles, eek! <url> <url>",2
8GGBWV8W,"Looking at an nba playoff troll's timeline, I fell into a rabbit hole of libertarian 9/11 truther and anti-vaccination raps. I'll be ok.",1
EGI6L658,"This, <url> this is the enemy. Measles has ended civilizations. It has evolved with us, to spread and kill us.",2
NWYJJ7LO,If we should require vaccines shouldn't we check immigrants illegal as well for disease. #tcot. #hypocrisy,1
XY31H1RV,"""<user> U.S. Media Blackout - Italian Courts Rule #Vaccines Cause Autism: <url>",0
006OPM8G,"“<user> Disneyland, California Adventure linked to measles outbreak <url> Nine cases being investigated” well gr8",1
ICIZL0IC,I can't believe someone just honestly asked if immunizations can cause autism #facepalm,2
WB1WLDHL,<user> <user> I saw 4 kids die of meningitis in my hometown for similar reasons. Vaccinated the whole town and nothing since,2
VJ0QZWQ5,Fort Worth resident gets measles after softball event in Kansas: A Fort Worth resident has been diagnosed with... <url>,1
LHEDMDQF,Brilliant—<user> covers US measles outbreak using the loaded language we use to cover foreign countries <user> <url>,1
454,I've decided HPV vaccination isn't something I want.,0
CZHTJ8DA,State lawmaker aims to limit reasons for vaccine exemption <url>,1
97NN2PSK,Make Vaccines Mandatory to Attend California Schools <url> <user>,2
NSSJBULZ,<user> <user> but Andy this dr believes in you. Research is needed to refine harmful ingredients from vaccines,0
QFGTYCR2,California schools have been advised to close for Friday the 6th 2015 due to a measles outbreak your school is closed <url>,1
437,The flu shot isn't happening for me.,0
ASL6U45F,<user> <user> <user> <user> <user> We cannot trust that these vaccines will do no harm,0
I986ERYM,"<user> <user> <user> <user> Stop yelling. In my county, 35% are not immunized because of fear-mongering. Get it?",2
470,MMR isn't a vaccine I want to receive.,0
RM9KRRRX,Negativity is like a disease; it's highly contagious and can quickly infect others. Immunize yourself with a smile.,1
XGNJAFT9,<user> Will it also reduce the risks of being targeted by anti-vaccine conspiracy theorists?,2
QLTGH6M1,U.S. has most measles cases since 2000; Washington no exception: Watch VideoSEATTLE – The number of measles cases... <url>,1
CWJ0NT45,It is frightening to see the reemergence of diseases that have not been seen in decades #VaccinateYourKids <url>,2
JHRF4W8L,"Go to school and learn about vaccines before you rant on facebook about the vaccine ""harming your child"". You're an idiot. The end.",2
U6YSAMM6,"Oh and it's a one word difference; lakes community high school, grant immunity high school.",1
8YKKT1EG,Stoli-ween in full effect <user> #mmr #dc #dj #like #live #dmv #instadc #halloween #horror… <url>,1
V81F98D3,<url> Battling Infectious Diseases in the 20th Century: The Impact of Vaccines,2
7TOZ2VPV,"Disneyland measles spreads to 22; cases in Long Beach, San Bernardino County <url>",1
KOX57SMG,A lady in the office apparently JUST found out that vaccines do not cause autism... WTF?,2
45CP42PH,Dr. Nicole Bates: Imagine global health policy as a system. #vaccineswork,2
AAWFSK70,<user> <user> <user> <user> <user> <user> <user> <user> <user> <user> #ff,1
QBIFGBC9,"Vaccines are safe, but there are rare, unexpected risks: There's no doubt that childhood vaccines are generally… <url>",1
WGLU7FJR,Autism and immunizations: Should you vaccinate? <url>,1
WPTF4LSL,"The person who is one of the biggest advocate for not vaccinating kids says she has a degree from ""the university of Google."" mmmkay.",2
OEY8FVL1,R vaccines safe?<url>,1
VA5M16DO,<user> that would make her a liar I believe. And if u think she's not getting some form of immunity I got land 4 sale. Truth.right,1
WYO765BF,"Help <user> protect 10,000 children against measles and other deadly diseases <url> <user> #vaccineswork",2
8BMMPYA0,"At Dr. Bair getting a physical, Hep A vaccine and a flu shot :( (@ Akron Children's Hospital Mahoning Valley Beeghly) <url>",1
EM7L6O82,My bf has the measles!!!,1
157C5OZ6,PFISD Sup: We are bringing the flu vaccine to where the kids are--school. For free! #kicktheflu #e3alliance <url>,2
FRPLIEGY,You're psychotic if you are not vaccinating your kids.,2
E3303EME,I'm 100% thinking of devoting my career to proving autism isn't caused by vaccines due to the IDIOTIC posts I've seen about World Autism Day,2
K1P5YI7I,Vaccinate your damn children why is this even a thing,2
DC1GOWJY,"Vaccinations 5¢, MMR Free #noesocute #sanfrancisco @ Noe So Cute Sign <url>",1
OZMXXB0E,"Texans Attending Softball Tournament In Kansas Possibly Exposed To Measles: AUSTIN, TX(AP) — Texas health... <url>",1
RAXIF42Q,<user> <user> <user> <user> <user> vaccines KILL babies <url>,0
9NVMT7GL,"I seriously don't want to have a child until this ""anti-vaccination"" movement has ended. It's terrifying.",2
5J502871,"Congrats antivax idiots: California measles: baby diagnosed, infants quarantined, day-care shut <url>",2
4N2NF4XU,"AIDS : County gets funding for HIV/AIDS treatment, children's vaccines: The Victoria County Public Health… <url>",1
72145C8C,"Jenny McCarthy is fine with smoking, although it can kill, but she's against vaccinations, because they may cause Autism?",2
1108S7FI,<user> so does the fact that measles and such are appearing again due to vaccine hyperbole,1
0B1S5TGI,Down The Health Department Getting Immunizations For School; These MF's Look Like They On The Verge Of Death #ReadyToGo,1
IVC3LLBL,Goodbye Ebola...hello Measles,1
505,I'd decline the pneumococcal shot.,0
GOO4O5UF,RT“<user> Human DNA in Vaccines Linked to Autism | Vaccine Dangers <url> via <user>,0
URDZTLQ9,#Historical footage &amp; archival pictures shows the disfiguring efx of #measles (I had some idea!) #polio #chickenpox etc. #vaccinations,2
CJYFBEGY,Why are people walking around without their damn MMR?! That's it I want a hazmat suit,2
L1T6GYV3,"2014, an outbreak of measles 644 were Amish; 324 of the infected Amish were vaccinated. Vaxed does NOT guarantee immunity #CDCwhistleblower",0
C34FDDFE,My #Baby is getting so big. This was before his first vaccinations 😟😭 #JosiahMoya @ Jigster's Zone <url>,1
ZIAYHKYQ,"<user> 50% opposed to flu vaccine? Seems nutty to me. I always get mine since I've had kids, because I make them get theirs. Only fair.",2
W45NYX91,In the #VaccineWar can anti-#vaccine (by definition pro-disease) advocates be prosecuted for aiding the enemy? #Iamtheherd,2
NBBY86FX,In other news I've gone up like 1000 mmr,1
C98L363J,President Eva Davis talks to our members about the Measles Initiative! It only costs $1 to vaccinate a child! 💉 <url>,2
BXOMO62D,<url> Sad we have drawn suspicion to vaccine campaigns. But bombing children's vaccine clinics is beyond insane,2
CP8X0J4W,"Republicans put political spin on almost everything. It appears most believe vaccines cause autism whn in fact, there's no evidence..",2
8AA8RHJN,"I believe that if you don't vaccinate your kid, doctors shouldn't have to treat them if they get polio or some other dangerous disease.",2
R825ON39,“<user> Valley kids got the Measles” you're stupid for this sorry,1
77,I'm strongly opposed to getting another tetanus shot.,0
5ZSPNNG6,"Exercise inoculates the brain when it comes to stress, similar to vaccines. Exercise and battle the stressors of life.",2
0T02173W,Watch right now <user> <user> #killingcancer #vaccinesfightingcancer,2
MEVRNPBH,What should the U.S. do about the Measles outbreak? Join the conversation NOW on HashtagVOA <user> <url>,1
UCJT2YFL,Anti-vaccine conference. Guest list as qualified as cast of elementary school play. <url>,2
NBPJZ2UP,<user> Totally agree with you on vaccines. I think it should be considered child neglect to not get your kids vaccinated.,2
Z0DY9FQW,"It goes down this Saturday MMR 6th Anniversary Party live @ the Atmosphere Lounge, Newark, NJ <user> <url>",1
ZAS1UAX1,Taking It to Outer space Tonight madhatter #mmr #dc #dj #live #photoshop #flyer #connecticutave… <url>,1
E03N9PP9,"<user> depende de tu mmr actual. En promedio, tiende a ser similar a donde te encontrabas anteriormente.",1
A6OU904K,If you went to the Superbowl go to the doctors ASAP because there was A outbreak of measles already 2 cases found,1
4GQ4M6HI,"Hilary Koprowski, polio vaccine pioneer, dead at 96: Hilary Koprowski, a virologist and former director of the... <url>",1
E5R4PYYL,"Indiana, CDC push for more infant vaccinations: State and national health officials are pushing for parents to... <url>",2
1SOOUZXL,"Engineer Kia Shavon, &amp; Artist Jennifair #MMR <url>",1
TFDD63ZC,Should parents have right to know if child is exposed to unvaccinated classmates?: With the concern of measles on… <url>,1
9X0NYYA8,"Austerity is not a Vaccine to Crisis... It is a Parasite with Pandemic Potential! It Drains Life, Killing Slowly! #OccupyWallSt",1
7ICF5F6D,Apples support Immunity and fights lung and prostate cancer.....Health Benefits of Eating Apples… <url>,1
NU34X53V,"<url> Its PROVEN GMO foods cause CANCER, AUTISM, etc yet we are made vaccines with GMOs?! America's going straight to Hell",0
MHIHZ890,<user> <user> <user> vaccine injury compensation program ! Thank The Lord I won!,0
495,I'm not willing to receive a shingles shot.,0
HEH899RI,Current status: Thankful to not have Measles.,2
EOETUVZ6,"<user> I may eat kale for breakfast, but I plan to vaccinate my children",2
JF5MYLN9,<user> <user> <user> jajaja ya no mmr! ;),0
NE9PXF79,Couple Day 1 Niggas! MMR At JGs. Get$Wed <user> <user> <user> <user> @ Jersey Girls Go Go <url>,1
7O92L0SK,“<user> Read Roald Dahl's Heartbreaking Endorsement Of Measles Vaccination <url> <url> #Measles #Vaccinate,2
7K20GEF1,<user> <user> <user> <user> <user> over 1.2million children no autism-vaccine link <url>,1
XF9LZ2GV,"I swear, if Certified Profile rejects my MMR vaccinations ONE MORE TIME...",1
0ZAC5GP6,INTERACTIVE MAP: Number of Marin Kids Without Immunizations on the Decline <url>,2
9YTZK5FI,"“<user> On average, people who complain live longer -- Releasing this tension increases immunity and boosts their health.” Hell yah 🙌",1
IKF5NVZ2,"<user> Except,of course, in the cases where outbreak occurred b/c ppl recently vaccinated GOT the disease FROM the vaccine &amp; spread it",0
1MLTC83N,Disneyland measles outbreak: Infected woman took 2 flights before diagnosis <url>,1
FFBNE23M,Haah thankfully for me I was the first case of measles Duluth saw in 50 years when I was 16 months. 💁 no worries now.,1
QFOXEK2U,<user> <user> <user> what's MMR?,1
UGGTSDZT,"Measles at CSULB? Okay, great.",1
37ALYVXV,<user> well said! We also need a vaccine against the pencil pushers who create testing after testing which interrupt children learning,1
P964LYJB,#Ebola is gone how about them those #measles #vaccines,1
192,I'm firmly against vaccination.,0
XL5U7506,Dude wtf I have the measles on my knee,1
B1HZG7MU,<user> Do they have laminated menus with ketchup stains? Are you up-to-date with your vaccines? Then yes. Totally safe.,2
ZOVC6YE8,Proposed Bill Would Support Parents Opting Out Of Child Vaccinations: Denver.Democrats say the state already gives… <url>,1
GTPUVTSE,"ZERO reason for this!! RT ""<user> Measles Outbreak In Orange County, California Worst In Decades <url>",0
1UQBJ4OO,<user> <user> <user> how many people have died from diseases that have vaccines today? How many have died from climate change?,1
5QW8YZ6F,Bacc at it like a jack rabbit..... #OneNiteOneMicOneCity #sessions #mixing #mastering #indie #MMR… <url>,1
988MESPA,He can't handle measles let alone Ebola. NJ last in job creation! Christie would be a CATASTROPHIC MISTAKE FOR THIS NATION,1
8QT82SAD,Fucking right. #mmr,1
K5YKGMKP,Enjoying my New York Times #motown #nyc #mmr <url>,1
300,I don't want to receive the shingles vaccination.,0
6FJ9CGIW,The Indiana State Department of Health has issued some immunization changes for the 2014-15... <url> <user>,1
R4MUCMJ2,"<user> If parents exempt out of immunizations required for school, are other parents notified of the risk?",1
SU8EPYEY,<url> High Ranking CDC Whistle Blower scientist exposes #Vaccines do cause #Autism &amp; the #CDC Cover up. <user>,0
RIBQCDO1,This Thursday #MMR will be doing their thing once again at #DolceOnThursday hosted by my bi @ MANY MEN CITY <url>,1
KGXN4F2U,Kid behind on vaccines? Can we catch up today? Answers at your fingertips. Check out the CDC Vaccine Schedules app. <url>,2
BMPMX4DD,Measles Concern #Framingham Families <user> #Revere Votes Casino up or down <user> Cold Weather but no Snow <user> <user>,1
TS1WMWHU,.<user> There is a conversation to be had. When Jenny McCarthy talks on social she influences parents vaccinating children. #HealthBCDE,1
9QGQM10J,Baltimore Health Officials Urge Parents To Vaccinate Kids: Pediatricians from 10 Baltimore-area hospitals and the… <url>,2
143HKNUT,"People vaccinate your kids, outbreaks happen because people think they will get autism, educate yourself",2
BDK72D6H,"“<user> On average, people who complain live longer -Releasing this tension increases immunity and boosts their health.” <user>",1
DZ9OBQXM,Cambridge's Takeda Pharmaceutical Co. Ltd. is joining the campaign to develop a Zika vaccine <url>,1
3ZK9ABQG,😷: measles emoji,1
XD6R5FMK,First thing I was asked after parking at <user> was if I was ready for the Measles... Really?,1
SX8MX6OC,LAUSD Offers Whooping Cough Vaccinations Ahead of New School Year: Free whooping cough vaccinations provided by... <url>,1
0DGQBE1L,Critics blast ABC after naming McCarthy co-host of The View: Her opinions on childhood vaccinations that have... <url>,0
T7RR1JDO,"Doctors urge measles vaccinations for Indiana children: Among pediatricians and family doctors, there is a… <url>",2
E2IOSETG,Parents in California are now required to vaccinate their children before they can go to school <url>,2
V2ME7CXS,“<user> Measles case confirmed in Coshocton County; two more suspected <url> via <user> <user>,1
NRTK42NZ,Picked up a few accessories! #ar15 #223 #556 #mossberg #mmr #2ndamendment #2nd #alwaysready #FYF @ My… <url>,1
IC2G1UNS,"#noshotsnoschool RT <user> The science is clear: The earth is round, the sky is blue,and #vaccineswork. Let's protect all our kids",2
YGY0896F,<user> <user> may I suggest not to do so before our ability to vaccinate or somehow make our troops immune to the horrid disease,2
SBWCYCO7,"“<user> AIDS vaccine created at Oregon Health &amp; Science University may clear virus from body"" <url>",1
U6HJIAE2,<user> Never had the measles? So. Much. #WhitePrivilege.,1
9PZPHA6H,I ain't afraid of no measles! #Vaccinated #Disneyland #DisneySide @ Disneyland <url>,2
QE84QB9L,Catch the full clip on Facebook youbelongrugby see who has gas to burn! <user> #Madison #MMR… <url>,1
KRS4AWSU,5 infants at Illinois day care diagnosed with measles <url>,1
8LU2MFCC,<user> <user> <user> <user> <user> and are paying the price for lack of mmr requirements.,2
RH5T31K5,"Me and <user> #803 #804..... Young kings getting it....., #MMR #teamfreepour #BBoyEnt… <url>",1
V08DUQXI,<user> Mysterious Virus Spreading Across US &amp; Canada &amp; Primarily Affecting Vaccinated Children <url> #preppertalk,0
DJFUWDXS,This whole measles thing is ridiculous. Vaccinate your damn kids.,2
E4193BR5,Beautifully written! <user> Heartbreaking piece by <user> cost of vaccine-preventble disease. <url>,2
9BNY2XWW,Parents Urged to Get Kids Vaccinated For School Now: A nurse gives a girl a shot. (credit: George Frey/Getty... <url>,2
QJF59CKK,The CDC Says The Flu Vaccine Is Less Effective Than Expected - <url> <url>,0
TQ98M4ZY,"A new study that looked at 96,000 children found no link between the MMR vaccine and autism? SHOCKER!",2
MNOFW7MO,vaccinate ur children u dumb idiots!,2
AL0BMZDU,So #climate deniers then form conspiracy theory about paper on conspiratorial thinking ... <user> #vaccine #decodingsci,2
ESDLRR9L,Dear Troll anti vaxers PLZ save yourself trouble. Do not engage me wit ur BS non scientific LUNACY. This isn't AB GOV u fools! #measles,2
BG1P568F,"Some ppl just sit down , mix some concussions and release deadly disease into the world just to make money off the vaccine sales",0
A8DCZUP1,"If you are the front car at a light you have a responsibility to pay attention, and vaccinate your kids.",2
XR5Q9291,“<user> Measles death in Germany prompts calls for mandatory vaccinations <url> #vaccinessavelives,2
GR6J7H2H,"Time for some paper writing! Measles mumps and rubella, oh my! #getvaccinated #wgu",2
ENO3Z4AW,Do they have a vaccine for autism yet?,0
1LPFSRBK,Vaccination rate for kids in Greensboro area dropped from 82% to 72% in past four years - today in Greensboro News &amp; Record,1
MY7YA7PZ,5 scientists who believe that autism is linked to vaccines have been killed. Coincidence?,0
6Z27IJGD,CDC Says Measles Are At Highest Levels In Decades: (<url> have returned in the U.S. to... <url>,1
K8NLQL0Z,"My dad was telling Henry about Disney world it ended with ""you go there and you get the measles now""",1
QWQWI9EU,"California Measles Cases Rise to 59, Majority Linked to Disney Visits <url>",1
WN1OKP4X,<user> nah ebola is out!! measles is where it's at now,1
W20EYT0V,"#Measles vaccines are safe, I agree. But why #government should never be given God-like powers to wield a #syringe : <url>",2
2HOYSY0P,"AUTHENTIC EBOLA VACCINE, BLACK PLAGUE BLACK DEATH VACCINE, YERSINIA PESTIS VACCINE, HIV VACCINE. <url>",1
95SB7O3C,<url> #mercury #vaccines #autism,0
L12NT9FH,"Dr. Tomas Aragon says #measles highly contagious. Worries most about most vulnerable, unvaccinated, infants etc. <url>",2
E8XWIK6X,WHO estimates #vaccines save 2-3 mill kids annually RT <user> 10 reasons we love vaccines: <url> via <user>,2
YYHZ16NO,<user> <user> it's the measles,1
T5GTU67K,"<user> <user> Ay Lilly, please!!!!! Te pareces a los políticos de nuestro País, #MMR",1
H6P6CT2Z,"Public Health Prpdness tomorrow RT ""<user> Measles is risk in areas hit by Ebola <url> <url>",1
ORYVRKVQ,<url> #autism link to #vaccines,0
4WUBBSCM,Quarantined for measles? <url>,2
V8AAKTIS,"<user> I am aware that MMR vaccinations start at 12 months, well before they start kindergarten",1
NUAS7Y8N,"I know a lot of health professionals r pushing the flu vaccine but check out the ingredients. You really want mercury, perservatives?",0
2FYQHWD3,"""<user> People who complain live longer. Releasing this tension increases immunity&amp;boosts their health."" i'll live forever then. Lol.",1
0EBEON47,CDC says it is too late to make new flu vaccine for this season <url> via the <user> Android app,1
SBAR5QUO,“<user> Two schools in BH + S Monica have immunization rates in line with countries like Chad &amp; South Sudan <url>,1
N7ZTNWQQ,"If money was a disease, then I'd have a terminal illness. You'd probably have the vaccine.",1
339P2WMK,"I know this may come as a shock, but a new study places blame for Disneyland measles outbreak on anti-vaxers <url>",2
HOONBRX6,NISD urges parents to vaccinate children: The nationwide measles outbreak is causing many to question whether… <url>,2
353,I'd rather skip the tetanus booster.,0
XBH1DSG3,"<user> Try and keep a child from Scratching and leaving scars! The vaccines are not the problem, the environment is!",2
UG62H3FQ,<user> you probably have measles,1
P018KB2T,"Oh, the Irony! ""<user> ... Anti-vaccine megachurch hit with measles epidemic, now offering free vaccinations <url>",2
S4VYY2B0,"This lady that lives around me is slow , but everytime she sees measles me were my baby is , cause she always sees me when I'm with her",1
L9VVWN0W,<user> please Black parents immunize your children and not jump on this so called band wagon of choice not chic it's irresponsible/deadly,2
EMBI3VOD,Vaccine spray may not work for swine flu in kids: Health officials say the nasal spray version of the flu vaccine… <url>,1
I9Z82CL0,"Senior Technical Officer, Vaccine and Pharmaceutical Technologies, Seattle, Washington #internship <url>",1
PD5DKDO9,"According to a new study, vaccines are NOT linked to long-term effects in kids <url>",2
3PQ7KBKQ,<user> literally you're killing your child if you don't get them vaccinated. Smfh. Idiots.,2
S0V7GT6P,I had measles when I was 7. It didn't make morning news.,1
62MRY6EZ,"""We didnt get vaccinated&amp;we survived! I had smallpox measles mumps &amp;polio&amp;survived"" dad.No.U didnt have smallpox.""Yes i did &amp;I survived!""",2
TIPOQLTW,EDC in Dc madhatterdc #mmr #edm #ragedc #teammmr #dj #dmv #dupontcircle #connecticutave #dc #rave… <url>,1
KYQM9TJY,<user> should the measles vaccine be mandatory 😭 I got all the stuff I just don't wanna write it,1
MDW2EXP1,#Pet nail clipping and #immunizations kinda day. Keeping my babies safe and #healthy. 🐱😁 #cat… <url>,2
8C0ZOC06,Measles Cases in Ventura County Prompt Vaccination Advisory: Two visitors from Europe are suspected of falling... <url>,1
88UP9SGQ,"We always make sure our people are taken care of 😌 , only 2/3 of the MMR team🎩👔💼 #IRIE #Blessed #MMR… <url>",1
33HSQFAQ,<user> <user> our government has nothing to do with getting parents to have their kids immunized. That's parents job,2
KRSOD2PL,vaccines don't cause autism oh my god,2
SA97NJ5T,"<user> if both parents had the MMR shots, wouldn't the child have antibodies to protect them if they don't get the MMR shot?",1
FFJQ2Q4N,<user> So the expenditure of money is comparable to a capital crime? Doesn't RFK Jr have some vaccine lies to spread or something?,2
L7BG0ULR,The only reason measles is a thing is because of dumbass people thinking vaccinations are brainwashing you or giving you autism #Stupidity,2
E19EUP6F,"""<user> ""u go crochet or vaccinate fat kids"" LOOK LMFAOOOO""",1
NZ7TI6ZS,"Measles is extremely contagious, about 9 times more so than Ebola. It is irresponsible to leave your home without being vaccinated.",2
VKLIL62M,<user> <user> <user> <user> lazy language meant to mislead. Dare u to say the truth: vaccines do cause harm &amp; death,0
OFT9ZXD9,I feel like last year and freshman year I constantly had some sort of flu or disease or sickness. Acquired Immunity for the win!,1
204,I'd rather stay unvaccinated than get another COVID dose.,0
PVYU6FMX,“<user> Two more Johnson County children have measles <url> <user>,1
PKQ52RL2,CDC: HPV Vaccine Reduced Disease Rates in Teen Girls by 56 Percent: (credit: Robyn Beck/AFP/Getty Images)Boston... <url>,2
4E3Z1TLC,"“<user> <user> just ""ANDREA""ed me..” You said I had measles 😐 I don't fucks with that",1
69J5C3VI,keep seeing the <user> <user> commercial and can't help but think; hope they get measles. <user> gave it away like <user>,0
QR2OHD31,"<user> which can make the penis less sensitive. Just as vaccines don't cause Autism, always blame something else <user>",2
SM54249N,Measles on the rise in U.S. And Tennessee. What you can do to protect your family and how the disease made it's way back <user> at 10pm,1
Y2EST51F,Another Study Finds No Connection Between Vaccines And Autism: The MMR Vaccine protects against highly contagious… <url>,2
YE0L67RI,I use to love slide puzzles as a kid. I guess so did spencer. #immunitychallenge #survivor <user>,1
D6QPS33A,Hm. Must be a weird coincidence. RT <user> Measles in US by state before &amp; after vaccine was introduced <url>,2
XM02Z5GN,"I'm all for living healthy and fighting against GMOs etc, but vaccinating your children shouldn't be optional. <url>",2
IXNAQH1T,"I don't wanna go to work today said little Peggy Ann McKay. I have the measles and the mumps, a rash a gosh and 13 bumps.",1
M539VVB2,<user> <user> Measles outbreak puts your kids teachers and their friends at risk needlessly #inners,1
XZW9GIT0,"i must admit that it was a survey about vaccinations for children under the age of 3, but whatever! #smallvictories #CPSnext?!",1
2LVXDTH9,Baseball Coach At Santa Monica High Contracts Measles <url>,1
Z8BJ08WP,CDC's IIS: Clinical Decision Support for Immunization (CDSi) Update <url>,1
5ES54ZFG,"Sounds very encouraging: Tetravalent dengue vaccine safe, effective in Latin American children <url>",2
480,I've decided to skip MMR vaccination.,0
RFAU606S,"You tell them, <user> vaccines DO NOT cause autism. #KellyFile #DontHateVaccinate #knowledgeispower #vaccineswork #MeaslesOutbreak",2
Y9NQEAZW,Baltimore City Health Department Investigating Measles Case <url>,1
KKP8DVLF,#cooties shots (@ Allegheny County Health Department Immunization Clinic - <user> <url>,2
7LXNDH2T,"<user> had this discussion a lot mainly w ppl who r intent on thinking #vaccine causes #autism, I think diagnosis bc btr #awareness",2
OJKS1C3G,US measles outbreak casts spotlight on anti-vaccine movement <url>,1
SFRCDNVO,They tryna kick me out of school for a fuckin vaccine tho? Fuck type of shit is that?,0
KFC3U385,“<user> Can there be a feelings vaccine? That's one disease I never want to fucking catch.” OMG FOREAL THOUGH.,1
JEPHLF4L,"Co. And Signed. ""<user> Anti-vaxx kills. There should be no religious exemption for vaccination requirements.""",2
RDR3CQ9Z,#mmr7thyranniversary 4/26 @ 4Sixty6 @ MMR 4 LiFe <url>,1
235,I'm choosing not to have the flu vaccine.,0
WFY2V16P,Don't forget #meningitis #vaccine for those #college kids going away. It's safe and effective. #vaccinessaveslives without you ever knowing,2
WESJUFC4,<user> <user> and crap like that is why there are now huge outbreaks of measles in the UK,0
467,"No MMR vaccine, thank you.",0
VW7WXBEA,58 people in faith-healing community in NY diagnosed with measles after refusing vaccinations. Come on now.,2
XOPL097S,v a c c i n e s 💉 💪✅ #lastshots #vaccines #auch #africa #happy #awesomeness @ Passport Health LA <url>,2
W78J91KG,"<user> <user> <user> Not true. Ignorance is no answer 4 spewing lies. Vaccines has stopped polio,the #1 deathNBabies1/3",2
PUQTRM57,2nd Case Of Measles Confirmed In Colorado: DENVER (AP) – Colorado health officials have now confirmed two cases... <url>,1
04ADSR24,Still at the Pediatrician...I got 3 vaccines... And a lollipop lol Im such a child,1
79,I've decided against getting the tetanus vaccine.,0
ERN7ZDOL,<user> <user> but isn't friend-sourced info how people end up not vaccinating their children?,2
340,I'm completely opposed to meningococcal vaccination.,0
UXZ0499M,“<user> 14 of California's 32 measles cases intentionally unvaccinated <url>,2
71TH252G,Outbreak of measles? In this date and age? This is a good time to stress the importance of #vaccinations #WorldAutismAwarenessDay #liub,2
ZX40SJ2R,“<user> Second measles case confirmed in D.C. <url> SWEET THANKS DISNEY,1
3NGXN5WD,“We will probably see a case or two in the region:” Health officials prep for a measles outbreak in WI: The disease… <url>,1
95E2617Q,<user> Good deal! We need to make sure he's as immunized as possible since he's boarding. He's a great kid. No worries here,2
M24O8L7G,<user> ik we are all going to get sick bc u don't vaccinate your child,2
6RLIZ6L8,<user> <user> <user> <user> <user> nah lol I think MMR makes some pretty badass stuff along with Manley good brands,2
03VOXO22,<user> <user> no measles talk?,1
SWBNQCM7,"<user> <user> So THAT'S UR mantra?""Vaccines R safe &amp; effective"" ""Anyone who disagrees is antiScience"" Repeat.",2
IGFG6ZLN,"""I've never seen #measles"" #California doctors get crash course due to #MeaslesOutbreak. <url> <url>",1
YH60HFX7,Why the fuck aren't mothers getting their kids vaccinated is my question why do you feel your kid is more powerful than everyone else,2
XIBWADOC,Dr. R. Scott Kennedy said they set up the tent in case more than one #measles patient came in at one time <url>,1
SQVTGX08,<user> Have yng friend that had a normal baby. Dr. gave five vaccinations in t same appnt n a week later he showed signs of autism,0
8S5WPFXS,"<user> In our our age of global connectivity, anti-vaccination ideologues are a serious threat to the health of the world's people.",2
FC0QQNJ8,Blockwork #MMR #GMF @ MYRTLE AVE. <url>,1
HYKES0CW,"Mom's ""angry as hell"" Facebook post about measles goes viral <url>",1
H0E3UPSL,"The science of vaccination is still in a primitive stage, it's wrong for gov 2 force injection of a possibly harmful drug #CDCwhistleblower",0
ZEJWM2NE,<user> <user> <user> we cared for most MN measles cases sited and have shared many lessons learned,1
75DHZS8N,"((Cada Dia)) Measles is Not a Mild Disease: Measles Is Not A Mild Disease I had measles when I was eight years old. In those days, Ma...",1
2LGVOESB,<user> My mom had measles as child b4 vaccine was available.Watched her friend end up in a wheelchair b/c of polio.This is idiotic,2
UUMZ7A5W,.<user> all made more poignant by the fact that #measles was no longer endemic in US in 2000. Such a step backwards.,1
KA5CIG1W,<user> why the bogus vaccine injury compensation program if vaccines don't injure? <url>,0
4IPXYBBA,"It's 2015, vaccinate your kids. <user> you played a significant part in this utter lunacy. Terrible. F. #worstmotherever",2
4QXTTCV3,Another study sees no vaccine-autism link: Although some parents worry about the sheer number of vaccines babies... <url>,2
N3VAF9MF,Marin County Swine Flu Cases Prompt Push For Vaccinations: MARIN COUNTY (KCBS) — Health officials in Marin County... <url>,1
0MLHICO7,New salmonella-based 'clean vaccines' aid the fight against infectious disease <url>,2
NSJ3P45V,<user> vaccinate your child but not doing so simply because you think they can become autistic because of it is no excuse.,2
ZQIENEVQ,RT <user> If unvaccinated you’re about 35k times more likely to die from #measles than win at PowerBall: <url> #healthcare,2
GWH2YA4Q,"some old world steelo going down at villains tavern in dtla, I think she made me a cure for measles.. was looking for whiskey",1
212,No more COVID vaccines for me.,0
9K1YQ4X4,WOW MY GRANDMA JUST TOLD ME IT LOOKS LIKE I HAVE THE MEASLES,1
T9EZRJWC,Earlier measles exposure at Mesa clinic revealed: An unknown number of people may have been exposed to the measles… <url>,1
PDIXL3JZ,<user> what about protecting infants? Should people who chose not to vaccinate have lesser access?,1
WJ3PL17P,Check up and vaccination time. (@ Children's Healthcare Medical Associates) [pic]: <url>,2
183,I'm not going to get the shingles vaccine.,0
R3R31EV5,"<user> vaccinating your children to protect them is a impulse. Yet, to knowingly inject them with a product that has mercury in it. Why?",0
2P3OHV1G,If you don't vaccinate your kids you are a unfit for parenting,2
395,I'm saying no to travel vaccination.,0
OVNHHAN0,“<user> Salt Lake County Health Department Confirms Two Deaths From the Flu <url> get vaccinated!,2
XA12GNX4,Vaccinate! MT <user> Mom abandons anti-vaccine movement after all 7 of her kids get pertussis. <url>,2
JRWS5P5D,"""<user> Attn media!! Hope you watched the ustream press conference on vaccines and autism!""heard a lady talk on fox about it",2
HTBWVAYP,It's odd that we worry so much about disease when hunger kills millions and we already have the vaccine and the cure. #foodwaste,1
4BE7GMJL,"Having the doctor right an informal note. ""your son doesn't have diabetes, measles, arthritis, or cancer.. thank u for wasting my time.""",1
379,I'm passing on the hepatitis vaccine.,0
51TJSLQO,SafeMinds tries to frighten pregnant women not to be vaccinated <url> #antivax #liars #healthcare,2
9E9TTY81,#TweetThePress I can remember as a kid everyone in our town going to the local high school and getting a vaccination. #herdimmunity,2
IIFGERHN,"If I Got The Cold, Flu, H1N1, Black Death, Stomach Virus, Measles/Mumps, Chicken Pox Then You Got It To Because You My Gf We Share Errthang!",1
UF51A1T7,Don't be fooled into thinking that <user> cares about your health by giving flu shots! It's all about the $$. <user>,0
TV1EGQ1E,"I just added a Drinks highlight @ Single Brothers in Winston-Salem, NC <url>",1
UE8CLK0L,“<user> University study: Flu vaccine effectiveness claims are wildly exaggerated: <url> <user>,0
AV98FDFL,"If you're someone who doesn't believe in vaccinating your kids, then this week's episode of SVU is what you need to watch. Vaccinate!!",2
MSQ1IG7O,<user> I know a lot of school nurses and people fill out a form and ask for religious exemption from vaccinations.,1
UZ2BX22K,Dayton didn't know how to say measles😂😭😂😭😂,1
2ROANG6A,Measles confirmed at two Massachusetts hospitals: Patients who visited Massachusetts General Hospital (MGH) in... <url>,1
9Q13B59P,#ILoveObama Because he is a Good Man in A den of vipers. I hope Bonehead &amp; Net an Yay Who catch the #Measles!,1
600,Travel vaccination isn't something I support for myself.,0
IIAPBG6E,".<user> is leading &amp; participating in the 1st cross-border vaccination campaign into #Syria, immunizing children. <url>",2
9KLGEQ28,Me: your child could be the one in a million to die from a vaccination. Jenni: then I'll just make some more.,2
3T3QSWNF,<user> the saddest part is you don't keep your crazy to yourself My son is autistic F-heads like you insult him with your idiocy,2
BXQVU52M,"Immunity Smoothie! Kefir, fresh turmeric, pineapple, maca powder, ground flaxseed, and baby carrots.… <url>",1
STF9149D,Oops missed “<user> CDC: This flu vaccine is not as effective against current influenza because virus mutated. <url>,1
U1BYC8B8,"Good lord ""measles parties"" really?? I'm not gonna sugar coat it, that is fucking retarded!!",2
A8UB896F,Get your kids vaccinated so they can grow up. #makesafehappen,2
20PTYRWV,You people who don't believe in vaccinating your children are why the world has come to a stagnant stand still. WHY ARE KIDS STILL DYING.,2
AH06ZS9J,"What did i say?! ""<user> Health experts hope to have millions of experimental doses of Ebola vaccines ready by 2015. <url>",1
6EP73PSR,"""Sharks have the best immunity to diseases that are known to man and deadly diseases like cancer do not affect them at all.” #Sharks 🌊☀",1
NNJT38Q0,"Something I don't get: even if vaccines did cause autism (which they don't), how would not vaccinating ever be a preferable option?",2
4WQ86R6K,<user> Risk/reward fully compensates for any qualms of vaccination.,2
5HDS7853,Wash. has highest rate of kids' vaccine exemptions - Seattle Times <url>,1
EPLU1RAR,Immunizations for school! Oooouch!!! Lol (@ Intown Primary Care) <url>,2
4G89WQE1,.<user> Help save 6m kids' lives. Pledge $1 bill over the next 4 yrs to <user> the Vaccine Alliance. #everyparent <user>,2
ZQMGFYWR,"Please note: this US measles outbreak hospitalized, if you didn't catch that HOSPITALIZED 8 people <url> #vaccineswork",2
R4IDETDW,Hey irresponsible new media: stop getting the crazy anti- vaccs stay at home moms are jazzed up to spread lies. Kids need to be vaccinated!,2
224,I'm done getting flu shots.,0
KWE2JHH4,mmm hmm <user> Top U.S. infectious disease official hopeful that vaccine to prevent Ebola will ready by summer 2015: <url>,1
C8KFZJ2P,<user> que se yo.... #mmr,1
5UIMWY4K,"AMERICANS, We make a big issue about a vaccine, we do not take about how the disease got here, do nothing to stop it from reoccurring again.",1
CZKCU0CI,The All mighty (MMR) Music Money Records,1
Y8YZYY36,If you guys think you're not buying these measles bands tomorrow for a dollar then you have another thing coming.,1
EI8ZG3XK,<user> This anti-vaccination ignorance is is showing to be an incredibly dangerous ideology for both kids and the population as a whole.,0
EY9KDESY,<user> I AM against the poisons they want to inject into babies !! STOP following me!!!!!,0
Q7HES198,"😂 ""<user> Shonda tackling measles too?”",1
UC0HWDY7,".<user> sometimes public health actually encourages things, like seatbelts and vaccines.",2
URJFARJX,LA County Offers Free Hepatitis A Vaccines: The Los Angeles County Department of Public Health was offering free... <url>,2
YHBEY8L9,Parents who choose not to vaccinate their children may be liable if another child is infected as a result. <url>,1
430,Flu vaccination just isn't something I want.,0
GYTMUZ74,"When parents protect their children from vaccines, it's called 'kidnapping;' when hospitals kidnap children to... <url>",0
WVZLU50S,Vaccines aren't just for kids preparing for school. Adults need updated immunizations too. <url> <url>,2
R68QDT9C,"So you get whack jobs spouting craziness ""there is no global warming"" or ""it's not caused by human activity"" ""vaccines cause autism...""",2
Y7LWZ6KF,"<user> <user> that is totally irresponsible: if you love children and people, get them vaccinated. #savelives",2
6D92OYVN,"Measles case confirmed in central Indiana: INDIANAPOLIS, Ind (July 25, 2014)–State health officials have... <url>",1
IGZU73W1,<user> Measles parties sound like an outgrowth of thinking chickenpox parties are good idea by people ignorant of disease severity,0
2W63JEXZ,Let me rephrase: Getting your kid vaccinated is a choice most commonly made in ignorance.,0
O1QC1UHY,"<user> thats awesome, dont you think dr that having a vaccine for HBV makes pharmaceutical companies more reluctant to make new drugs?",1
FTTBDITH,But If Ion Get This MMR I Can't Attend Classes,1
30,I don't support getting the HPV vaccine for myself.,0
ZAJJ4EAN,<user> i bwt they wont because its a kid show... stupid kids they do not have immunity from the law!! Sue them! Ha,1
UIL4HE6H,Going to get some Measles!,1
47C08RKI,All y'all females weird except for NY 3 girls #MMR,1
9T6QA1CE,Indiana health officials suggest flu vaccinations for dogs <url> via <user> #dogsrock #prevent,2
ACW4PL1E,You are dumb as shit if you don't vaccinate your kids.,2
EJ56KRA3,"Rylan's check up and vaccinations. :( (@ Children's Health Center in West Reading, PA w/ <user> <url>",1
0GE0Y01P,<user> when are you heading to miami . I was wondering if you had any information about immunization shots for a newborn.,2
488,I'm not interested in getting vaccinated against shingles.,0
VT2XSJ07,#Repost <user> with repostapp. ・・・ Shout that boy comin out of jersey <user> #MMR doin his… <url>,1
H4H8VCD2,Sis been in the city last night..... <user> ..... #foreverme #YPC #MMR #BBoyEnt #burglife <user> <url>,1
402,I've decided that another COVID shot isn't for me.,0
FNGWTN0A,CDC urges all Americans to get flu vaccine <url> via <url>,2
9VF69R5P,I'm pretty sure people who don't vaccinate their children also leave shopping carts to roll around parking lots.,2
6CXSFESI,Watching your babies get their first vaccinations has to be the worst thing ever! I felt horrible and they looked so helpless #momproblems,2
JO6CR3X4,"Sigh. &lt;scratch&gt; “<user> Measles: Going, going, coming back ... <url> <url>",2
2N6FLVEX,Visitors to Long Grove Menards may have been exposed to measles: The Lake County Health Department issued a warning… <url>,1
VK0D82XG,"I will be bringing my niece &amp; nephew to #sdcc2015. If you or your kids are not fully immunized, please don't come. #antivaxers",2
9KKTNB99,#Ebola Ebola vaccines prove safe for 600 - The New Dawn Liberia <url>,2
ZKRJ4UNQ,"God creates all diseases on earth. Vaccines are created by man to cure diseases. God gets credit for cure. Yeah, God surely is mysterious...",1
0V1VCD71,MT“<user> #GOP Sycophant Gohmert Calls Vaccines a Liberal Plot as Measles Outbreak Tears Through N. #Texas. <url>,2
VYEA1S7W,<user> <user> Get your children vaccinated.,2
QUU6MO1W,"<user> Dr. Henri vandenHombergh: while #vaccineswork we can't forget value of breastfeeding, hand washing 2 decrease diseases <user>",2
NVMLNM96,you know you're a 90s kid when your vaccinations were MANDATORY TO BE IN SCHOOL and no one brought home MEASLES,2
UHYETGTV,Was just listening to The Vaccines and then went straight to JT so now you know what it's like inside my crazy brain. #realtalk,1
O7V6F089,“<user> What you need to know about #measles <url> good recap. Thanks #NYTtimes,1
91Z7AUG6,"For the record, I vaccinate my kids.",2
9F1J3C3F,"VACCINATION=MODERN MEDICINE WRONGDOING=CAUSE AUTISM KILLER,CAUSE ASHMA,CAUSE CANCER,INFLAMED BRAIN ,CHICKEN POX ,MMR=DESTROY FLESH",0
VX9VY0WS,How well-vaccinated is your child’s kindergarten?: The California Health and Safety Code requires elementary school… <url>,1
NLGMJRI7,In a catch 22! Seems like everyone is 100% sure I should give another MMR shot to my son! Measles he has immunity to the illness ....1/3,1
9JMTKLAS,"""<user> Vaccines Protect the Youngest Babies. flu vaccine for pregnant women, and rotavirus vaccine for infants. <url>",2
XTN57OAW,<user> #GOP STOP blaming #Immigrants first #Ebola now #measles Which diseases?brought their ancestors?#AINF <url>,1
N8419O3Z,Got fucking infantago on my arm from my dads stupid ass cat that doesn't have any vaccines. It's basically a wild animal,2
LWI0ADI5,School expels 8-year-old daughter whose mother refused to give her #vaccine booster shot that family ... <url> #kids,1
Z3NLE7AI,"Once I hit 5-6k MMR in DOTA, I'll add it to my bio. Then move on to the next moba.",1
G3S2RDAA,#Oomf got the measles,1
FDA0KA23,RT <user> Join a global vaccination effort so that all children get a shot at life. <url> #globalmotherhood #jnj,2
F3COA8JK,<user> is your polio vaccinated against children,1
S4J9BY47,"Vt. officials urge adults to get vaccinated: BURLINGTON, Vt. (AP) — Vermont health officials are urging adults to... <url>",2
S469FWKK,#Ebola Ebola quarantine breaker says measles is 'everyone's responsibility' - Twitchy <url>,1
TAYPG166,<user> here here <user> we agree on vaccinations. #kidshealth,2
RP1GEW4X,#Jennifair by dannystylez1 and <user> / smoknfaces #jennifair #mmr photo by TimMogul <url>,1
44ZFJ0SM,Say what?! RT“<user> Wondering how you caught the flu? CDC says this year's flu vaccine is only 23 percent effective: <url>,0
LAKD5BAW,"<user> I believe that without a doubt, vaccines before age five is related to autism.",0
1OOQIAC3,"Why you should, and shouldn't, worry about measles <url>",1
262,MMR vaccination is a no from me.,0
OPE5CRG7,Health Officials Investigating Rare Adult Measles Case: DALLAS (<url> – A 49-year-old man in... <url>,1
3ZYZ2KRH,Omg I'm so MF heated. My school is ridiculous won't let me register cause I don't have some immunization. What the F.,1
19RWOF6G,🌀 We found a watering hole 🌀 . . . #hiking #doghike #mapmyrun #mmr #underarmour #ruleyourself… <url>,1
R77QMVBP,SB28 [NEW] Require meningococcal immunization for school entry. <url>,2
189,I'm not interested in a shingles vaccination.,0
YCI58WR2,We vaccinate to prevent death. Not for convenience. #Vaccines #prevention #Pediatrics,2
PQ3V2GHS,Vaccinate your fucking children,2
4L2AQAHT,Berkeley City Council to send letter of support for vaccination exemption bill: Berkeley City Council will send a… <url>,2
VIL0P079,<user> how about using Ebola as a platform for #Vaccines that parents refuse to give kids against deadly diseases that we've already wiped?,2
OU7BISJM,My MMR is so shit it's gonna take me like 10 wins in a row to get to promo.,1
VRYIZF86,"<user> free to endanger w/ measles, whooping cough, meningitis, several types of cancer, etc.? Freedom to neglect ur child? #txlege",2
Y1NI9FUS,"<user> <user> <user> When it comes to immunizations, which was your original argument, it does the same thing",1
9SCBVTZP,1$Mug Noche <user> #mmr #mixmasterrod #dcdj #mmr @ Mad Hatter <url>,1
291,I'm choosing to decline shingles vaccination.,0
CAB0DBSI,"""<user> #UPDATE #CBS3Breaking: Health Department Rules Out Measles In Montgomery County Teen - <url>",1
FAOJ9UTU,We've got Karen Long from the <user> Health Department in studio this morning to talk about adult vaccinations.,1
APEI238N,Immunizations for school 😥👎💉,0
QOQV11HS,<user> I have to go get vaccinations for college. I'm deathly scared of needles. Therefor I may die.,0
8ALHQ663,La Mesa urgent care shut down due to measles cases: The urgent care clinic at Sharp Rees-Stealy in La Mesa was… <url>,1
1EKWOYCC,Now I'm talking to my coworkers about the measles outbreak at #NYNOW and pinning looks from fashion week 💋💌💋,1
E6KKSYIB,Flu vaccine will protect children against influenza but not EB 68,1
NZDN0PSW,"“On average, people who complain live longer, Releasing tension increases immunity & boosts health.” <user> I AM doin somethin right",1
NQMT5C70,"My party affiliation has never influenced whether I #vaccinated my kids. People who think it's a ""liberal"" thing are idiots. I vaccinated.",2
39EE91VG,“<user> More than 500 parents arrested for not allowing their children to get the polio vaccine <url> US parents!,2
SFS1RIG6,<url> Mom whose child died after catching Chicken Pox advocates for vaccines.,2
41N4VVH1,My baby just got his rabies vaccination #Frenchie #FrenchBulldog <url>,2
QISV5KF5,<user> 4th annual Health &amp; Wellness event #palmspringsunitedmethodist #immunizations #backtoschool <url>,2
GK964E58,"California measles outbreak: 123 cases, latest is in Solano County: The California-centered measles outbreak has… <url>",1
HJ4A77HA,Vaccinate your fucking kids ya dingus.,2
JWK5ZJPO,MT <user> R u 4 or against vaccination? #anti-vaxxers put this mother n her baby in quarantine <url> <url>,2
9M84B32F,<user> Everyone that thinks vaccines give their kid autism should spend 30 minutes with a parent whose child died from whooping cough.,2
0F2RK1PZ,Let's Get it on people! Vaccine rates will go UP in EKY....just sayin'. Get ready!!! GO PREVENTATIVE HEALTH!!! <url>,2
52BCN81O,<user> <user> Quite sure. No scientific study has ever linked vaccines with autism (let alone AIDS).,2
H4B3TMNB,"Dreamt that children infected with measles became immortal, power-hungry rat children, so parents plz plz vaccinate your children.",2
Z9SGAZFE,<user> GOD I AM A BORED SUBURBAN MOM oh my god VACCINES ARE TRYING TO RETARD MY CHILD,2
O4JANZLA,Lunch time! #MMR #UTEP @ Fox Fine Arts <url>,1
TLGUAE4Y,Access to Fitchburg school is limited amid measles scare -Worcester Telegram <url> #SouthFitchburg #MA,1
EL0ICZOD,<user> <user> can/should vaccines be considered your entry fee to society as well? What about entry fee to public schools?,1
9WQORUXF,<user> get that bump checked out .. Maybe you have measles or something,1
UB3XNSC9,Got Caught Slippin' <user> #mmr #connecticutave #dupontcircle #dj #dc #dmv #dcdj… <url>,1
3Z85T42T,<user> IF YOUR LOOOKING FOR A TRUSTED MMR PRO STATUS MEMBER WHOS SELLING COINS FOLLOW AND DM ME.. <url>,1
WOFNVVVK,Why have a animal if you don't give them heart gaurd and flea and tick every month? You wouldn't have a kid and not vaccinate them right?,2
WE9UITK3,Massive New Study Provides The Best Proof Yet That Vaccines Don’t Cause Autism <url>,2
VD31CK4H,About 51 people in California have the measles in an outbreak that is traced back to Disneyland. <url>,1
GJVHHRLE,MMR is definitely playing a song by the wiggles right now 😂 #whatisgoingon,1
HJ4L4VIW,"Chemical molestation of children, that's a first!!! Lmao!!!! #SB277 #VACCINESWORK",2
K7Z8S1RN,HB3188 [Update] Torts; providing immunity for certain persons producing risk-assessment reports for schools; eff... <url>,1
UKLLWVZ9,barefoot child in mall. #immunitybuilder,1
MYWY226R,“<user> Data has no impact on those who fear vaccines as the fear is irrational. This cartoon from '30s. <url>,2
8QDH30NE,"Public Health teaches people to be afraid of shots. Less likely to go to MD, vaccinate &amp; more #needlephobia #TEDxPT <url>",2
GO4M2S10,Swiss Family Measles Outbreak. <url>,1
W26K3JPI,"Just saw ""vaccines contain harmful toxins"" on my TL ......",2
DE568XKT,A child needs 16 vaccinations before starting Kindergarten? Wow! <url>,1
1EX82GGW,MT <user> Vaccine for Prevention of Mild and Moderate-to-Severe Influenza in Children —NEJM <url> faint praise,1
BM1R1ABC,Hmm <user> National dogs day is trending. What about our human vaccine injured KIDS? .<user> #CDCwhistleblower”,0
LA1C2V6X,Measles outbreak:AZ officials tracking1000 <url> bet it started w/NOCAL crunchies #vaccinateyourkidsalready #vaccineswork,2
RPKMRI2G,io9 Read Roald Dahl's Heart-Rending Endorsement Of Child Vaccination <url>,2
6PAIT3OJ,"And people don't want to vaccinate! Measles outbreak in B.C. reaches 300-plus, tied to 4 U.S. cases <url>",2
5VY29577,"Moorpark College Warns Students, Staff of Possible Measles Exposure <url>",1
16EO7SOO,<user> except the vaccine is doing the harm. All the deaths in Texas are from people who got the shot.,0
MWSH2JE2,"""<user> MMR VIP #MMRBQ pre sale is SOLD OUT! I got mine at 10:05 am!",1
J3I2MM1E,Does chicken pox even happen anymore? I know I got that shit but I feel like every kid is vaccinated,1
QIISPPMU,My dad thinks I have the measles ok,1
JOM84K21,"Mumps, measles cases continue to rise: As of yesterday afternoon 433 cases of mumps have been linked to the... <url>",1
R3SFFHSP,i have to. o write a 5-pager on vaccine safety. WTF i know nothing,1
1AWWJRA1,<user> YES! Let's Make HPV Vaccination a Public Health Priority <url> via <user>,2
JOGUH9N9,Came to the doctors to get my ear checked out and they gave me a vaccine shot for some disease instead 😒💉,1
O44VVHXC,I don't think I will ever understand people's reasons for not getting vaccinated and not vaccinating their kids. What?!?! Explain?!?!,2
WOE1J7KF,"Austerity is not a Vaccine to Crisis... It is a Parasite with Pandemic Potential! It Drains Life, Killing Slowly! #OccupyChicago",1
S9I2WRCU,“Seattle Kings Of Leon fans may have been exposed to measles <url> They may have also been exposed to terrible music.,1
H0AR80GW,Vaccines and Autism <url> via <user>,1
OIO37VFG,What's more negligent? Choosing not to vaccinate or forgetting to get your kids vaccinated?,0
XK65QC2W,12:30 today. Vaccines prevent disease. At least according to Big Reality. <url>,2
7E3ZD3VO,"<user> thank you for writing this! Hubby had measles as a kid, goes for spinal tap Monday to see if he has MS. Didn't know abt this.",1
364,I've decided to skip the hepatitis vaccine.,0
75S2LWJX,"Drugmakers, health groups bring poor girls vaccine: TRENTON, N.J. — Two multinational drugmakers are teaming up... <url>",1
KYDB8EYR,"I wholeheartedly agree! --&gt; <user> says we need to ""redouble our efforts on child survival"" #vaccineswork #getvax <user>",2
KTVGZLUH,"Because mapmyrun stinks, I am only pretty sure I did my 9 miles around Lake A &amp; College Park this morning. MMR says almost 12 miles. #IWish",1
8DJL4ZOU,I wonder what my Facebook feed would look like if Kanye and Kim announced that they weren't going to vaccinate their child....,1
0OHD7LCP,Hey it's your right to choose if you want your kids vaccinated - but you have no rights over your own body if you're a woman. 💖AMERICA,0
VD2NJMGF,Plan for the day: make it through Disneyland without getting measles #AbbyAndGrassAndRatchelAndShel,1
PZD1NUH9,Measles is cool and all... but wouldn't it be more entertaining to watch polio wipe out genetic stupidity?,0
QIL8HL2C,Vaccinate your children. Goddamn.,2
157,I'd rather not have a flu vaccination at all.,0
APLYIMED,"Thanks, Anti-Vaxxers. You Just Brought Back Measles in NYC. <url> via <user> VACCINATE PEOPLE! UGH",2
IIT1RSJN,<user> <user> <user> <user> Here's my new ring tone.😄 Vaccinate Your Kids - Mitch Benn: <url>,2
FMG8ARQN,"So, this NHL a mumps outbreak kinda highlights the importance of vaccinating your kids or something, right?",2
4TYD5RFJ,"Can I petition this group to change its name to ""people my kids won't be hanging around with""? #Vaccine <url>",1
6YJYR0GQ,"Celebrities that don't vaccinate their newborns, and preach the ""conservative"" lifestyle, need to be bitch-slapped. #badrolemodels",2
F7GSFRPT,'No one with an IQ over 120 follows the full CDC vaccine schedule' Discuss. #vaccinedebate #hearthiswell,0
HNFKQ3YE,<user> <user> Reports say 6 of those diseased WERE vaccinated! Out of 35 cases where vaccination status was known,0
NCAHU1GA,"When we forego vaccinations for our kids, we're saying we'd rather them die from a horrible disease than possibly have autism...",2
WTZIDWA3,Follow me down the rabbit hole <user> #mmr #dc #dj #rabbit #hole #mixmasterrod #photoshop… <url>,1
Y01SU3LN,Console Generation Vs ISIS | MMR Vaccine Link To …: <url>,1
T5LGEZ5F,People talk about how they aren't getting there kids vaccinated because it causes autism even though there is no evidence to support this...,2
435,I'd pass on the flu vaccine if given the choice.,0
XLYFKXD2,Kristin Cavallari has once again confused vaccination with people wanting to sterilize her and Jay Cutler. YOU are the disease Kristin.,2
P5HGAVH6,Vaccinated measles patients are not good in transmitting the disease when compared to unvaccinated. #idweek2014,2
8NV9NKQN,"<user> <user> I think if don't vaccinate ur kid.That's fine. If ur kid gets sick cuz of it, we just have to put them down!",2
492,I don't intend to get the shingles vaccine.,0
UJ2H9KDJ,“<user> <user> Sir.” Get a science education and stop lying to parents. Their kids need to be vaccinated to protect everyone,2
XTR1EXUG,<user> Let the Science Speak: The Evidence Supporting the Immediate Removal of #Mercury from #Vaccines <url>,0
D4HY4H7J,I wish I could go back in time and not get my kids vaccinated 👎,0
DJ7TPFS2,RT <user> Why Mumps And Measles Can Spread Even When We’re Vaccinated <url>,1
Q80H6Q1J,Once again: everybody vaccinate your children and yourselves. Not to do so is dangerous for us all. <url>,2
SQX9P6GD,"<user> like that vaccines cause autism, which had been totally refuted. Surely you see the flaw in that mindset.",2
EQV52YHH,“<user> Neuroscientist Makes It Clear Why Aluminum Adjuvants Should Not Be In Vaccines ” or sloppy science <url>,0
282,I'm skipping the shingles shot.,0
OYYEJLXW,"No flu shots, but other immunizations at HEB schools event this week: The folks at Hurst-Euless-Bedford schools say... <url>",1
62,I'm against getting the meningococcal shot.,0
TU7H8XH2,I will let my kids roll in the mud. And play with animals. And climb trees. Build their immunity and their toughness.,1
AAG7GDWK,Law of Unintended Consequences “<user> How Congress brought the measles back <url> via <user>,1
BVK9RMKC,"What's awful is there are researchers working to cure Alzheimer's, cancer, ALS. Now do they have to stop to find a cure for measles",2
C5ULRGNS,Involved in fight against #Measles and other #Vaccine preventable diseases? Tenure Track opening <user> <url> #JoinUs,2
QTQFPVG8,"Parents who refuse to vaccinate kids, though. Would be comical, except that they're bringing back diseases which were eradicated years ago.",2
WBXLNJM8,Central Jersey funeral home visitor had measles: State health officials say a person who tested positive for… <url>,1
V9D94IGN,"Homeland Security employee who helped license animal vaccine is a Sammies finalist: As a child, Michelle Colby... <url>",1
12QT17XI,"""<user> Wheee! Wealthy Los Angeles schools have vaccination rates as low as South Sudan <url> #WTH",0
4S2NEXMQ,I got a booboo sticker because my inner child was brave 😺 #ouch #flushot #immunization @ California… <url>,2
CN2RER7Y,This is probably the most infectious of all the known viruses or illnesses “<user> The New Measles <url> #getvax”,2
2VQNE3EC,"<user> why is everyone making such a big deal out of this. If want the measles don't get the vaccine, if you don't get the vaccine.",1
X3SI4B46,Free Meningitis Vaccines Offered in Wake of West Hollywood Death: WEST HOLLYWOOD (KTLA) – In response to the... <url>,1
EENMVJXC,Getting my MMR vaccine. Go to the doctor. It might save your life. (@ West Des Moines Family Physicians) <url>,2
56MCRS4R,"Recovering a vaccine damaged child possible, but unnecessary. parents Do the Work. The CDC, the media are not trustworthy #CDCwhistleblower",0
G5Y35JOY,He said Shawty what you sippin on.... #HennyInMyCup #WhySoThick #MMR #ILuvvIt pulseonwed @ Pulse… <url>,1
EXBMA5N2,Why it's important SWFL families protect their families from the measles virus...I've got the answer coming up in ten minutes. <user>,2
706BR5G5,"Anti-Vaccine Doctor: I Don't Care If My Kids Make Others Gravely Sick (VIDEO): <url> talk about a selfish, ignorant jerk",2
RUBPXTK1,"<user> and I meant that the new mmr counts your gold, objectives and kda",1
0DBRSHXP,City Offers Vaccine As Number Of Meningitis Cases Grows: The Chicago health department now says a meningitis… <url>,2
CFLIQGF1,"Sad RT <user> 6 dead as vans carrying polio vaccination team hit by roadside bomb in Pakistan's northern Khyber Agency, authorities said.",1
NDTD2HK1,"You guys missed Tom Brady's post game speech. Instead of saying he was going to Disneyland, he said ""go vaccinate your children you idiots.""",2
XIUHR4U1,Tarrant County Confirms Another Measles Case: TARRANT COUNTY (<url> - Another measles case has... <url>,1
3PN9P15B,The latest study showing no connection between vaccinations and autism. #VaccinateYourKids <url>,2
ZWVVB72A,Hope! 😀 Massive dose of measles #vaccine clears woman's #cancer <url>,2
223,Flu vaccination isn't happening for me.,0
VAE3N78A,"Jim Carrey Calls Gov. Brown A ‘Fascist’ For Signing Mandatory School Vaccination Bill: The actor, who believes… <url>",0
YFV7DCMA,“<user> #⃣MMR <url> u cute,1
7S3TJN49,"Still need to get my chicken pox shot so My mom softly sings.. ""Samm needs a vaccine"" looked her dead in the eyes and told her to fuck off.",0
SECZX8WE,SB121 [Passed] Meningococcal disease-pupils to be immunized against at recommended age <url>,2
ES26S1E3,“<user> Traveler with measles passed through Sea-Tac Airport Jan. 18 - people may have been exposed: <url> awesome,1
107,"No vaccines for me, thanks.",0
6V2BD68T,"<user> that and with how often she eats and fills diapers, I strongly urge 2-3 months because lack of immunities sick baby is NO FUN",1
RXGINWS5,Mercy - a moment of sanity!!! RT <user> Ben Carson On Vaccinations: We Shouldn’t Allow Diseases To Return <url>,2
0DGBV99G,Stuff.co.nz: Pupils ordered home in #measles outbreak. More than 300 people have been quarantined since the start of... <url>,1
0W8NBHZQ,<user> parents that do not get their children vaccinated not due to extreme financial hardship should be charged with endangerment.,2
K40K8UIP,"<user> myson developed regressive autism after his vaccines,guess theydidn't workout so great for him,wish he'dgotten Measles instead",0
UXQ9W49V,"CA commuters, students warned: You might have measles: (CNN) — Could simply sitting on a train or in a classroom... <url>",1
LZY9MJA4,A book promoting the benefits of...you guessed it...Measles(hilarious reviews): <url>,2
U7JD7HFY,The Games About To Change <user> #mmr #dc #dj #dmv #djflyer #downtowndc #dupontcircle… <url>,1
JD61V25G,4 plus years and Mogul have created something new for the music world. #MMR <url>,1
71QYA6YO,If you don't vaccinate your kids you're a fuckin retard.,2
SDB4N4R3,It IS your right to not vaccinate your children ..... But it is not your right to send them to school that way.,2
JTEMSEJ0,People who think that doing a juice cleanse will keep them healthy are probably the same people who think vaccinations cause autism,2
QPQ8JYU1,AB2832 [NEW] Immunizations: vaccine injury information. <url>,1
ZU8DG00Z,"""LOOKING ASS BITCHES"" <user> <url> #EAZYMIX #MMR #CIROCBOYZ 💯 <user> @ EazyMix <url>",1
QCWCTKJJ,Why might parents mistakenly claim vaccines cause #autism when there is no link? Dr. Vince Iannelli <user> <url>,2
U0LFSNTB,Story on CNN right now: Do parents have right to not vaccinate kids?,1
24HGSJF6,"MT <user> Measles Scare In Canada: <url> important word here? ""Scare!"" Informing parents is better than scaring them.",1
OMSEBQ3R,Two cases of the measles reported in Metrowest region: The Massachusetts Department of Public Health has... <url>,1
TBF0XMDC,"Thanks Anti-Vaxers. ""<user> LOOK AT THIS MEASLES GRAPH. LOOK AT IT AMERICA. <user> <url>",2
6YI2EUX4,This Picture says it all. Stop this Insane Irresponsibility before we let out more Diseases. <user> <url>,2
HVQZFUS9,Things that aren't true MT: <user> The health of the unvaccinated is far better than those that have vaccines.#CDCvax”,2
ZPMI6D8R,"Strawberries provide vitamin C and antioxidants. Good for skin (collagen production), immunity, and heart health.",1
C39F3IT3,<user> Jenny what is your opinion of everyone calling for kids to get the Measles vaccine? I'm torn about this.,1
BBGYXP48,AIDS N : MMR Vaccination May Not Be Reliable in HIV+ Children <url>,1
5KPYIWGF,"<user> RT“<user> On average, people who complain live longer -- Releasing this tension increases immunity and boosts their health.",1
EBNAHPKR,<user> it's like the Princess Bride. He has been ingesting the poison little by little to build up an immunity.,1
SHY7S4LK,Jon Stewart on the only thing the unites red and blue America: Measles <url>,1
KHA6LZ6C,Don't bring that measles &amp;&amp; Ebola shit in Baltimore,1
BM1S1RIZ,Anne Arundel targets raccoons for rabies vaccine: - The Anne Arundel County Department of Health will start… <url>,1
Q5UVF2V3,<user> I just read that kids that eat their boogers have a stronger immunity! #neversick #newtrend?,1
LZSDWTZT,Vaccination? RT <user> How Germany has kept its cool during a recent measles outbreak <url> <url>,2
6EVJNH4L,<user> I hope it's not measles,1
FBFL512L,Six Month-Old Baby Dies Just Five Days After Receiving 13 Vaccines <url> They say it's just COINCIDENCE,0
YXR5NRNW,"Measles Case Reported At RI Hospital &amp; Roger Williams Medical Ctr.: PROVIDENCE, R.I. (AP) — Authorities are... <url>",1
I8I4AKTO,<user> it's not that rare it's just the measles... Didn't u get a vaccine for it when U were a baby?,1
6DJMR5QU,Rice students raising money for children's vaccinations. #ricestudents… <url>,2
33,I'm opposed to MMR vaccination.,0
AUTV820Z,<user> wouldn't it be nice to help cure autism &amp; and along with vaccines cure other diseases? #trump,1
MWTWX9US,"Senior Health Specialist (Routine Immunization), New York, (P-5) UNICEF <user> #jobs <url>",1
HQF5RMR8,<user> lol I tol them yestetday ur name is all u have n will get u farther than money lol #MMR lol #bout dey biz,1
8YIDGNAL,Africa and the rest of the world should seal its borders... From the U.S. that is. #measles #jennymccarthy #ignorant,1
COR38DDF,<user> <user> <user> Vaccines safe 4 most not ALL kids <url> <url> <url>,0
318,I'm staying unvaccinated when it comes to pneumococcal vaccination.,0
8761F0ZB,"SOURCES: Argentina Pres. Cristina Fernandez de Kirchner vaccinated as a child, lead her to plot the murder of prosecutor Alberto Nisman.",1
2GVOHR52,My mmr is trash now.,0
D9H1YOYX,"Whaaat?! MT Vaccines should not be required for kids, say 41% of U.S. 18-29 year olds <url> <url> #stupid",2
OU5LMYGO,"Grabbin tht Taylor Allderdice, Maad Kid, Black Album, The Documentary, The Massacre, Diplomatic Immunity, Urban Legend,The B Coming on vinyl",1
PELFFNN6,<user> hell yeah. Do you think she thinks the baby has an immunity or something?,1
85LZF35O,So measles is the outbreak at the moment.. wonder what they're blinding us from now..,1
E16RE3LZ,Does a vaccine exist for the disease of being busy? Great article from <user> : <url>,1
YU5ZQUUT,Are you at risk?: Measles cases at highest level in 20 years: (CNN) — More people have been infected with measles... <url>,1
V1KV1RTW,The Real Issue That #Vaccine #Truthers Like #JennyMcCarthy Should Be Focusing On. #mmr #measles #autisim <url>,1
48WW06C8,Health officials stress importance of vaccinations for measles <url>,2
SJSH08RB,<user> <user> Vaccinate your kids you idiots.,2
DJKF6ME5,"Huck is like ,""It's my immunity and I need it now!"" #Scandal",1
QYCLX1ST,Folks are really angry at CDC (Center for Disease Control) 40% of Americans don't trust vaccinations #CDCwhistleblower,0
211,I'm not interested in receiving a COVID booster.,0
R7YB9RS6,<user> there is a vaccination you can get to prevent measles mumps and Rubella,2
59,I'd decline the pneumococcal vaccine.,0
2ROTNG2K,Lol I always joke about it but I think charity work grants you immunity like I cursed in front of my mom but its ok I did event for the kids,1
474,I'm saying no to MMR vaccination.,0
886QAC8F,AZ confirms 8 additional cases of measles. Additional community exposures identified. <url>,1
LJ4TX7IG,"<user> <user> <user> So you want be vaccinated and will risk your health and the health of yourself, children and others?",2
M6HSZT7Q,<user> yes there is plain measles vaccine. Good question. Avoid#toomanytooclosetogether,1
C6IWVY5I,"“<user> ""82 percent say childhood vaccinations should be mandatory for all children” <url> #sb277 #communityimmunity”",2
194,I've decided to reject vaccination for myself.,0
LH0PSB28,"Vaccinate your children, Parents. Christie is a buffoon. That shit is necessary as fuck.",2
1T5BM6UT,People need to get there children vaccinated! There are very bad diseases coming back!,2
MM3XH0PP,<user> well if you don't vaccinate your children and it causes another ones death you should be held responsible,2
7N348DJF,“<user> University to distribute meningitis vaccine that hasn't yet been approved - <user> <url> sounds safe,0
G50KDYYR,“<user> I'm hoping that someone who injects botulism into her forehead tells us how harmful vaccinations are. #Oscars2015”,2
9YQ73ZXX,Harnessing RIG-I Innate Immunity to promote selective Killing of reactive HIV reservoir cells… <url>,1
55,The pneumococcal vaccine isn't something I want.,0
H3GYHWR6,<user> Franchise Liaison - Murder They Wrote :: VirDiKO MoBiLe <url> #MMR <url>,1
MQ3I61WR,<user> you gonna tell people the truth about vaccines??,1
3K7PDQKY,"Senior Technical Officer, Vaccine and Pharmaceutical Technologies, Seattle, Washington, United States #internship <url>",1
IWSG02SR,"“<user> On average, people who complain live longer -- Releasing this tension increases immunity and boosts their health.” #immortal",1
XM4MGIPY,Study: Vaccination Against Measles Helps Body Fight Off Other Illnesses: A new study suggests the measles shot… <url>,2
OSQEGJHC,Bill to Eliminate ‘Personal Belief’ Vaccine Exemption Passes Key California Senate Committee: A bill that would… <url>,2
OYQDMUUN,Vaccinate your children. Jesus!!!!,2
A6W8OJND,Yep mmr at my local bar\m/ mics rulrs @ Mustache Pete's Grill At Mic's Bar <url>,1
QFVSWKS6,Also shut up about vaccinations. I vaccinate my kids. Wanna know why? Diphtheria. Pertussis. Whooping cough.,2
A4RJL3YE,California Assembly Passes Strict School Vaccination Bill; Awaits Gov. Brown Signature: California’s Assembly has… <url>,1
LTTD2ZS9,The REAL VACCINE FORMULA TO CURING ALL #5 STRAINS OF EBOLA # THE AMERICAN WAY # HEALTH CARE <url>,1
RMX8GP74,<user> Human testing for #Ebola vaccine? They are scared of this #EbolaOutbreak. Live virus?! Level 4 suits for all!!,0
JKRMM4MV,".<user> carries more weight too when it's your kid. I'd do anything to keep him safe. Don't get the anti-vaccine-movement's ""science""",2
XR4QTSJN,“<user> Printing the pills and the packaging around them? Even 3D printable vaccines. #AF4Q <user> next-printable diseases!,1
EA0QUZGL,Measles outbreak in central Ohio might be ending: Health officials are cautiously optimistic that the measles... <url>,1
CHEPKM5Z,"German Biologist Who Denied Measles Exists Ordered To Pay More Than $100,000 <url>",1
JK3TK8AL,"""Police request MMR into home immediately;officer holding pressure on gunshot to head. Rosebush Rd five miles west of Meridian.""<user>",1
AGQE1DO9,LOL this is pure gold. Vaccinate your children!!! <url>,2
LZOVDQPU,Proud of this beautiful video we created for Immunization Week of children living their dreams. <url> #vaccineswork,2
JFRPYMO9,Things that make you go DUH. RT <user> Texas measles outbreak traced to anti-vaccine megachurch. <url>,2
T5D96ROI,So don't be a hippie parent and come crying to the healthcare system when your kid gets fucking polio or measles.,2
G8HNIN3B,Dont forget“<user> View #ACIP’s full flu vaccine recommendations for the 2013-14 #flu season on CDC's flu website: <url>,1
485,The shingles vaccine is something I don't support for myself.,0
130,I've decided that I won't be getting vaccines.,0
215,I've decided that COVID vaccination isn't right for me.,0
322KN3Q9,I think mMr. Hernandez is about to make us play ukkie cookie 😵,1
5Y2YJJ6H,<url> Measles outbreak traced to Disneyland continues to grow..,1
EYCDB61S,"Why are noninfectious ppl being put into quarantine, but unvaccinated kids still attend school? #vaccineswork <user> <user>",2
3CC7WYOV,“<user> See you all next week for #MadMen #s3e9 #mmr” <user> 👍,1
O7YGH609,<user> read the before and after stats on measles and vaccinations (1948 baseline). Alarming. I guess things change when you have kids.,2
U1I56THS,BART measles alert: riders may have been exposed: BART officials warned riders Wednesday that they may have been… <url>,1
UP20P359,There is a vaccine for almost everything… Is there one for Barack Obama? If you tell me it's Obamacare; that's a poison.,0
NRXJUXUR,Measles at Disneyland 😱,1
OYPSYPX2,"Great to address CA #Healthcare Attnys on #vaccines, end of life decisions &amp; other critical health issues. #Medi-Cal <url>",1
3SY97LR5,<user> Plz RT! #CDCwhistleblower admits MMR causes 340% inc in #autism in boys. 2x that 4 black boys <url>,0
BW9F8LK4,"""<user> Vaccinating Kids Over The Past Two Decades Has Prevented More Than 700,000 Of Them From Dying <url>",2
SX6JAXFK,State asks justices for immunity in crossover deaths: Attorneys for ADOT tried to convince skeptical Supreme Court… <url>,1
5VPCNSY1,<user> #ruinarealityshow America's Got Measles (for the anti-vaccine set),2
N07VP200,"Tonight: Bob Dylan. On deck: Matt Nathanson. Still to come: The Vaccines, Mat Kearney, The Airborne Toxic Event. I have a concert addiction.",1
6MKACF23,Editorial: Remove 'philosophical' exemption from vaccine requirements for school entry: Michigan is in danger of… <url>,2
7T27KK8L,Shauna Weatherby recommends talking to your doctor abt your sexual health and getting your children the HPV vaccine. #CS16 <user>,1
25AH4F5K,Biochem prof complaining about the governments and vaccinating children... Κ✌️,1
9WK8QL3N,Sooo now there's measles at Vista...,1
D5P1E8PJ,I guess all the snow stopped the measles and flu epidemics #measlesoutbreak #flu #outofthenews,1
L9UG6IG8,Throw your sets up <user> #mmr #dc #dj #flyer #promote #photoshop #top40 #edm #remixes #dmv… <url>,1
JI78SBNM,so apparently i have to get a meningitis vaccine before school starts or i cant get my books &amp; schedule? wth that's fucked up bro,0
TCI5NXN3,"<user> Yes, Vaccines where given to African women &amp; became sterile afterwards..&amp; Pro-Vaxxer &amp; Depopulationalist Bill Gates promotes it",0
JPX8C7RF,"Passed a woman with an ""Are Vaccines Safe? Think Twice"" sticker and a ""Mom of the Year"" sticker. Irony at its finest.",2
M402H39C,Measles in the 'ham. #TraderJoesHippies Protect the herd! <url>,2
3RVCLCIW,"I'm at Mmr Station 24 (Weidman, MI) <url>",1
J7IQVE6X,<user> Is Imus really telling people to chill until facts are out about Ebola? What about the fake vaccine-autism crap they pushed?,1
13UHPDL1,#TweetSomeoneThatAlwaysKeepYouLaughing : #MMR,1
19NCX66U,<user> - Can we give them measles?,1
ZCOLETM5,CIA: No more vaccination campaigns in spy ops <url> via <user> Harm from protected medic status ruse will linger,0
UUTCPBZ2,<user> Thank you Dr. Manny...thank you so much...#measles,2
SKSUQROB,Received memo from state health dept to be on alert for #ebola Add it to the list: #MERS #WNV #measles #lyme #anaplasmosis #andsoforth,1
05LPU5BQ,"Adult Immunization Suggestions Updated: When it comes to immunizations kids typically come to mind, but the same… <url>",1
294,I'm firmly opposed to shingles vaccination.,0
EC28J14C,“<user> Many Silicon Valley employees aren't vaccinating kids <url> Only 55% kids at Cisco daycare vaccinated?,0
EKN6RW87,<user> All Vaccines cause mini-strokes in the body. It makes no sense whatsoever to inject a witches-brew into a Childs bloodstream.,0
N17HGIWJ,<user> if one more damn person tries to say vaccines cause autism. I. Swear. 👊✌️ read the damn research you idiots,2
DKEFDE3K,Vaccines don’t deliver themselves – so we invest in health systems argues <user>,2
3DQ0XA8P,Ebola. The flu kills ten times ebola. Or measles. Let's focus on gratitude. We are all blessed,1
LNJI91DZ,<user> They do get their immunization's but it came back I guess? Some kid at his school had it so,1
6AUOGY3Z,<user> did you see that <user> demanding answers on the CDC MMR fraud.. Love him&lt;3,1
3Y3474EB,<user> so I really wasn't kidding about the measles! I have red dots all over my arms and they won't quit itching!!!,1
4K4V5GW7,"MMR is not very effective “October 2011, over 50% of the 98 individuals infected had received 2 doses of measles vaccine” #CDCwhistleblower",0
BUMUE2CT,"Gross. And incredibly stupid. RT ""<user> Anti-vaccine movement is giving diseases a 2nd life <url>",2
UK1U91GK,Health District reports 2nd Clark County measles case <url>,1
W6ZV9KY2,"Vaccines given over past 20 years have prevented 21 million hospitalizations, 732,000 deaths, CDC says <url> via <user>",2
LQOXR0WT,MT <user> Measles has affected some states more than others. And rules for vaccinating vary... <url> <url>,1
IK8FFY0V,I won 4.00 measles dollars on lottery last night. Spent 20.00. Hell of a way to get rich. Lol,1
34UHCKFI,Swag so sick a nigga got the measles,1
DJXR75H7,What's with all these hockey players getting mumps?! Aren't we supposed to get vaccines as a child to counteract getting those?! #MMRshots,2
Z4A9YHZ1,Spot shortages of flu vaccine reported: The Texas State Department of Health Services reports spot shortages of flu... <url>,1
MT7THRK4,My first Bacon Ride and I fell over on an MMR (dirt road) about a mile from Platte River State Park.… <url>,1
809Y6HUD,Immunization requirements for 2013-2014 school year released: The Indiana State Department of Health has published... <url>,1
3XGI0VY9,I have no sympathy for parents who don't vaccinate their children,2
TXJAOX3H,Getting vaccinated. #Vietnam #PLAN (@ Passport Health) [pic]: <url>,2
ISZ1P17F,"Vaccinations: Inject or Reject, Issue Forum at Multnomah County Building. They have proven themselves to be safe <user> #pdxcityclub",2
I59IIVW4,I don't understand how people don't vaccinate their kids <url> #measles #vaccines,2
7JPNBZRW,“<user> Vaccinate your kids. Vaccinate your kids. Vaccinate your kids. <url> <url> // PLEASE!!!,2
03H9PLRZ,<user> YOUR CHILDREN WILL DIE FROM A VACCINATION SIDE EFFECT,0
GXQ5BIHZ,"<user> / On his argument that GOP is arguing against measles vaccine because of autism. Joe resorts to ""well, both parties do it"".",1
RN12GHL2,"Let's be honest Diseases are here to wipe out the weak.So let's let that happen, quit making vaccines Mother Nature is trying to help us.",0
D5R9FS44,The only real downside to vaccinating your kid is they will grow up to become a healthy teenager who lives in your house.,2
YEY96G9H,Why are we even worried about AntiVaxxers? Are'nt we vaccinated against the diseases they're risking contracting too? JustAWondering.,1
4P8VVUGW,aren't measles parties like chicken pox parties??? why are ppl intentionally making their children sick????????,1
9L9BVST6,<user> no measles or rubella?,1
T32YKGKC,<user> Childhood vaccination? OSHA? Great question!,1
PGQ2IPFI,"<user> <user> I have a child w/ severe autism. Vaccines didn't do it. Even if they did, I'd take that over losing a child to measles",2
5OCE6HE5,Santa Cruz County to Hold Free Whooping Cough Vaccinations for Middle and High Schoolers <url> via <url>,2
ASBG7EMC,<user> right no kids died before vaccinations,0
PC2H4E7J,So my youngest did his first 2 shots on st pattys day and he's only 4... Measles mumps and rubella &amp; polio/tetnas You thot I meant booze,2
04C8NTIN,<user> vaccine truth <url>,0
3UU70G2M,The risks of the vaccine outweigh the benefits. I think NOT!!! <user> <user>,2
4NIB06CX,<user> The National Vaccine Injury Compensation Program (VICP). If 100% safe why this????????,0
HVXVF4P3,"Terrible pickup line: ""Would you vaccinate our children??""",1
2SQMPYEB,"A true giant in PIDS - Dr Sam Katz, one of the measles vaccine creators, providing insights into measles. #stjudepids <url>",2
XCE6636G,"“<user> I didn't mind the vaccine, social security is a ponzi scheme, but the illegal immigration issue is killing Perry.”",1
9ZVIW29L,"Flu shot not as effective against this year's strain, CDC warns: Health officials are warning that the flu vaccine… <url>",1
65MGD5ZH,"""Teamwork makes the dream work"" #MMR #SoMage #Smoknfaces #TVMG #onelmedianow #EvySings… <url>",1
A68E82IT,5 Things to Know About San Diego’s Measles Outbreak <url>,1
Z3OLV8UI,<user> both sides are stupid and both are at fault and vaccines give you autism,0
BDSZJGWC,My camp is the cutest 😍 #mmr #camp @ California <url>,1
1I11X2Y3,A tainted vaccine has killed 50 children in Syria. The bad news is they all have Autism now.,0
TGWSFP4G,"Good night, <user> That was fun, let's do it all again tomorrow. #bowievsprince #mmr #5AMbedtime",1
AAFKA1UH,“<user> #Measles strategy misses targets <url>,1
Q2EVMR4K,((Cada Dia)) Vaccines Are about profit not health: I promise you the FDA won't heal America. If they could why haven't they done it y...,0
JIDZB95R,friends daughter got the mumps from non vaccinated child in poquoson. scary.,2
YAWZDG9F,Case of measles suspected in Baltimore County child: Baltimore County child is tested for measles after visiting… <url>,1
213,I've had enough. I'm not getting another COVID shot.,0
VN87RICX,DO NOT VACCINATE YOUR CHILD.... Unless your their doctor :),1
8RS4JUXO,US to begin safety testing Ebola vaccine next week: Federal researchers next week will start testing humans with... <url>,1
6XLP521G,Health Officials: Lab Test Results Negative For Measles In Potential Case In Delaware And Philadelphia Counties:… <url>,1
LXCSBBVZ,"So now the most ""Magical Place on Earth"" has Measles? Vaccinate your children people. Or stay home. Yes, you have a choice.",2
XRE4HKC4,Vaccines &amp; shit is made to kill us slowly but surely . Do not get yall kids any kind of vaccines don't believe me . Look it up !,0
C5GLMSAA,"<user> When I was a kid, if you didn't have vaccination records, you didn't go to school. What happened to that notion?",2
6L7I1E9W,<user> my son developed a rare seizure disorder within 24 hours of his DPT #vaccine brain damage #autism #special needs for life,0
QQD4SD6A,<user> <user> vaccines have warnings they include #Autism do better research not listen to idiots!!,0
SWGTIUXN,The legacy of <user> will be she took her clothes off for $$ and contributed to getting kids killed. #VaccinateYourKids,2
TV3ZYN55,"If there is a risk, there must be a choice. Forced vaccination is NOT the answer. #medicaltyranny… <url>",0
X527UC98,"""Sharks have the best immunity to diseases that are known to man and deadly diseases like cancer do not affect them at all.” I WISHHHHHH",1
85,I'd decline the hepatitis vaccine.,0
WZLMJGHH,<user> Should those kids that have been exposé been vaccinated anyways?,2
S0ICKBGF,It is unbelievable that we still have vaccination holdouts in the US - and we have break outs of measles and other third world disease.,2
RDSSN28D,"Some great news. ""#Measles #vaccine attacks #cancer in landmark study"" <url>",2
6J9D8Z0J,why would you not vaccinate your kids?,2
G1GCF1NW,“<user> #TheHills Kristin Cavallari refuses to vaccinate her kids because of autism concerns. <url> <user>,0
HW5JV31F,"<user> it's like tuberculosis and the measles, it should be wiped out but still comes up from time to time.",1
7CH8MJTW,Thank you to all the vets who fearlessly serve us by giving our pets their required vaccinations.,2
IQPDOKA7,a baby just died in nc bc of whooping cough..so glad most ppl in dustin's &amp; my family have already gotten the vaccine! #gottatakeprecautions,2
325,I'd refuse the meningococcal shot.,0
ELHEUPE1,"It's my immunity, and I want it now! 😂 Huck #Scandal",1
H72634GV,Working the Pacific Health Summit today and tomorrow. This years discussion: vaccines. Making them more available to impoverished countries.,2
393,Travel vaccination isn't something I'm prepared to do.,0
QOZLJVX2,Please vaccinate yourself and kids. One of the dumbest things you can say is that it's not good for you,2
4V8YDZY3,"<user> We live in a county with laws designed to preserve r society. If you choose to not vaccinate your child, there r consequences.",2
3NIDX4VP,Hubs got his MMR shots for college last week. So when we found this book today while thrifti @ thrift store <url>,1
KURCKB2P,"Jim: ""The most worthy opponent of you, is you."" Dwight: ""That is correct. Unless there happens to be measles present."" #theoffice #micro",1
AVC5HO1C,"Can anyone tell me why my 5yr old grandson should have the Hep B vaccine for school as he will not be havingany tattoos, sex or Drugs",0
FICZWYJH,Students Line Up to Get Free Back-to-School Vaccinations <url>,2
N55LDSI5,California law would end 'personal belief' vaccine exemption for children <url>,2
DKZ24EER,My first case of actually seeing measles. Saw so many diseases I studied but rarely see in the states. <url>,1
RIMS92KU,Many younger #parents &amp; their gen have not experienced the devastating efx of these diseases: #smallpox #measles. #vaccinations #npr,2
T09Q1BZ7,"<user> <user> <user> His #health science advisor on #vaccines is <user> Need I say more, really? ROFLMAO :)",1
5PA1ENQB,<user> nah I had my kids immunized. I believe in it.,2
5NWFQKQA,"After measles, no reason why the others won't make a comeback. #vaccineswork #StopAVN <url> via <user>",2
3AM7OQA9,The #measles killed me multiple times on the Oregon Trail game back in elementary school. So did dysentery.,1
QSQ7HWHU,"60,000 Oakland Kids to Get Free Flu Vaccines: An attorney for Bryan Stow, the gravely injured Giants fan who won a… <url>",1
NSKZUURF,<user> look up side effects of mmr polio all opt out mandated vaccines..move on to relevant issue!,0
U1513M56,<user> that is just ridiculous that people have jeopardized other children by not vaccinating thier own #KeepKidsSafe #measlesvaccine,2
UXR6PLHA,Here's the breakdown: 2 measles cases in Dallas County: 1 in May and 1 in June <user>,1
YYMNPSQ3,<user> yes choose to put other people's lives at risk when all the medical research shows that vaccines are safe. #saveusfromquacks,2
N9ZMIKWG,"I'll most def be filling out the ""Personal/Religious Exemption"" section of this immunization form to avoid getting a shot. Who wouldn't? 😬💉🚫",0
9WJ3BL2E,<user> as a new father I've recently found out many pediatricians are starting to turn away non vaccinated kids to protect ones like mine,2
BB3VTASM,Wivick had so much fun with all the fur babies at <user> today! They offer low-cost vaccines… <url>,1
X0CEWU6B,...Yo $1.00 Mugs <user> Nuff Said... #mmr #mixmasterrod #follow #photobomb #picsoftheday #splat… <url>,1
DJBKUDFL,<user> Stinkfist from Tool for my drive home! Nice MMR!,1
ATG8NNXX,Does person have claim if newborn gets #measles in waiting room of pediatrician who allows patients to go unvaccinated? <user>,1
5R6ZV7DJ,"<user> If vaccination prevents a contagion or the welfare of a child, it should be a law.",2
MKETTIUY,"Austerity is not a Vaccine to Crisis... It is a Parasite with Pandemic Potential! It Drains Life, Killing Slowly! #OccupyDallas",1
YKOM5V75,"RT <user> While some scaremonger vaccines, they helped lower children under 5 mortality rate by 12,000 a day. <url>",2
6ZZKNAHP,Let's Get Bent <user> #mmr #dc #dj #connecticutave #instadc #Washington #top40 #edm #horror… <url>,1
F8GVQ7JH,Grand Rounds on #measles. So sad that we need to learn more about this due to recent outbreaks.,1
SII78XJN,Reading about newborn screening and immunizations...,1
GV0MZDQJ,Vaccinate your kids so you won't have people making up ghost stories about them. RIP Inez Briggs.… <url>,2
CZYYP2ZL,"<user> try focusing on open border, where illegal alien children have been placed and is measles still pervasive in central america?",1
ALCNKTTI,"""<user> On average, people who complain live longer -- Releasing this tension increases immunity and boosts their health."" Thank God.",1
DECHF0SO,"We drove by Walgreens and Barbara said ""School Immunizations. Does that prevent you from going to school?""😂👏",1
OVPCV1YS,"CDC now recommends two doses of chickenpox vaccine: When you take your kids to get their vaccines, you may need... <url>",1
WQYLEK82,"Vaccinate your kids people! ""<user> It's impossible to argue with results like this. #vaccineswork <url>",2
CPF4AR15,"CNN: Measles outbreak fuels vaccine debate <url> #Dr.JackWolfson, you are the epitome of harm! VACCINATE! KEEP KIDS WELL!",2
N3HC1KRP,<user> and I bet she told you all about it. Bet she's not vaccinating her kids either.,0
AZZ2PBYI,Got a child going into 6th grade don't miss the free required D-Tap vaccine! Aug 2 free clinic! <url>,2
Z0NKAV0M,1 book = 5 measles vaccines and lives saved! Ask us how at #SHRMSTRAT in San Diego where #jackcage presents today @ 330,2
21JTHRTZ,“<user> Children can avoid getting forced vaccinated in schools by declaring it's against their religious beliefs.” WTF WHY DIDNT I,0
5ZZWJD42,No measles please!!! @ Downtown Disney <url>,1
AZM9EKG5,<user> <user> I just hope <user> doesn't miss games when his kid gets the measles,2
7BVOJRD4,He juss got his vaccines so he must b cranky!!! 2 more hours n I'll b there baby :(,1
1UNPH66S,Children's vaccines to be restricted at county health district <url> via <url>,1
3PS1L4M4,"<user> John Brophy from MMR and I will discuss Dynamic Deployment, Dispatch and Operations <user> in a free pre-con session 2/5 AM.",1
VREYIZOH,Roughly proportional to population RT <user> Where parents in Texas seeking to exempt their kids from vaccinations. <url>,1
GSZI4N92,"Pregnant Nurse In Fear Of Miscarriage Fired For Refusing Flu Vaccine: LANCASTER, Pa. (WJZ)—A woman who lives just... <url>",1
RW544G74,<user> I'm just not tied to vaccinations being the causation to autism. Other problems? I'm open to that.,1
66GXCXNL,This table says it all: vaccination is the safest choice for your family. <url>,2
7P4OD6TP,"Not sure if it's a cold, or from my flu vaccine. But I feel dead. (@ Indian Creek Elementary) <url>",0
ZALI32CX,Study Finds Physicians Are Agreeing To Delay Childhood Shots At Parents’ Request: The recent measles outbreak… <url>,1
SDQZE515,Federal court has vindicated #Snowden as a whistleblower. Tell <user> he deserves immunity: <url> via <user>,1
XG46QHKM,<user> But if your son is vaccinated he should be safe right?,1
FWS647ZW,Childhood vaccines are safe. Seriously. <url>,2
44,The shingles vaccine isn't for me.,0
ZQ4W50IX,"Ebola: Millions of doses of vaccines planned: As the world reels from its deadliest Ebola outbreak, health experts… <url>",1
O2OPIX2I,Vaccine baby <url>,1
4V5E1DPI,"<user> <user> maybe next they will note ""vaccines safe and effective""",2
OEHEIQE3,Measles Alert #Boston MetroWest <user> why the focus on #Framingham #TraderJoes <user>,1
715ATU2Y,"my parents are talking about vaccines and they just said ""what if Cooper gets measles and goes blind""😬",2
8MHI30QP,"Martha's Vineyard measles 'scare' in error, officials say: A child diagnosed with measles on Martha's Vineyard last… <url>",1
AON17ATX,<user> Here my new ringtone. Pass it on.... Vaccinate Your Kids - Mitch Benn: <url>,2
TAS6S0NT,"“<user> On average, people who complain live longer -- Releasing this tension increases immunity and boosts their health.” #nowords",1
W6OIBU7S,Newborns have low immunity compared to adults. Bring them out with onesie and booties and no blankets. No coats. Nothing.,1
URXAZPHP,The silver lining to all these measles cases? Awareness. #vaccineswork <url>,2
Z92OIYVT,<user> I'll make sure to post that once I get through with MMR.,1
TTFCB02E,"The #zombie apocalypse is going to start by #mutant flu, #measles or perhaps #E bola",1
HYH7M6F3,<user> MMR? I think I can fit that one in.,1
4FMOJZM8,I need to sleep. This vaccination is killing me.,1
W4CSHEEK,Baltimore health officials to parents: 'Vaccines are ... our obligation to one another': Baltimore City Health… <url>,2
503,I've decided not to get pneumococcal vaccination.,0
B9TKXN54,"We don't know what causes autism, but we do know vaccines don't. <url>",2
EYWU5LMD,If I had 1 do over I would've never vaccinated my son #autism + #epilepsy,0
SUULJQFN,Measles outbreak in connection with Disneyland...I knew I didn't like that place,1
VQV1AT2I,EV-D68: Vaccinated Children Could Be More Vulnerable <url> via <user> <user> #novavaccines #CDCwhistleblower,0
5X6OQLEQ,RT <user> Kids and Teens Get Free Immunizations For Whooping Cough <url>,2
HBNIKUNJ,"2 babies die, 29 sickened from bad vaccines in south Mexico: Mexico's public health system has suspended infant… <url>",0
YL8WKKFX,I would never be at to be a nurse that gives infants or babies vaccinations its honestly the saddest thing,0
98KOOCMC,<user> where do I go to get Ryno his middle school vaccinations? Too big for shots for tots? Ouachita Parish Health Unit?,1
HJXM9V2V,<url> But my friend from Colorado said NOT to vaccinate my child. Uh oh.,0
O3NLMCH4,"A08633 [NEW] Amd 2164, Pub Health L Relates to mandatory influenza vaccine for persons attending daycare. <url>",1
91QG8VBX,Wake TF Up Search <user> fame_oliver2xx <user> and #pressplay #mobbshitonly #MMR… <url>,1
9FZUI8ZI,Measles in Framingham? Another reason why I hate this place.,1
GPQMLPP4,<user> prayin for him They give Vaccine for chicken pox now so it's very rare that kids catch it Not saying they can't its just rare.,1
HIXUTWPP,My BF from high school wont MMR vax her kids and I love to rank on her so i bought her a lovely shirt for her bday <url>,2
XRMGHDF9,<user> don't want 2 c any1 suffer‼️But we already have TB coming in + measles &amp; other diseases. Gets scary. I 🙏 Ebola doesn't spread😥,1
BZWJB5HH,Bill advances to change New Jersey's vaccine exemption: New Jersey might change a religious exemption that has… <url>,1
E88B1XQJ,Vaccine Brain Damage Cover Up Implodes: <url> <user> on <user> discussing #CDCwhistleblower <user>,0
EMWWJ7AO,"I survived my MMR shot, yay! (@ USF Student Health Services) <url>",2
AGYCT544,<user> <user> <user> <user> <user> it's not about ME. it's about elderly and sick and children who can't be vaccinated.,2
UQS9Z7ML,"I generally agree but I think freedom is limited by harm to others, and not vaccinating harms others<user> <user> <user>",2
LPZ1UQF8,Will vaccines protect your kids from measles?: When it comes to protecting your kids from the measles outbreak… <url>,1
GKQN63X9,Disney-Linked Measles Cases Now 19: The Long Beach patient visited the following locations in Long Beac... <url> #Chino,1
T0GVLMT5,"<user> Why your neighbors can put your kids at risk. It's called the ""herd effect"" <url> <user>",2
AQSGXSSN,"""1 billion people in world will not see a health worker"" <user> - we must support health, vaccines 4 children #shotatlife #vaccineswork",2
A6XH6SXL,"wow, My Mom Lost My immunization Records ? has all her other Childrens except Mines -___-",1
B2XPONGX,People people! See the beginning of a measles outbreak in Wichita. That is why we have vaccines!!,2
06B6XZWA,15 Cases Of Measles Confirmed In LA County <url>,1
ZLY42ZR9,<user> oh I agree. Kids are on this earth because we created you. We feed u. Immunize u. You WILL be our grabbits 4life,1
I5IN61JX,Another study proves no link between autism and vaccines: Having a child diagnosed with autism can be devastating... <url>,2
U0I141SE,"((Silvito El Libre)) The next face of measles?: ""I am a healthy bouncing baby boy and I could be the next face of measles. I am to yo...",1
VD6RNESJ,"Anti-vaccination movement at work RT <user> Outbreak of measles in Ohio infected 68 people, adding to 18-year high of U.S. measles cases.",0
YBSWHNHY,"#MayweatherCotto What was with Floyd's entourage? 50 Cent, OK, he's been gunshot. Justin Bieber? His only shots were childhood immunizations",1
125JSL43,While I think everyone should vaccinate the measles hysteria is quickly approaching Ebola level stupidity,1
Y3OMTB1Q,"<user> yeah. I'll just stick to my regular vaccines. Oh wait, that gives me autism.",0
JPK0ULWO,"<user> total supporter of vaccines, for both my kids and I!!",2
H5FMWXBC,My poor baby is having a reaction to his vaccines today 😞,0
WZLY8A6F,Jennifair on Trill Radio #SINS EP coming soon. #MMR Paranoia track quickly becoming people favor <url>,1
RVBIOPK5,"You should really get your children vaccinated, it'd be awful if they were to catch these hands.",2
6YY5KD4W,New York to require schoolkids receive meningitis vaccine: The state Legislature has voted to add meningitis to the… <url>,1
FMMXP98V,<user> Hahaha foolish child that spray has no effect on me. I have build up an immunity.,1
7T2T6ZZQ,Measles on campus. Hopefully most students are old enough that they got vaccinated before parents became idiots.,2
T5R72P6Q,Waiting to get my vaccine shot. I am scared 😧,1
58UHNH9B,Vaccinate! Lives depend on it. It could be your child you save. <url>,2
9AQHD8W8,"*Finishes Reddit post on how religious people are stupid* *Puts on fedora and walks into a party* You know vaccines cause autism right?""",2
226KABJZ,<user> <user> / Americans should not have the right to be in public with contagious diseases. Vaccine must be mandatory.,2
NI4B2XS6,"These guys came into work today talking about MMR and I was like ""MY FRIEND <user> WORKS THERE!""",1
64FTIZVN,<user> ayy akala ko measles mumps rubella vaccine. Hahahhaha,1
LHEHLLG9,MMR Shot;(((( (@ Lentz Public Health Center) <url>,1
02BRQ370,Shame on you if you choose not to vaccinate your kid(s) because of some bs article you have read on Facebook.,2
BGGNIDGU,Vaccinate your kids <url>,2
R0OBXCUJ,I can't believe there are people my age against vaccinating their kids? Like what?!,2
UGKRYTDZ,"<user> Flu, vaccines on public's mind after Bay Area deaths <url> (via <user>",1
1ULAOBVT,“<user> CDC: Highest number of U.S. measles cases since 2000 <url> thanks for spreading the word Jenny McCarthy,0
CH0E70TX,<user> in Mexico it basically is. You cannot get assistance for anything or go to school without vaccines and proof of vaccination.,1
1URB5WX6,Gettin my vaccine research on #gettested #knowyourstatus #earlyriser (@ National Institutes of Health (NIH)) <url>,2
AQTH53MI,"<user> <user> yes i got it cleaned up and a vaccine just to be on the safe side, thanks!!",2
M0LSSIAI,I'm really less pro-vaccine than I am anti-children.,1
XZXWGQPO,Maybe if The Garage fails I'll become an architect lol. I think the MMR building is pretty cool… <url>,1
4VU7LZRU,"Doctors, Teachers Urge Parents To Get Their Kids Vaccinated: As schools are opening and parents are checking items… <url>",2
PY2VU6K3,"Let's make the measles outbreak a partisan issue, because that's the American way.",1
8EMPMXI9,<url> This is just horrifying. Irish children used as human pigs for vaccine trials! Just awful!,0
I5J42X3X,Can we blame the Amish for measles?,1
LL2DV6HD,<user> It's never to late to develop a vaccine. Babies are not going to stop being born.,2
I8QKAUR9,College is like middle school. Sniffling and coughing kids everywhere. I need to update my vaccinations.,2
EQYXIWG0,"""Immunize your goddamned children. How is this even a conversation?"" Thank you, <user> You are a she-ro!",2
9GADFWZ7,"If you choose to not vaccinate your children because you think it's ""healthier"" you don't ever deserve children.",2
A0T8B4JN,"<user> A workmate told me he believed vax might b dangerous. I reminded him polio, measles, mumps are definitely dangerous. #priorities",2
A80YZFPL,#TheInternetTaughtMeToday that vaccines and the color blue are the devil and will screw up your kids. Also liking a status = a relationship,2
I36QF25I,“<user> warn unvaccinated people to stay away from Disneyland after measles outbreak: <url> (fixed)”#getvaccinated,2
DI66JW40,<user> lmao..dm me yur number so I'll hve it wen we come up there..was cumn dis wknd but queen has the measles so ima wait..,1
UPJ1VEXE,<user> And there is in fact an overwhelming medical consensus that MMR does not cause autism.,2
4YI1WVQ6,"God damn it, people, just vaccinate your children.",2
3L0B5XNW,Anyone in AC tm afternoon? Come play at the trump with other p&amp;s girls in bikinis at the MMR's Day off down the shore! <user>,1
6D8T6DKC,“<user> Measles vaccination clinic draws a crowd. <url> <user>,1
PUW8DFEJ,<user> <user> <user> Why is the infant mortality rate so high in the 2 most vaccinated States?,0
0M6QPOA3,"""<user> #HEALTH: #Measles Outbreak Nationwide Continues To Grow, According To CDC <user> Reports: <url>",1
P416U42A,"Free vaccinations available in Duval, St. Johns: Shot record and physical required for students to attend school in… <url>",2
UPWAE5FV,People who have had the meningitis vaccine...did you get sick or have any side effects? I'm scared 😁,1
WXSWB8S5,"Another study shows no link b/w MMR vax &amp; autism: ""it is a psychological problem; it is not a data problem"" <url>",2
5G4WTO9D,Health Canada pulls distribution of Novartis flu vaccines,1
AIXAILS1,Analog wearables (aka braclets) as reminder-tech for infant immunization dates: <url> <url>,2
XISOC4AI,#FOD2 Release Party <user> 10/4 #MMR #TheCampaign rydethawave Mixtape Release as well Black&amp;Gold… <url>,1
47YI0QGF,"Due to this belief, infants who are too young to be vaccinated, are contracting measles from those children",2
0VYN2584,".<user> .<user> .<user> Hannah Poling was compensated in the millions by the US vaccine court 4 her autism. So, they admitted it.",0
KEZEYWNA,Kiddos Appt. #Immunizations #Physicals 💉😷,1
9R4PDL14,<user> Kids Don't Catch Chicken Pox At 1 As Much As They Do At 3-8 Especially 2 Months After The Vaccine Smart Ass..,2
JU9K02F1,"#CDC #Vaccines, black babies and #autism? Video CDC Responds: Admits Omitting Vaccine Data: <url>",0
NGLDIUR1,<user> Autism &amp; relation to use of fetal cells in vaccines; please note: <url>,0
VV4PG2I7,Woman’s cancer killed by measles virus in unprecedented trial <url> via <user>,1
N9I59R4N,"Any trip to the vet, regarding more than just annual vaccines, scares me.",1
3RZ6W5QQ,"Wakin up, fighting cervical cancer #lastsession #vaccinations @ Pacific Coast Women's Health <url>",1
VB6J390Y,Bitch I already got my measles shots allow it,2
CMG700N8,One half hour? Isa that it? #pdx #mmr,1
NF14HMXK,<user> It's too late! The #ILLEGALS have already infiltrated the country &amp; so have the diseases. Better start rolling out the vaccines #tcot,2
PK4R1V0N,"""You just won the Super Bowl where are you going next?"" I'm going to Disneyland!"" *son dies of measles* 🎶Nationwide is on your side🎶😭😂😂😭",1
JLF9PEJK,"""<user> Vaccines do cause Autism #CDCwhistleblower <url> p... <url> <user>",0
32GR9QFA,<user> Our 8yrold son has Autism and I would &amp; did absolutely have him vaccinated.His life is worth being healthy for!!,2
V74MY35L,#borrowed What if the cure for #autism is a #vaccine ? <user> #thingsthatmakeyougohmm,1
9YVBSBJQ,King County offering free flu vaccines: SEATTLE – Public Health — Seattle and King County is offering free flu... <url>,2
3AE4YAAP,L.I. Mother Says Vaccine Controversy May Keep Daughter Out Of School: The mother of an 8-year-old Sound Beach girl… <url>,1
DKNF5BRE,O I'm gonna be dreaming of gas exchange and Kidney function and immunity and neurons tonight... #burntout,1
0UF06NGF,I just spent about 10 minutes parking into one measles spot. TGIF?,1
ILVZCP3O,<user> I am frightened bcuz govt tells us nothing to fear. yet constantly tell us to get flu vaccination,0
F53Y1NWR,Allergies are killing me today. #day10 #immunityphotochallenge @ Anderson Recreation Center <url>,1
7OE9F8ZT,"<user> I didn't tell anyone not to get vaccinated, I just scared them with fake risks! Duh! #mccarthylogic",2
E6A6TLBW,"Study of more than 95,000 kids finds no link between MMR vaccine and autism: The vaccine for measles, mumps and… <url>",2
C96AFEZV,<user> why not immunize children? it's no brainer. Jenny McCarthy's badmouthing~She probably had a very lousy diet when pregnant!,2
5DC3F07E,Florida DOH Offers Free Back-To-School Immunizations: What do some students dislike more than actually going back… <url>,2
W5N9HUOM,So my day did not go according to plan 😞 but at least I got my MMR shot done 👍,2
I4LD9NS8,"<user> <user> what's difference so you can NOT vaccinate kids4religious reasons yet,they cannot use religion4cake ?they will close:(",0
EISYYCLA,Dr.: We're going to give your child a vaccine to save its life. Alicia Silverstone: As If!!!!,2
IVMXD9WX,CDC just recommended all people w/diabetes (grownups!) receive hepatitis B vaccine: 1.usa.gov/uwZ0H3 ...Wow this has been a long time coming,2
IT9GHIP5,Measles alert for Dulles travelers: The Loudoun County Health Department is warning people who were at Dulles... <url>,1
08ZEX3OR,"I will be soooooooo pissed if I got the measles from being at disneyland lately, since that outbreak.... seriously, so pissed.",1
N8471SJX,<user> we parents. Not so crazy after all. Pre/post MMR. #CDCwhistleblower <url>,0
KLW13KHN,"Assault on 27XX S DORT HWY, Flint, MI (via spotcrime.com): Shooting/Stabbing. Pd & fd with mmr rig o/s with subject ... <url>",1
CKNGKZED,<user> just pretend you have the measles dude,1
10CGT1SH,#MakeAMovieMoreLikelyToGetADisease Five Easy Measles,1
JUFPMWB2,<user> tell them you have the measles!,1
Y5LXGP4H,Vaccination day! Now my babies are safe. 🐴🐎💉 Dia de vacinação! Agora meus bebês estão a… <url>,2
WU3F1QXU,<user> <user> <user> how are the putting other kids at risk if they're vaccinated don't fall for the propaganda,0
CF1BG6LS,"I’m Autistic, And Believe Me, It’s A Lot Better Than Measles — The Archipelago — Medium <url>",2
J23WH6L6,Vaccinate your goddamn kids.,2
Y6NDWG23,Suspected measles case in Wisconsin is likely negative: Health officials in Portage County believe the second… <url>,1
9NS7LUZR,".<user> Another lame, scare-tactic blog on Ebola, yawn. Write about heart diseases, moms who won't vaccinate or mental health.",1
CA16V3MW,Parents Concerned as Measles Outbreak Grows <url>,1
AHOLCZ33,<user> B List celebrity told moms not to let kids get vaccines and I wind up with the adult whooping cough I avoided years ago,0
Q38K4WOG,Chris Christie Thinks Parents Should Have Choice In Vaccinating Their Kids <url>,0
V7F93HW5,"""<user> what's life without the risks.""",1
OUE3FO6M,I don't get why people don't get their kids fucking vaccinated,2
QK5Y1ZWX,Don't let the schools tell you to vaccinate your children,0
QT1PAWK9,<user> <user> #vaccineQs it seems all they have to do is say its against their religious beliefs and schools let them slide!!,2
266,I'd refuse an MMR shot.,0
4MODABFN,People who think vaccines lead to autism are a special kind of stupid,2
6L9SZ1A7,Fuck these awful people RT <user> California parents opposing state-mandated vaccinations of children delay vote <url>,2
500,I've made my decision: no shingles vaccine.,0
QU98XVEN,“<user> CDC works with state &amp; local health departments to investigate measles cases and outbreaks. <url>,1
AD9F977X,"""<user> Happiest day of your life in the happiest place on earth. Disney wedding. <url> measles as party favors",0
7TALGIVG,The consult with the other doc has ruled out measles...lol fucken really?! Measles?! -___-,1
NS0W4V9O,Pediatrician: Vaccinate Your Kids—Or Get Out of My Office <url> via <user> Preach!,2
U9OBYT2L,Had the pleasure of meeting <user> at 105.3 #RadioOne #MMR #BBoyEnt#indie… <url>,1
OI5E8RDX,First measles and now a small fire. It's been a bad 2015 for Disneyland,1
72AWAQLA,"I just got a couple vaccinations for my Israel trip and I gotta be honest, they are not bad at all I used to freak out #childish",1
SBAZW6A3,"The Real Reason Kids Aren't Getting Vaccines <url> No, it isn't because their parents are anti-vaccines.",1
PE1FY2MN,Tonights rocket launch at Cape Canaveral was cancelled. THANKS MEASLES OUTBREAK!,1
Y22KWE4Y,.<user> <user> <user> This Wisconsin Republican budget means less life saving vaccinations for kids: <url>,0
59NY55RM,AIDS vaccine created at OHSU may clear virus from body: An HIV vaccine created by researchers at Oregon Health &amp;... <url>,1
KY6DMG7W,NJ could make it harder to opt-out of vaccines: More and more New Jersey parents are citing religious exemptions as… <url>,1
ZWKIYOEI,“<user> H1N1 flu: pregnant women can safely take vaccine <url> #healthnews”,2
272,I've made up my mind not to get the MMR vaccine.,0
EBP0KG1S,"PREACH! “<user> No, the measles vaccine does not cause autism: <url>",2
4Q96CW32,"We can never, under any circumstances give #LoisLerner immunity. She looks to be the most crooked in #IRS scandal behind #Holder and #Obama.",1
JH1WBBT3,VACCINATE YOUR KIDS! #Soapbox “<user> Chicago-area measles cases put spotlight on day care centers <url>,1
AL0W32WP,"Anti Vaccine Parents be like, ""Scurvy shots? No way, I don't want my kid being acoustic, I mean… <url>",2
DDP2A362,"“<user> On average, people who complain live longer -- Releasing this tension increases immunity and boosts their health.” I'm healthy",1
I6UVFDT5,Balt. health officials urge measles vaccination: Pediatricians from 10 Baltimore-area hospitals and the city's… <url>,2
LH1W2JEY,"<user> either had measles or vaccine. I'd had German measles but mom couldn't remember, so I had antibody test &amp; did show up.",1
KZZO8HIG,"""<user> On average, people who complain live longer -Releasing this tension increases immunity and boosts their health.""AKA ThunderFans",1
CSDHI2AI,"Amid measles outbreak, vaccines for teachers aren't required: While much of the attention in the ongoing measles… <url>",1
WAU5DRLT,Whoever own the Ebola vaccine is going to make a lot of money &amp; they can give all the thanks to the CDC!,1
11LFKUYQ,<user> I have heard of lots of kids having vaccine reactions. That's part of why it's important for other kids to be vaccines.,2
CF8VDB0G,"+1""<user> When you think about it, health care workers who don't get the influenza vaccine, should be shot.""",2
R0VWUFDD,"<user> autism. The child is already autistic, but vaccines can exacerbate the behaviors that people associate with autism. It's",0
3RZ0WN0S,Imagine if Facebook included your vaccination history on your profile page. Violation of privacy? Or important social safety information?,1
Q328SJOJ,<user> Chicago should have been the only city they built on a swamp. And your airport has a measles infection!,1
U5SB6XM7,2 discon's straight -_- no mmr for me,1
YZ6K0BGY,2mar $2 Tuesday w. tyratonique Host: #Mmr &amp; #PopularNobodies Music: <user> Im in there So Meet Us… <url>,1
W8XVE7MZ,“<user> <user> To the Parent of the Unvaccinated Child Who Exposed My Family to Measles <url> /via <user>,2
175,The MMR shot is a hard no for me.,0
XPS2Y6GT,At the Kanawha Charleston health board meeting. Board members are concerned that state hasn't gotten word out about new school vaccine rules,1
CT28MA7K,"“<user> “<user> Sen. Rand Paul supports ""voluntary"" vaccinations: <url> <url> Measles, much?",2
J8MZ8QDV,AM-News : No 'result' yet on AIDS vaccine: ALTHOUGH researchers at Muhimbili University of Health and Allied... <url>,2
9ZB3XUMM,"Come on folks, get your kids vax MT <user> ""Hi, meet Mickey - here’s some #measles"" <url> <url>",2
M14EDHRW,Baby's doctor appointment he's got some vaccines :(,1
XYV23DK8,"Juss gott news that my stanky butt gott measles , bless his heart",1
9PJTI3DI,Killing polio vaccine workers is ridiculous. Working on making vaccine more acceptable? Getting to be more and more worthwhile everyday.,2
5H6VJWOS,Remember vaccinations are free!!!So don't wait any longer to make this important decision for your child or grandchild.,2
Q46D5JHV,"Further more, not vaccinating is also a public health issue. It also endangers the lives of infants and those unable to receive vaccination.",2
U5D05F1H,"Apparently, there's a measles outbreak in the area because some parents decided not to vaccinate their children. Are you kidding me??",2
QQUYCRFJ,New vaccine required for students: The state Department of Health has announced new vaccination guidelines for... <url>,1
5DIUYOPZ,Don't criticize my choice to partially vaccinate my child when you stand there &amp; run your hands under water for 5 seconds without soap...,0
RP0DGLFQ,<user> I feel same way. I'm very immune compromised right now. I am terrified of this measles outbreak.,1
K3VUYAMA,Measles Vaccine Debate Brings Back Memories Of 1991 Philadelphia Outbreak <url>,1
67,I'm strongly opposed to meningococcal vaccination.,0
N3HE7X92,<user> it's contagious maybe #momcongress &amp; <user> can find a #vaccine.Tell friends #public school is dying. <url>,1
9M9TQY6H,While the state of California requires children receive the MMR,1
SQ134JSS,You know it must suck being a pediatrician and having to deal with all the parents don't want to immunize their fucking kids,2
X973NC03,Fox and Fox Sponsors MMR 5K! <url>,1
1AAAEJXY,#MMR 💥,1
NWVOC93Q,"Schumer urges free measles vaccinations: In light of the recent measles outbreak in the United States, U.S. Senator… <url>",2
ITH2BUI7,Measles outbreak puts Chicago parents on high alert <url>,1
PSXPANX2,Pasadena Family Upset After 4-Month-Old Baby Contracts Measles: A Pasadena family is upset after their 4-month-old… <url>,1
EMVOJ3SR,<user> In other words they don't trust a licensed MS physician's word that my son shouldn't receive vaccines due to his injury.,1
XQQKUEOX,"Measles Outbreak Grows To 95 Cases, 10 Cases In Bay Area <url>",1
C1ZINNGX,"Remember that time in the early 1990s when our parents had us vaccinated because they cared about our health? Wow, crazy bygone times!",2
S8UYAV4W,"<user> Close to it isn't it Sandy? Sad, very sad. I don't believe in forced vaccinations period! My kids couldn't do Pertussis.",0
O68YEGCT,"Does ""provide for the common defense"" include preventing measles and whooping cough? #notaconstitutionalscholar",2
OXXR7MJ9,So proud that my sister in law will not let anyone go near her newborn unless they're up to date on their vaccines <url>,2
NMN7Q3Q6,"My baby boy got a vaccine today and he cried a little until the lollipop got whipped out. Then,… <url>",2
G2C3FNM1,*******ForEverGreen******* Ebola Vaccine HIV Vaccine Black Plague Black Death Vaccine Yersinia Pestis Vaccine <url>,1
BAH02AI3,Welcome to California! We has measles! <url>,1
XBA3HZK7,HB5126 [NEW] Health; immunizations; promulgation of certain rules by the department of health and human services ... <url>,1
PXEOA6YU,Gave 2 HepB vaccines to babies today!,2
6S852YPJ,".<user> Students, before heading off to #college, get immunized. Most schools require #vaccinations, and it could save lives, maybe yours!",2
I1RRDNCI,"""<user> On average, people who complain live longer. Releasing this tension increases immunity and boosts their health."" <user>",1
D21IEIKV,Flu shot #Flu #Vaccine #Influenza (@ Boston University Occupational Health Center) <url>,2
GS9KETH2,CDC Now Admitting to Omitting Vaccine Study Data showing 340% Increased risk of Autism <user> #VETOsb277 <url>,0
0V3JIAFZ,AIDS N : HIV vaccine: quickly save only time the world: Consequences: According to estimates of the World Health… <url>,1
MI7XIH17,"Eugenics and Vaccinations Campaigns are wars aimed @ killing God's Chosen PEOPLE, which are Brown, Red, Black and Yellow Peoples.",0
PASCOR76,"<user> Not shocked. It's horribly bad for you. Like, not vaccinating your kids for measles.",2
KCFZ4YVU,“<user> The measles may have hit Wisconsin. <url> <url> dammit,1
507,I'm firmly opposed to getting the pneumococcal vaccine.,0
TM72PXQ0,"Kent Sepkowitz, talking measles on <user> said libertarianism collapses when it bumps into public health. <url>",2
E9EM5GX9,"Measles outbreak in Orange County, California worst in decades <url> <user>",1
PMW31DLQ,"""<user> And Breitbart News goes full vaccine truther. Awesome day, GOP. <url> really? Try reading it #hearthiswell",2
51YACF7K,"With Pertussis Cases On The Rise In North Carolina, DHHS Provides Vaccines For Children And Adults: RALEIGH, N.C... <url>",1
ZGP7DA6C,"Charlotte what up #RRR #MMR #SRT10MG #Tourlife #CIAA @ Charlotte, NC <url>",1
XYZRU6K3,<user> I'm just glad the government didn't kidnap me to make vaccines from my blood 💁,0
66ATQAIS,Where do Cong head honchos &amp; its eco system get its immunity from ? What is Jaitley's standing if not for Modi.1&amp; only 1 theory can explain,1
WHK7VI7D,Colorado’s New Immunization Rules: Politics Trump Health: So Colorado just made it a little harder to get a non… <url>,0
ADCTJYQX,"“<user> California BART riders may have been exposed to measles, officials say <url> <user> hope you're vaccinated!",2
4E4HE6FF,"Ebola vaccine deemed safe, but will it work? <url>",1
OCC2IV12,"""The truth is, nobody knows how many vaccine victims there are in America...reactions that have been dismissed ""a coincidence.""Barber Fisher",1
40,I don't support MMR vaccination for myself.,0
CK5A4600,<user> The health department expects to receive a shipment of injectable vaccines in November for kids three through 18.,1
QUEY2SC9,"“<user> This whole ""vaccinations are bad for your kids"" thing is infuriating.”",2
DVXFPOE8,Sooo apparently Lydia's immunity won't be a thing in season 3...? YAY OUR CANON IS SAFE!!! For now!! #priorities,1
G5VU5E3K,#Ebola It's not healthful to live in #Fear It's healthful to improve your #immunity and Live Confidently #Probiotics <url>,0
368,I'm firmly opposed to the hepatitis vaccine.,0
UUJN5FN5,<user> A child can have a lethal reaction to a vaccine. This was Bachmann at her human best.,0
278,I'm staying away from the MMR shot.,0
UJZWO9JZ,“<user> <user> has measles you guys!” 😷😷😷,1
6KSYLLCH,"<user> <user> <user> <user> Yes, they determined that it was a vaccine injury. So, her medical records state that",0
2MOZOBQJ,Princeton Measles Case Confirmed: A suspected case of measles at Princeton University has been confirmed. The… <url>,1
THK49D75,<user> Magazine's Great Science Frauds: Andrew Wakefield <user> <url>,2
FK7MIRG2,"If the risk of taking the vaccine is greater than the risk of enduring the disease, 1 has the right to refuse the vaccine #CDCwhistleblower",0
DUL61J69,<user> I think it's a solid pick unless there's a measles epidemic at Salisbury.,1
0K4SDA0C,<user> get checked out!! They carry disease and infections... many people aren't vaccinated. Good luck,1
GWXXLB5U,Vaccines are safe and effective. Vaccine preventable diseases still kill kids. Please choose to vaccinate! #vaccines #duh,2
339,I'd turn down the meningococcal shot.,0
ZEYDWYOH,<user> because they most likely are immune to measles via having contracted the disease,1
GCXKHMZI,<user> he should be blamed publicly every time a child gets sick with measles. If any die he should be jailed.,2
9CW00CNL,"So, no, parents should not be allowed to make the decision to not vaccinate their children. It is NOT a personal choice.",2
1AN81XCA,<user> Not the best analogy: Chemo is toxic and marginally successful. Vaccines always work.,2
KMW6ARN4,I need to get MMR shot after school. Who's going?,1
DPTDFSAQ,<user> now a days people punish their kids by letting them get measles,2
YHFHVCZ9,"i have the measles and the mumps. a gash, a rash and purple bumps!",1
0YX8F7HR,<user> no it doesn't. Incorrect. Fallacy. Lies. Vaccines save lives. Period.,2
38Z4VXHR,<user> <user> <user> <user> The reason for all children to be vaccinated have become clear.,2
QEC5Y5JF,Ted Cruz: 'Of course' children should be vaccinated <url>,2
Q4BYKZD2,<user> but even if you get it. Vaccines are readily available. For a disease that killed about 500 million people that's awesome.,2
91CIUG2F,<user> #measles would be nice,1
237,I'm not going anywhere near another flu vaccination.,0
NEX48ZBO,<user> <user> when #Ebola was a scare... Ppl bemoaned oh a vax. Now when there is 1 to prevent measles u don't... #BogglesMyMind,2
K3V2EYP5,"<user> <user> Jatt already smashed me in solo q with his J4, and I'm D3 :-( apparently he's climbing that MMR pretty quickly",1
9CQXTHVV,AM-News : A TIME'S MEMORY: Efficacy Trial of a DNA/rAd5 HIV-1 Preventive ...: A safe and effective vaccine for... <url>,1
M6TOPE25,103 cases of measles in US. #vacccinateyourkids,2
R5BZZRYA,<user> #FRW You want truth immunity will not get it,0
1ZWVVRE9,<user> I want measles too,1
V8ADYWQP,Mark Zuckerberg gets his baby vaccinated. Debate ensues. <url>,1
MP2SYYBS,#VaccinesNOVA -so glad to see the truth coming out about vaccines dispelling the numerous untruths. Thanks to those sharing their stories .,2
93,I'd rather cancel than get the required travel vaccines.,0
AOKJQKJ5,Let me get off before I keep seeing people insist vaccines cause autism.,2
EZNK5SDD,"Today in journalism my professor said friend's daughter got vaccinated, took a nap, woke, ""was never the same;"" later diagnosed with autism",0
0K69DYUT,.<user> Because it's the illegal immigrants that are spreading the disease. The USA had measles wiped out before the influx of illegals.,1
GYVGZ9V1,MT 1 of the lucky 549K “Help You Understand The Current Measles Outbreak <url> <url>,2
QOJ7IG8W,Important Immunizations to Consider for a Healthy School Year <url>,2
ZG363LFB,Top Colorado Doctor Says Adults Worried About Measles Should Just Get A Vaccination: The measles outbreak is… <url>,2
T2LTP8WL,Study: MMR Vaccine Does Not Trigger Autism: There is new information that some doctors say could end concerns… <url>,2
KK1JSH71,"Two people diagnosed with Hepatitis A in Detroit, health officials urge vaccination. <url>",2
3M04F4GY,"""BREAKING: Measles confirmed in 2 children in Palatine, 3 others awaiting test results <url> <url> fam",1
A056OUXD,"We'll be on <user> #UpToTheMinute tonight talking flu shots, vaccines, and germ prevention for babies and pregnant moms",2
ZJ7OX2WI,Vaccinated student. MMR. Photo credit: Shannon #USDHealthComm @ University of San Diego <url>,2
KQAV0BAB,"A notion we get from novels and plays is that ""falling in love"" is something quite irresistible, something that just happens, like measles.",1
PVHX3E4I,"McKinney offers free immunizations for uninsured children: No appointment is necessary, but bring a copy of the... <url>",2
CASP3OBU,Jennifair Alls Well Ends Well #MMR <url>,1
VSO61X0D,Gooby thinks she had the measles... But like nah u don't have the measles,1
W47JBMFJ,"<user> Why are all your arguments name calling and accusations. My kids got their vaccines and do not smoke pot, thankfully.",2
431,I'm firmly saying no to this year's flu shot.,0
WXW9T2ZW,"<user> Immunities, Baby... Immunities 😎",1
WSEEG8UH,Getting the measles vaccine is much safer than getting the measles infection. #10minutes4truth #AAP #getvaccinated,2
2AL5JUM6,"1 to 2 in 1,000 ppl who get measles will die from it. Children under 5 are at higher risk for complications like pneumonia #10Minutes4Truth",2
92T75VI3,Vaccinations are a gift to our children. The reasons these killing and debilitating diseases R not active is because of vaccines. It is,2
EWBEQIGC,DPH: Measles traced to Trader Joe’s in Framingham: Two cases of measles have been confirmed in residents of the... <url>,1
6EZ07OJU,Even after taking 5 shots of vaccine today.... my baby was still able to play dress up at her mini birthday party today...God bless u baby,2
GSEJ88WL,<user> complaining if you were against MMR #vaccines you're a 'kook'. Yes u are. And you claim to love science. #north ##liberal,0
4QHOA0XM,<user> I figured out 3yrs ago bad epidemic is spreading I know I'm right it's not the measles <url>,1
KCQPEHTK,Study of 1.3 Million Kids Reveals Vaccines Aren't Associated with Autism <url> science is fun:-),2
M8RV05LJ,"<user> with the current outbreak of measles they are suggesting adults get a booster for measles, mumps and rubella.",2
Z7J9NR2H,Hating is a disease so they need to get a vaccine to cure it,1
8EPPPH94,MT “<user> Parents Protest Calif. Proposal To Do Away With Vaccination Exemptions <url> #NPHW,2
E7FEJ5WS,...and the lights are off. #inspiration.. #mmr #david,1
SBOZY7KJ,"<user> <user> but but vaccinations cause autism. Jenny McCarthy said so and she is on The View, so you know she is right",2
PLK1QODM,Seasonal Flu Vaccines Being Offered For Children &amp; Adults: DALLAS (<url> – Fall has begun and... <url>,2
4X1OTJFH,The measles outbreak couldn't be something done by terrorists? Just asking #MeaslesOutbreak #EdicionNocturna <user>,1
43MWGI00,Centers for Disease Control: This Year’s Flu Vaccine Doesn’t Work <url> #health #flu #cure #failure #sick #CDC #really?,0
58ZMK3F6,But for real y'all vaccinate your children,1
7U34RZB9,Vaccine injury tax in the works: You could soon be paying for injuries others receive from vaccines if the House... <url>,0
HPOA330B,Carrot ginger garlic beet juice. Immunity booster .. @ Red Bank Regional High School <url>,1
415ZU245,"“<user> Protect against the mumps. MMR vaccine $85, call (614) 278-3130.” Or go to a college that isn't Ohio State.",1
5B8M8HTE,#MogulintheMaking #followdatbag djhpnotiq #MMR #FDB 🔥🔥🔥🔥🔥 @ <url> <url>,1
T45BVJKO,"“<user> Christie breaks with Obama over measles vaccine, calls for ""balance"" <url> Further proof Christie sucks!",0
6WGWKPRU,"Who are the mothers questioning vaccines? Have you been exposed to German measles only to have a child who is blind, deaf &amp; dev challenged?",0
2WO6WA7H,<user> as a mother of 3kids with Autism I believe vaccines have nothing to do with it I do think Autism is overly diagnosed also,1
9S009NK3,Health Officials In Delaware Valley Highlight Importance Of Measles Vaccine: With one potential case of measles in… <url>,1
LENUYCR7,Fabricating a story.. MT <user> Should Obama make vaccines mandatory for all children? <user> believes so. <url>,1
0JI9HYA2,I'm tryna go to Disneyland but I'm waiting for this whole measles things to clear before I start planning lol,1
W0Z4LB87,This 28-year-old WA woman was first person in U.S. to die from measles infection in 12 years <url>,1
TSFYH3YY,How to protect your family from the measles: <url> <url>,1
EH6LZXL3,At this point yall better know its spirit week which means I get immunity from weird looks when I show up at school in full xosume ok Ok,1
AKEBE4KX,I just realized how we can stop anti-vaxxers. <user> just needs to say #TheWalkingDead started as measles.,2
0U71H5Y2,<user> Not sure we want to label the measles vaccine a TOXIN!!! #woefullymisinformed,2
LA7R51JI,"<user> actually i'm blaming flouride,aspartame &amp; vaccinations also media&amp;public schools. cannabis is the only thing that could save us.",0
JYIPZU75,"You bash medical procedures based on ""scientific"" claims of harm when there are thousands who would kill 4 the vaccine and can't afford it",2
EJJSRX24,Glenn Beck: King Ass “<user> Glenn Beck: Measles Outbreak Is ‘Hoax’ To Make Us ‘Obey Government’: <url> #p2 #tcot,0
V93Y2QNG,<user> <user> having your kids around kids who aren't vaccinated is risky.,2
1IA7RSSI,The problem with Obamacare is that vaccines are poisoning our plants and animals,0
0Y4GAUKA,“<user> #BREAKING: Measles outbreak grows to 20 cases in NYC <url> <url>,1
CFBW5LDJ,<user> AUTISM been around longer than vaccines &amp; prevalent in Countries who don't have vaccines. <url> great site!,0
YVWT48IG,"If the vaccinated children are in fact ""immune"", then why are they afraid of the unvaccinated?",0
NMN1UJGS,Reading this paper about meningococcal vaccine junk n this start to scare the hell out of me #RealTalk,0
5R3DXHKO,"Correlation vs. Causation. Vaccinate your kids, people. <url>",2
DAX8C31D,"Nancy Dirubbo says ""Think of immunizations as your 5th Vital Sign"" visit booth # 862 #AANP12 American Travel Health Nurses Association",2
4Q1ROWZD,“<user> #NYC #Measles Outbreak Spreads to Lower East Side... <url>,1
9CVXYHPA,"Damn you people! RT ""<user> Health officials report first suspected case of measles in Tehama County <url>",2
QJE207AX,Camden County Put on Measles Alert <url> via <url>,1
PR1AHK6B,"Nooo, this sucks! <user> On avg, ppl who complain live longer-releasing tension increases immunity, boosts health #BetterLateThanNever",1
81VOJPWF,I didn't pass out!!! Volunteer vaccinations for Levine Children's Hospital. #chickenpox #tb… <url>,2
9LHMGN1U,“<user> Measles cases surge as vaccination rates drop. <url> And Lou Gehrig died from Lou Gehrig's disease. #Obvious,1
8CMP3E2B,"Look at what we've become. A bunch of little kids. Immature,selfish,stupid little kids fighting to boost egotistical immunity.-",1
A4A978KW,How does one contract the flu if the vaccine has already shot him dead? #butigotaflushot #ainobodygottimeforthis,1
624M28GZ,MMR dance party at Reed College. It's so normal.,2
B18K88K7,"All NYC parents who did not let their kids have the measles vaccine, please bring them to the nearest disintegration chamber.",2
4TB3WUB5,"If you are a baby boomer and have had chicken pox, get vaccinated. Shingles are no joke! Cards quick start over? #Zostivax <user>",2
526ZYCPA,Stillwater has the measles wtf,1
OL3B2XFA,40 yrs ago my Mom had German measles when she was pregnant with me. Her doctor urged her to abort me but my Mom knew that was not God's plan,1
O24I9WYT,"If you don't vaccinate your child and my nephew or any child I love dearly gets sick, I will hunt you down. Just saying.",2
VO19FXEW,"Ethiopia immunization - Measles, Mumps, Rubella: Part ll. BAM! (at Dallas County Health & Human Services) — <url>",1
19U3LIVI,"rich white dudes talking about shit they know nothing about - it's not new, but vaccinating your children isn't a ""freedom""",2
2R16QPQM,<user> She's lying to protect him. Remove the immunity and threaten her with me we seeing her child again. #AaronHernandez,1
6D1G0D7H,"My mom told me the school nurse said if I don't get my immunization records in they won't let me go to school... Ohh no, I lost my records..",1
TKHVBLMT,"<user> "" oh shit people catching measles now? How much can i buy one of yall for?""",1
OWXVBRP6,Health Officials Investigating More Than A Dozen Measles Cases In Knox County: Knox County is dealing with... <url>,1
ZU5CMERT,.<user> my vaccine injured son thanks u for weighing in. Pre/post MMR #autism #CDCwhistleblower <url>,0
AW17QL36,"Post-disaster health communications, on-demand vaccine delivery + more ""How Drones Can Save Lives Around The World"" <url>",2
446,I'd say no if offered an HPV shot.,0
I03EI4RN,“<user> Kings of Leon concertgoers may have been exposed to measles: <url> <user> whoops!,1
ZN0E1S18,U.S. faces worst measles outbreak in 20 years <url>,1
ZLI9UXWY,This cough won't go away. I think I got a redneck disease from some Louisville fan that my non-incestuous body has no immunity for.,1
WE4PVO3Q,"“<user> On average, ppl who complain live longer. Releasing this tension increases immunity and boosts health.” <user> ....",1
VXK835R0,"“<user> HPV Vaccine Doesn't Raise Risk Of Blood Clots, Study Finds <url> AND prevents CANCERS!",2
K316728X,"Measles carries risk of rare, always-fatal complication: Dr. James Cherry, primary editor of the Textbook of… <url>",1
NVCCZG1T,<user> <user> <user> <user> <user> I survived #measles &amp; now have a lifetime of natural immunity,0
JCPP1MAA,US Measles Count Rises to 121; Most Linked to Disneyland: - Health officials say the number of measles cases in the… <url>,1
Q23PJ4N3,"SCITECH: After meningitis confirmation, Yale Health to provide vaccine, via <user> | <url>",1
Q3OQN12V,vaccinated spreadN measles WHO Merck CDC confirm Precautionary principle NOT vaccine courts needed <url> via <user>,0
9U7TFNO7,".<user> 1 in 5 children are w/o lifesaving vaccines, pls change this &amp; put #immunizationfirst on the <user> Summit agenda",2
TNQM9DFC,....You Already Know...<user> #mmr #mixmasterrod #live #dj #dc #skulls #follow #photobomb #epic… <url>,1
7XCKHR54,“<user> People who complain live longer. Releasing tension increases immunity and improves overall health.” <user> c I knew it,1
G8U9R5F4,<user> Anti vaxxers are traitors and a danger to American ppl. Jail them and vaccinate their kids.,2
LKSSZADY,"Explorers gave Native Americans blankets deliberately infected with measles, killing off 90% of the population with such biological weapon.”",1
2WUE4437,((Silvito El Libre)) Combo vaccine causes Autism: My son Elijah who was taken from me out of state by my wife has been diagnosed with...,0
QLXCRT2T,H shir mmr we have keystones,1
DMNUNNBO,😎 x you cool and I still want a MMR sweatsuit 😂👌,1
PKSTZSIN,"""Stop by the office so you can get your hepatitis vaccine"" Are you kidding me. I'm gonna die. I hate work.",2
KRPJOMBP,<user> I'm scared because some of those dogs aren't vaccinated and slobber on ember lol,1
M2HT72X5,Health district reports 3 more cases of measles: The Southern Nevada Health District is now reporting a total of… <url>,1
98D8RRKE,".<user> has measles. Real life quote: ""I'll be fine"" <user> <user> <user> <url>",1
O7UGV1G7,"Time for summer check ups!! Make sure your child is ready for camp, school and college! Check to be sure immunizations are up to date!!",2
NKI9GIT7,“<user> Original Article: Intussusception Risk after Rotavirus Vaccination in U.S. Infants. <url>,1
V24T47DJ,"<user> Joshthenewt I suck at the game, haha well some people say I don't but my mmr is eh",1
54MM7AJE,At the Nassau County Hispanic Health Fair with our community vaccination team. #fmrevolution #nslijlife <url>,1
7Y7Q5HH2,MMR Vaccine and Autism: Vaccine Nihilism and Postmodern Science <url>,0
QDA0UE3F,<url> chip in for Lilly her health bills are in the thousands after suffering adverse reaction to rabies vaccine,1
RY1W0JEN,<user> <user> She's also adamant that vaccines cause Autism which has been disproven - the author of original study admitted he lied.,2
143,I'm opposed to getting another COVID vaccine.,0
VI6VQBKG,"People, vaccinate yourselves and your children. Let #12monkeys be a lesson to you, please.",2
Z4FFKJEH,Vaccinate other people's children.,2
7H14H28C,"“<user> California health officials declare whooping cough epidemic <url> Vaccinate, please...please",2
OEYOPJ5P,<user> <user> German Measles. Not allowed to breastfeed for fear of pass through breastmilk and now Glyphosate found in it!,1
74P999OR,"STOP the #MeaslesPanic! We had the Measles when I was a child. We survived that, Mumps and Chickenpox. Quit scaring people!!!",1
0U1AW0VA,Tune Into Channel MMR Tonight <user> #MMRisForTheChildren #djculture #respectthedj #djlife… <url>,1
FP4CYLNC,<user> darn colds! One of my coworkers got Guillian Barre from the flu vaccine she thinks. Incredibly weak and near death!,0
LGSRS0AI,Why weren't volunteers notified <user> BREAKING: people exposed to measles at MGH. <url> via <user>,1
MD4FNV57,“<user> Vaccinate your damn kids.” PREACH.🙌,2
3598PITG,<user> Children crying. Vaccine. Needle.,1
HGK3V729,Study reveals toxic level of aluminum #vaccines #autism <url>,0
X357QHH3,Physicians against #SB277 #vaccineswork #autism <user> <user> <url> <url>,0
O41J71NR,"<user> <user> we all had to go through measles as children, regular and german, don't do it, live clean",0
IZ698LKI,<user> <user> <user> <user> <user> where'd that even come from? No. What's that got to do with dumb people and vaccines,0
4PANPBEQ,"“On average, people who complain live longer. Releasing this tension increases immunity and boosts their health.” FUCK YOU <user>",1
SW7RN9D2,"""Like a good neighbor, <user> is there (only if you refuse to vaccinate your children.)"" #BadSpokesman <url>",0
URGIK16V,Baby vaccination day. She's getting the measles one early as there are fuckwits here in Chicago who don't vaccinate ensuring it's a problem!,2
T5MH77LT,"Measles hits 20 year high in US, ‘driven by unvaccinated people’ | The Verge <url>",2
VRLTLH3P,"“<user> On average, people who complain live longer -- Releasing this tension increases immunity and boosts their health.”that us BS!!",1
7TZ69Z4B,"<user> thanks for the favorite.I got hate from pro,let's not vaccinate our children,people. My daughters college got measles this year.",1
312,I'm firmly against getting the pneumococcal vaccine.,0
CCWOSMLJ,Next time Laura Ingraham tries to blame reemergence of measles on immigrants: HT <user> <url> <url>,2
44G1WIPG,I hate listening to these opinions about not vaccinating your children.,2
71FGVQ21,Outbreak of measles in Illinois! # vaccines# herd#LUlearns,2
GYMNALT6,"Rockets and Astros win today. Today I got an MMR vaccination. Coincidence ? Not sure, but I'm glad I'm not overly superstitious.",2
ZZOTCL9J,"These senators made over $500,000 to pass a bill that wouldn't allow parents to sue if the company gave the child a harmful/fatal vaccine",0
GJQQXHF3,"Because Obama says kids should get vaccinated, Republicans are now anti-vaccines!?!? Well, not unprecedented for them to ignore science.",2
JKUS09J8,F' ebola scare tactics all 3rd world countrys have the same vaccinations. = D,1
H5ESS1HV,"Huge increase in recent measles, pertussis, and whooping cough cases. Thanks anti-vaccination parents!",2
NZAC81WZ,Impact of vaccines on diseases. Why are we still discussing this? <url> #pharma #vaccines,1
OM7DA3O2,DeSoto schools remind families to update student immunizations <url>,2
6F7GPF0X,"“<user> California Measles Cases Reach 56, Dept. of Public Health Officials Say <url> whack.",1
8LAR13PK,Dr. Ward of the CDC tells us 50% of infants do not receive a birth dose of the hepatitis B vaccine. Left of dr. koh <url>,2
R2TMNMYN,Measles outbreak in Framingham. Send in all those non vac parents and their kids. #shotsrule #noplagueinthishouse <user>,2
TDSHK4J4,"With measles on the rise, physicians urge vaccination <url>",2
A8QU5YR1,<user> <user> stop worrying they'll lose their vaccinations too. Missing school reduces exposure risks.,1
K24CT5MB,Limbaugh &amp; Beck gin up fear against flu vaccine and generational outbreak follows. Clearly that proves Obama wants to steal our guns.,0
CVPWFGZZ,<user> great info today esp reemerging measles and anti-gluten fad. TY,2
PU4WL4ND,"<user> show me proof that giving 4,5,6,7+ vaccinations within minutes to newborns is safe and can't cause neurological damage.",0
CZE0K6TB,We need these outbreaks to get more press. It's preventable!: Brooklyn Measles Outbreak Shows Risks <url>,1
M4RHD0J2,"FUN SCIENCE FACT: if you don't vaccinate your kids you are 1) terrible 2) a bad parent, and 3) a shitty member of society at large #VaxTruth",2
DS0H5H7J,"<user> and it is now people that will not an inoculate their children , and now the measles spreading so badly,",2
7Q0EL4QI,“<user> Measles and mumps are making a comeback amid vaccination backlash <url> how strange,2
TFWYOBQ8,<user> <user> I was wondering how they get people to talk and tell truth after being granted immunity #wiunion,1
KVEZT1TQ,"<user> Not only do vaccinations fail to prevent disease, they are proven to cause disease! Please consider reversing your position.",0
41QFEV7F,Thank You Maryland for doing a horrible job with a measles inch of snow. I've been sitting in traffic for… <url>,1
8ZX9BOMZ,I don't understand why people can't just vaccinate their kids!!!!,2
CY8ABYDV,"""<user> 70% of world’s unimmunized children live in just 12 countries. via <user> #vaccineswork <url>",2
0YOU56L4,"CDC: 2014 a record year for measles, California has 60 cases <url>",1
KW73AY9S,"<user> 2/2 .... then spend the next 28 yrs caring for your brain damaged son, then tell me your opinion of vaccines.",0
TORA1LR9,<user> Columbia Health Department says flu vaccines are in as of yesterday.,2
EJKI9IKQ,Yes! RT <user> There's a simple way to decrease the number of parents who choose not to vaccinate their children <url>,2
BZKX5KDD,Tired of the rehab everyone get a shingles vaccine. Now deaf into left ear. Face is paralyzed on left side. Not... <url>,0
KZ0J6AXP,via <user> Australia To Stop Payments To Families Who Refuse Child Vaccinations. Good on ya! No fear 4 diseases <url>,2
WZZ20K41,My top three crazy anti-vax claims. 1-Vaccines didn't cure polio. 2-Measles isn't deadly. 3-Their decision only affects them. #CDCvax,2
U64M2HMB,For all you suckas making measles/Disneyland jokes: the winning Super Bowl team goes to DISNEY WORLD you hacks.,1
85B8L54L,"""<user> Conservative Neurosurgeon Ben Carson Says Vaccines Are A Public Health Issue <url> 1 thing I agree with him on.",2
YKKD6U37,"Please don't be a fucking idiot. Vaccinate your ugly child. ""<user> Be informed <url>",2
28VY8JRG,I feel about this measles thing how idiots felt about Ebola. Baby can't hit 12 mos &amp; get that shot soon enough.,2
512,I've decided against getting the pneumococcal vaccine.,0
NDVVVWS4,the enemies of science “<user> Measles outbreak in Brooklyn thx to anti-immunization parents. If my kid has measles I will kill you”,2
88M2E2PA,If you're vaccinated then you can't carry the disease and transfer it to someone who can't take a vaccination. It's not only for you.,2
01E100JT,"Home and safe from MMR. Best ever? Well, if you didn't go, how would you know?",1
L4QFMYOK,I ran 4.824 <user> to help <user> vaccinate children worldwide. #EveryMileMatters Because running makes everyone happy :),2
ZDSTTHMA,If you're a parent and you don't vaccinate your child you're a god damn idiot.,2
ZN6T6R3K,<user> How do U explain (away) massive drop in cases/deaths prior 2 use of #vaccines?,2
Y3RY07F0,People are so fucking misinformed about vaccines Especially new parents. Not vaccinating your kid is horrendous for public health,2
UM2VA8NO,"“<user> On average, people who complain live longer -- Releasing this tension increases immunity and boosts their health.” Ooop",1
VO4NZD19,Maryland Health Officials: No Other Measles Cases Reported <url> via <url>,1
SGPD845C,<user> it's not a joke: it's an absolutely appropriate analogy given her attack on child health through vaccinations.,0
6NDMY0HD,(io9): These 19th Century Maps Show Measles Death Rates Before Vaccines <url>,1
XRCASPS2,“<user> Jennifair - Crack produced by DrumMage! #SINS <url> {New Music} from #MMR,1
LQVFC4VN,gotta get my MMR &amp; Td shots tomorrow for school 🙈😩,1
118,I'd rather remain unvaccinated.,0
Z1KRAXD0,Noah's measles came from patient zero!! Oh yeah! Watch out here comes the #BensonStare!! <url>,1
AM7P4J0J,CDC: Measles cases in USA hit 20-year high <url> via <user>,1
3N49SV67,HB5361 [NEW] Health; immunizations; exemptions to immunization requirements; modify to require the use of forms c... <url>,1
30FY941P,"Disneyland measles outbreak includes traveler, Grays Harbor teen: At least 17 people have been confirmed with… <url>",1
VBS9SQSQ,Kisses blown r kisses wasted kisses arent kisses unless they r tasted kisses spread germs and germs are hated so kiss me baby im vaccinated😁,2
5CS4DSQO,5 measles cases reported at Ill. day care center: Three more babies who attended a Chicago-area day care center are… <url>,1
CFAIS91A,"""one of the scientists who discovered the helical structure of DNA believes stupidity is a disease that can be cured."" VACCINATE THESE FOOLS",1
OBSE4DJM,3 people in the IE have measles 😩😷,1
1P7VBHO0,"Like, how about we give you measles and ask you how it feels?",1
RMKJH7GX,Immunization reqirements #SHOTSSHOTSSHOTS (@ Watkins Memorial Health Center) <url>,2
Z6LBXQFH,Add another #phobia to the list. Un vaccinated children running around Brentwood coughing in Sbux. Darn sure left thigh got whooping cough,2
5GJLGF7I,"If you don't vaccinate your kids b/c of a non-medical reason, then you should be treated as someone who is purposely endangering children",2
4R7B85VB,Measles case confirmed in Northeast Tarrant County: Health officials say the Northeast Tarrant County resident... <url>,1
146,The COVID vaccine is a no from me.,0
9K1FB6BR,"I don't wish harm on anyone, but if your kid gets the measles because you're an anti vax idiot, I relish in your pain",2
RGYPKJX9,Another Suburban Measles Case Brings Illinois Total To 11: Another suburban Cook County child has been confirmed to… <url>,1
UUSOLOUV,"<user> never had the measles, never had the mumps. Eat a lot of tacos, take a lot of dumps. #freestyle",1
3DP4M7JX,"<user> doesn't want to vaccinate her kids. I would call her a fucking retard, but that would be insulting to the mentally handicapped.",2
144L1MG1,Great Job Andrew Wakefield!Congratulations on keeping children away from the Happiest Place On Earth! #VaccinesDoNotCauseAutism #Science,2
ZDUO6IGG,BV: 5% of CRC patients are hypermutated (MMR deficient) and likely to respond to anti-PD1: lots of antigens. #AACR15,1
558,I'm choosing not to have another tetanus shot.,0
0OZ9QXWE,"Austerity is not a Vaccine to Crisis... It is a Parasite with Pandemic Potential! It Drains Life, Killing Slowly! #OccupyColumbus",1
324AS3S9,Pray 4 the Pearsons- Texas Measles Outbreak Linked to Church Led by Kenneth Copeland's Daughter; Infection Spreads <url>,1
969VDTY6,I thought chicken pox parties were bad but fools are actually having measles parties and hoping their kids get a potentially deadly disease,2
A44NYRD7,See for yourself: How many kids are vaccinated?: Search the data for yourself to find how many the students in your… <url>,1
4AOMS1YW,MMR BQ 933wmmr #budweiser #rock #metalhead #metal #festival #rainorshine #camden #nj #sixxam… <url>,1
3P3KPU7W,"""Jesus didn't vaccinate, so neither will my kids"" is the dumbest thing I've ever heard",2
UW1YGERD,This is what happens when you don't think critically. Diseases long beaten come back. <url> #vaccinate #leftsWaronScience,2
ON73GTQR,<user> omg did you really have 5 tabs open about the measles?! 😑,1
401,I'm not interested in getting the COVID vaccine again.,0
96B84EYX,"""<user> <user> Parents who learned the hard way about vaccine injuries and wish they hadn't <url>",0
165,The HPV vaccine is a definite no for me.,0
B94L8GKV,“<user> Disneyland Measles Outbreak Reaches Twenty Patients in Four States <url> <url>,1
9H5P42X5,"5mo old dies from #measles. ""Maybe wrongful death lawsuits will convert nonvaxers."" I like it. via <user> <url>",2
DAP8S1EA,They're worried about American kids not getting Vaccinations while they let unvaccinated illegals flow freely into the country,2
OI1K55XG,"#MMR video , Wass funny a'f !! ",1
61OAIAOX,“<user> New research demonstrates how safe #vaccines are in #childhood <url>,2
B7V4Y1DR,Disneyland and Disney world raising prices. You gotta pay extra now for the measles,1
138,I'm choosing not to have vaccines.,0
PQQFNX6D,*turns on news(for the first time in forever) STAY TUNED FOR DISNEYLAND; THE START OF A MEASLES OUTBREAK😑😑😑,1
QK8IMNIY,"<user> Amazing how somebody's ""firm"" belief that vaccinations are harmful, is changed when their kids get sick. Talk about ironic.",2
O9LDFWTL,<user> <user> <user> Don't get me wrong-not fond of pharma-but most vaccines been successful &amp; safe-billions vaccinated,2
H029HPI1,“<user> who complain live longer because complaining releases tension and increases immunity while boosting health.”<user>,1
NIFW1RDZ,Why does every article about #vaccinations have to show a PICTURE of a child getting a shot? #makingmesquirm #ick #sad,0
758UI2SY,"“<user> How safe is the meningitis vaccine that hasn't been approved in the U.S.? <url> Scary, not far from us.",0
PTUFFST7,"May not be a cause, but vaccines are definitely a trigger to disease for some children! <url>",0
72SJS7IM,"Looking thru my phone contacts and saw Chicken Pox, Influenza, Measles, Small Pox. Why are these in my phone? Oh yea! Cuz I call the shots",2
DF6EGDYL,"What's poppin tweet fam...its yo man BEAST YA DIGG. .817...FTWORTH. TWB/MFTNT/2HG/$MMR$ FOLLOW US ON FACEBOOK,INSTAGRAM...YouTube",1
0YX6EA35,"<user> <user> Yes b/c for health reasons some children can't be vaccinated - you're putting everyone at risk. Move to the woods, bye!",2
DZWTVPSH,Who wants a shot of autism juice...I mean measles vaccine!? #ThingsMyDoctorSays <user>,0
3Q0SRIR9,"When you decide to not vaccinate your child and cause children who are unable to get vaccines sick, youre making risk for everyone malignant",2
U4NO7G8P,"So I come to the doctor for a chicken pox and measles vaccination...turns out I already got both, but I STILL need some other shot. ",1
119,Vaccines are not something I want for myself.,0
6M6M1MVH,CDC Forced to Release Documents Showing They Knew Vaccine Preservative Causes Autism <url>,0
EAMOKKL3,Unvac student exposed thousands to measles in CA. Danger to immunocompromised and those too young for the vaccine. <url>,1
V5T1Q83P,<user> Its crazy that kids are allowed in school simply by their parents signing a waiver for no immunizations. Puts everyone at risk.,2
HWU62513,Back 2 School #cold #germ #sick #season Protect your kids &amp; yourself #immunity #boosters #shaklee <url>,1
FZ0ZYLVD,"<user> I see it a lot in fear of science. Medicinal at least. Extreme leftists & Christians are both anti-vaccine, for example.",2
A2MMZ3TI,<user> count my whole family in! Screw the anti-vaccine celebrities AND the ignorance &amp; fear they created!,2
QQPY0C1J,MMR Brown Ale. One tasty beverage. On tap soon. <url>,1
HF50T7GC,"""<user> Disneyland officials say employees have been diagnosed with measles <url> <url> <user>",1
ZZVTM2M0,"<user> an app that details immunizations requirements for countries you want to visit along with disease outbreak info,",2
3D2WTNAK,"Technical Advisor Level III: Immunization Technical Advisor, Washington, Global Health Fellows Program <user> #jobs <url>",1
WINTTIOW,Drunk thanks to #MMR and #GFE,1
0YXH01XT,Baby Monkeys Develop Autism Symptoms After Getting Popular Childhood Vaccines &lt;link-TiSM&gt; <url> via <user>,1
QJHINNIR,"Parents in some states have the right not to vaccinate their children Putting us in danger bullshit, Vaccinate those dirty little bastards",2
11LBFSWX,Moorpark College Notifies Students About Potential Measles Exposure <url>,1
PZC94KD5,UGH VACCINATE YOUR CHILDREN UGH SERIOUSLY DO IT VACCINATE YOUR KIDS,2
DM7I94T3,"“<user> #Vaccine Fraud: U.S. Mainstream Media Censors Whistleblower’s Explosive Story "" is BS <url>",2
315,The pneumococcal vaccine is something I plan to avoid.,0
98,No travel shots for me.,0
CW4VNV67,Huck ain't tryna hear it. He wants that immunity fam. #Scandal,1
0D8AA50W,AM-News : Potential HIV Vaccine to Begin Preclinical Trial at Texas Biomedical Research Institute: The CDC... <url>,1
DX9TVLTM,"CDC: Flu vaccine not as effective as years past: Flu season is in full force in South Texas, but something's… <url>",1
BLIIPRMV,"""you are not allowed to register for a semester of classes because you have not completed the immunization health form""",1
ZRO6XU62,".<user> slays, always has. Vaccinate your ding-dang kids, y'all! Chris Christie ain't a doctor and Rand Paul is a clown. #hardball",2
MLZSFUB0,Chillin at the clinic with my big. Poor baby!! #Vaccines I know I know I didn't want to do this but I… <url>,1
FCJWTT2T,RT <user> Should parents be allowed to choose whether to vaccinate their kids? <url> <url>,1
3ZJA38P0,"Autism Speaks w/credibility, no scientific evidence links vaccine to autism. Measles is dangerous and vaccinations work.",2
U188MB0M,Brain cancer vaccine trial begins <url> #Health #BrainTumour #BrainCancer #Cancer #Oncology #Oncologist #Medicine,1
URV849TL,42 measles cases linked to Disneyland <url>,1
RXNB55UW,Shout out to my parents for vaccinating me so I don't have to worry about getting the measles ✌️,2
587,I've decided against travel vaccination.,0
YK15F0NK,Health Officials Investigating Suspected Measles Case In Jersey City <url>,1
E2RC9YAS,17 Reasons Why No One Should Ever Vaccinate Their Kids - <url>,0
3L7XW0V8,"Ughhhh, I got measles. I do not like this $$$$!",1
8F92F4T3,"Give me a fucking break. Holy christ, I hope the measles/ebola kills me, NOW",1
7PINN5WP,Feds: Immigrant kids given adult dose of Hepatitis A vaccine <url>,1
64YXCCYT,"And when measles and typhoid come back these dipshits want to take your health care away, because freedom",2
WNTKNMQP,Arizona Cardiologist Responds to Critics Regarding Measles and Vaccines <url> via <user>,1
JHT1V3RB,“<user> Benefits of music: Stress relief - boost immunity - reduce heart disease - enhances emotional strength - boost self esteem!”,1
BMHVDG1Q,"“<user> John Boehner: ""All children ought to be vaccinated"" <url> <url> For once we agree",2
FWDVHJNF,<user> But the amnt of exposure she had to other causes for Autism at the same time are vast. No scientific evidence for vaccine cause,2
TT131UHX,"It has been confirmed that the MMR (Measels, Mumps, Rubela) vaccine causes Autism #onlyinamerica",0
YRJSAZVG,"For Syria's Children, Polio Vaccinations Are A Rare Source Of Hope <url>",2
XX1V4WMD,Measles express (@ Montgomery St. BART Station w/ 2 others) [pic]: <url>,1
HG0NNSYZ,Hurt over measles lingers in small town: Four people in one family in Kearny Arizona contracted the measles while… <url>,2
MAYYH04J,CNN: Schools have closed Monday the 9th of February 2015 due to a measles outbreak. Check to see if yours is closed <url>,2
Q7YHLAG8,RT <user> Boy Recovers From Autism By Removing Dairy &amp;amp; Gluten. Strong Evidence Links Vaccines to Autism <url>,0
A2VAW29R,Today is National plague prevention day! Celebrate by vaccinating your idiot hippy cousin's kid!! 💉👶,2
12580XEL,Valentine's Day is only a couple days away! I kind of wanted to #disneyland but... Measles outbreak? 😳😳😳,1
3GDZGY35,<user> how irresponsible and ignorant not to vaccinate children and putting others at risk. Research show no connection with autism,2
ERSI1P72,“<user> Mandatory #vaccines are coming. Enjoy.”nah ain't about that,0
531,I've chosen not to get the meningococcal shot.,0
BDNW95LS,If you are choosing not to vaccinate yourself or family you're a seditious baby killer. #fb,2
QGZ0VZ93,California leads U.S. in measles cases. Parents are between a rock &amp; a hard place when deciding to vaccinate or not. ..,1
Q4X9OTRM,CDC - HPV Vaccine for Human Papillomavirus - Preteen-Teen-Adolescent - Vaccines <url>,1
Y5AZPRI5,"<user> As a provider who held children as they died from diseases vaccines prohibit, I am very proactive ed parents,1 death 2 much",2
ZWEP2IL4,Health district offers no-cost immunizations for uninsured children: The Southern Nevada Health District if... <url>,2
FSTFF9SY,Get your flu vaccine! It's never too late.It can't give you the flu.Prevents death(what a good idea)! #vaccine #influenza #prevention,2
N7GEZE74,"“<user> #ohio #measles #outbreak reaches 68 cases, the most cases reported in any state since 1996 <url> #pediatrics”",1
3TKTMGIH,Look fwd to hearing how combatant immunity (covers collateral damage) applies to civilian agency killing outside US. <url>,1
OKCTCEPI,<user> New York law requires proof of MMR immunization upon enrollment. So how'd that happen?,1
E2Z2MB9J,"<user> <user> You said it dudes! Vaccines were created to prevent diseases, not cause them. I get a flu shot every year",2
69FSGX65,The fuck you doing not vaccinating your kids smh. I hope child services takes ur kid away because you obvi too stupid to raise them.,2
HZ6TS8MY,AIDS N : Early HIV vaccine results lead to major trial: researchers: Promising results from an early safety trial… <url>,2
C2T8Z23O,"1911 to 1935 4 leading causes of child deaths in US-diphtheria, pertussis (whooping cough), scarlet fever &amp;measles.",2
5VQJ5IJ9,<user> #crying #MMR,1
XKGG2MNP,<user> or start a new form of hilarious measles,1
WBVLA1M9,“<user> believe early childhood vaccinations cause autism <url> <url> Power of baseless fear.,0
06W9ODUR,As somebody who had a chord transplant less than a year ago. PLEASE VACCINATE YOUR FREAKING KIDS!,2
NSLA6AB1,#ZombieZymplex is a horrible disease... ​​Please get vaccinated.​ 😷 A short fun cray-cray… <url>,2
X8SMNPXH,#cheers #mistersoftee #milkshakes <user> <user> &lt;--MMR @ Mister Softee Truck <url>,1
R9F53JOG,Upside: a kennel cough vaccine is available for the recent outbreak in Chicago. Downside: all those damn autistic dogs.,2
HZWTWJ7N,<user> <user> <user> is that at the mmr bbq last night?,1
PF69X2R2,"<user> vaccines also prevent infectious diseases, prove me wrong",2
YO0MYUOE,Measles Case Confirmed at Indiana University: The Indiana Department of Health confirms that a student at Indiana... <url>,1
4P9064YH,<user> <user> GD liberal Obama vaccine media school institution because 'Merica. CONSPIRACY!,2
ZK5WAHU9,US Secretary Tom Vilsack explains $26.2M spending on deadly pig disease -- $11.1M for cost-share w/producers; $3.9M for developing vaccine,1
QR4U0BBH,<user> <user> <user> it is irresponsible not to have your children vaccinated.I grew up in the 40s &amp; 50s you want to go there,2
E8281L2H,Health officials stress getting flu vaccine before peak season: Flu cases spike between November and January.As... <url>,2
0AU4NWGK,"New immunization requirements for 2013-14 school year: INDIANAPOLIS, Ind.– State health officials are urging... <url>",2
DSLC1Q1Y,"<user> the vaccine-autism claim was by a study published by Andrew Wakefield, later to be shown to be fraudulent <url>",2
KY55283B,"#pharmaceutical Vaccine Pharmaceutical Sales Representative - InventivHealth - Lake Charles, LA <url>",1
3S7RIMFZ,"Kiwi, spinach &amp; avocado smoothie. Great for skin health and immunity. :-) <url>",1
VLLGKTNH,Right before the talk on MMR vaccine on #GMA <url>,1
BI6U68HW,Hey <user> Health experts say having a flu vaccine is the most effective way from getting the disease. #FluShot <url>,2
BHC3F1O7,"Duhh! “<user> This year's flu vaccine is barely working, CDC says <url> <url>",1
V6O72BPW,I lose brain cells when I read the anti vaccine arguments,2
383,Travel vaccines are a hard no for me.,0
24,The HPV vaccine is something I don't want.,0
7TVRBWCP,“<user> TV’s Relationship to Autism: <url> not caused by vaccines? Weird! cc: <user> and Brian emmer,2
UMOZQGD4,Good! LA Times - Bill removing California vaccine exemptions approved by key Senate panel <url>,2
ESHPS1C8,"On avg, ppl who complain live longr: Releasin tension increases immunity &amp;boosts health <user> Gawd, ur gona live foreverr!!:0 lmao;)",1
8PMRLHQD,Science is OK for super complex war machines but not for waste like Children's Health Insurance CHIP vaccines #uniteblue <user>,0
86J5AETG,"Meningitis vaccine required for some Illinois students: Starting this school year, students entering grades six and… <url>",1
WOFKVJRZ,What did I just read?!? Measles parties? R u kidding me. This is not chicken pox. Get educated. #vaccinate,2
2E1PJFH7,Happy bday to who I call the BossMan #MMR Hardworking and he's effed up right now <user> Love… <url>,1
M4CYM5AV,"Mind/body therapy has many health benefits for mental/emotional health, physical health and immunity, and even dermatological benefits.",1
E0MZO9US,"If a kid in a public school isn't vaccinated, wouldn't they only endanger other un-vaccinated kids?",0
EV8DSBPH,<url> <user> watch the video! Breakthrough vaccine to prevent Childhood cancer. Pretty damn cool :),2
24LEZM4K,<user> yep...and the immunocompromised will be free to die of these diseases because there is no herd immunity to keep them safe,2
924IYQJH,Vaccinate your FUCKING kids!,2
E98EPQFK,2 Sides Face Off Over Vaccines In Public Schools: Opposing sides of vaccination bills butted heads Tuesday at a… <url>,1
ROSH009X,Can someone explain the theory against immunization? I really don't understand.,1
CNMWGACJ,RE: measles &amp; disneyland resort <url>,1
RLUFGPSF,State confirms 6 cases of measles in Cook County: Lab tests pending for three babies diagnosed with measles at a… <url>,1
2N8BW32H,<user> unless idiot parents don't vaccinate their kids again,2
EQNOVGKJ,People who don't vaccinate their children shouldn't be allowed to have their children,2
NDPPDI8E,"“<user> A vaccine against heart disease? It's possible <url> I don't like this headline of ""no lettuce, no gym"". Deceiving",2
DSDDXD9B,"Suspected case of measles reported in Lake County, Illinois <url>",1
CDMFX7O1,<user> We have been finding over the last 5 years that it is this combination of Head/Neck Injury & Vaccines=worst case scenario of ASD,0
UGZQCE3T,FREE! Back-to-School Immunization Clinics start this Saturday at T.H.E. Register now. Call… <url>,2
SIWPRDZB,"Kisses spread germs and germs are hated, but anyhow you can kiss me baby I am vaccinated. <user>",2
734Z3HCZ,Unleash your inner freak tonight madhatterdc #mmr #top40 #edm #remixes #rave #epicdrops #ragedc #dj… <url>,1
TKN0FIFQ,Syria Infant Tragedy: Vaccine Mix-Up With Atracurium Not Uncommon <url> via <user> ugh,0
KHU2UBU0,<user> you got the measles?,1
3R479UNJ,"DONE. I did a 30 minute presentation in Spanish about measles vaccinations. Now, I can do anything.",2
GKRV8C6I,"New measles cases in Cook County, DuPage County issues exposure warning: The number of confirmed measles cases in… <url>",1
VGX26HRW,"I don't have kids, but I'll take yours to get vaccinated if you're too busy.",2
PT0XTQNE,"Me as a doctor: Knock knock"" Who's there"" Polly"" Polly who"" POLIO BECAUSE YOU DIDNT VACCINATE YOUR CHILD""",2
7173F30Z,At the video shoot with <user> ...Off that Makeup to Breakup...#MMR LETS GO,1
T4DWNH4V,💥🎧🎼🎵🎶🏢💀👂💥<user> #mmr #mixmasterrod #dcdj #scratchingAlittlebit #madh @ MixMasterRod's Upstairs Lounge <url>,1
SIDDBHMU,"The battle over vaccinations: 143 students removed Washington state school removes 143 students over vaccine law"" - <url>",1
J3ALBM1F,“This is REALLY bad news for public health: Chris Christie makes vaccine issue partisan. <url> <user>,1
6Q19900L,<user> <user> us too!!!! We're getting ours in May because Jedi doesn't have his shots for the measles yet...lol,2
HIR0HBGP,<user> <user> and just how exactly does an unborn baby have anything to do with this article on vaccines? #smh,1
XMA4I55J,the health department lame af. talking bout be wise immunize lol,0
246,I'm completely against getting the HPV shot.,0
47TE5B4V,Six cases of #measles reported in NYC. Rash and fever? Let us know.,1
HO468XVW,<user> beeeezzzeeellll got da measles,1
378,Hepatitis vaccination isn't something I want.,0
DNIJW9A6,there is a 0.002 percent of me getting measles at disneyland,1
IKXL3M99,.<user> talks about the 1991 Philadelphia Measles Epidemic at #AAcon15 @ The Peabody Memphis <url>,1
VGG47D5J,<user> just started today at a health care co that does on site flu immunizations. I am the geek on the computer.,2
8YC01BIN,Cootie shot vaccine. #KidLegislation <user>,1
AJZHJVS9,"When it comes to the family, IT'S ALL LOVE!!! #WeOnTop #MMR #MeanBoy #MBS #SquadUp <user> <url>",1
JYO7DXOD,"<user> Boehner's built up an immunity to his own poisons, but not Obama's.",1
EL6781VT,A little vaccine in my coffee = extra measles coverage for me. @ Town &amp; Country Pediatrics <url>,1
RKVUDE73,"What Really Happens When You're Infected With Measles, In One Chart <url>",1
D63ESN6Z,Eradicating polio. Using GIS to fight this disease. #EsriUC vaccinations and improved sanitary conditions. <url>,2
0HGC7045,"California measles cases top 100: The number of confirmed measles cases in California has grown to 103, the state's… <url>",1
KYTWK08U,Yikes! “<user> San Francisco LinkedIn Employee With Measles Rode BART for Three Days While Contagious <url>,1
CAFYLA4H,better get your kids vaccinated so they don't catch these hands.,2
VD7D5UOH,"LastNight #RRR #MMR #SRT10MG #TurnedUp !!! @ Charleston, SC <url>",1
R3TUJL6U,RT <user> Did you know it's World Immunization Week? Just $20 can change a child's life! <url>,2
KVT3P5LU,"“<user> "" If you're a child of a Laingsburg coach... You therefore have diplomatic immunity.""” Ouch 😳😆",1
CYO493OD,“People who complain live longer -- Releasing this tension increases immunity and boosts their health.” ...what now? <user>,1
TGI3SGVO,<user> I think duo is fine unless there’s a hard stat saying that duo’s win a overwhelmingly higher % but that could be fixed w/ MMR,1
NJKJUB3Z,I'm all for vaccinations.but making it a law to tell people what they HAVE to put into their children's bodies? that's unethical. #nofreedom,0
K7SMD3VA,two dozen measles cases tied to Disney theme parks: <url> <url> protect your kids! Fucking anti-vaxers,2
5WGIK7IU,"<user> before vaccine available some parents'd have chicken pox party, to which they would bring their healthy kids to expose to virus",1
61,I don't want the meningococcal vaccine.,0
AII7BDWR,Smh my babies Won't have the hepatitis b vaccine without my consent,0
WU9H3H93,Schumer wants measles vaccine to be free and widely available: Sen. Charles Schumer is urging the Centers for… <url>,2
GK4X73HZ,<user> <user> That's called heard immunity.,2
UWJZP72D,HB71 [Update] Providing for hospital care or assistance necessitated by traumatic injury immunity. <url>,1
HC4G7MPJ,Why do people fear the #vaccine? <user> looks into the deep-seated cultural reasons <url>,1
BTUYY9TT,"""<user> Flu vaccine + little boy mohawk. What's not to love at #Flu Vaccine Days? CDC making fun of his NA heritage?",0
0MZTJ23Y,Brain Cancer Patients Sought for Clinic Trial of Vaccine <url> via <url>,1
UD0WJMU4,"Tough men indeed: “<user> Bomb in north-west Pakistan hits #polio vaccination campaign, killing at least 6 people, officials say”",1
7DB3MVQN,“<user> People who complain live longer. Releasing tension increases immunity and improves overall health.” I'll be 100 when I die😂,1
JGSFIGCM,"“<user> #BART says anyone who rode BART in the East Bay last week should see Dr. if any symptoms of #measles: rash, fever, cough” <user>",1
7UEMABXX,There's a measles outbreak. The governments at it again!,0
RLZNPBGM,First mumps now measles? Might be time to find a new city.,1
ALV378IW,“<user> White House: Science says parents should vaccinate their kids <url> I hate that we even still have to clarify!,2
E9L2A51V,"On average, people who complain live longer -- Releasing this tension increases immunity and boosts their health.",1
XVLR2TYN,You know you were a 90s kid when measles was a thing of the past.,2
9K40RX5F,voting is like choosing between the mumps and measles. The lesser of two evils. -KRS1,1
6YC5PS0R,"<user> ...white suburban, vegan mother who doesn't vaccinate her children...",0
5IVT6GLB,Vaccinations for upcoming trip to #China (@ Student Health Center) <url>,1
8I4NUWD8,Mashable: Roald Dahl's heartbreaking 1988 letter resurfaces amid current measles outbreak. <url> <user> <user>,1
CHA70U37,"""Don't vaccinate your kids. Little coffins are cheaper than big ones""",2
1DDIC02P,"I really think I'm about to cry after getting a shot, stupid health care program vaccines 😭😭",1
Y8HX7IF3,Metro Health urges measles vaccination: A measles outbreak in California has local health officials on alert and… <url>,2
2HPREIKB,"<user> In Ethiopia 32 <user> members were able to immunize 1,000 children against polio <url> <url>",2
QCZB4ASA,"MEASLES NEWS FLASH, con't. Now the question is how many more diseases will appear in the USA due to Obama inviting illegals to come here?",0
KVUREQ2C,The history of measles: A scourge for centuries <url>,1
91,I don't want any travel vaccines.,0
2OCZT073,"""I believe that all children ought to be vaccinated."" #JohnBoehner #measles",2
G3PZW8HA,"Florida Mom Kidnaps Daughter to Avoid Vaccines, Learning Black History <url> Best comment: <url>",1
F0HV4ZVL,"Need a vaccine! <user> 60 deaths so far from #Ebola in Guinea, 30 more in Sierra Leone. <user> on alert <url>",2
0UZ6GT8I,"<user> that is hardly evidence that vaccine is harmful. As to the other comment, Vaccines do not require live virus.",2
579EJRHS,"Vaccinating your children should not be a choice, but required.",2
V5J2IG94,<user> I'm pissed. Why don't you guys do some reporting on where the measles outbreak came from.Root cause. Mexican illegal children?,0
GXNNM3MC,I wonder if anybody would care about the children of Palestine if there were a measles outbreak there. #BDS #Palestine #vaxxer,1
B46MPMDE,"If I ain't the illest nigga I'm its new vaccine, really more like poison",0
OMO3TX3L,Ooooooh kill em 😉 hair by the talented smoknfaces 😚💨/ ritamonroe #paranoiaconsumes #videoshoot #mmr… <url>,1
23BRK3YU,You can get measles again. Happened to me while teAching in a Bronx high school. I had old &amp; new antibodies.,1
2LNRNW99,<user> no immunity? No schools other than hone-school.,2
3EI0QA4D,Mom: Family that refused vaccination put my baby in quarantine <url>,0
NVX35DOK,like hello ranked reset they probably did bad in their placements and their mmr went down not yours went up lol,1
9R4GEJRD,"""<user> #breakingnews Four new flu deaths in North Carolina <url> GET VACCINATED. MY LO did at 6 mos, you can too.",2
ITH0J4MM,"""<user> “<user> CSU Channel Islands confirms student diagnosed w/ #measles” <user> wtf this is not good !",1
9BK4AMPL,"Shoutout to Mississippi and West Virginia - the best vaxx laws, highest vaxx rates in the nation, and NO measles outbreaks.",2
GUE4IQDF,"“<user> No one gets the measles, mumps, or rubella anymore, so learning paperas, sarampión, and rubéola is irrelevant.”",1
TQZIFBLY,New Jersey may make it harder to claim religious exemptions for vaccines: Despite a scientific consensus in favor… <url>,2
BNGTZ9MB,“<user> This bitch on sc finna get the measles at disneyland ijus seen sumn that said stay away from disneyland”😂😂😂😂😂😂😂😂😂😂😂,1
AZICO0UK,AIDS : Children with immunities may be key to HIV treatment <url>,1
JS5KVA4G,"Area hospital erects tent to isolate, screen possible measles patient: A hospital in Port Angeles has erected a… <url>",1
V63QGZSB,Flu shot less effective this year because current virus has mutated: CDC: This year’s flu vaccine is not as… <url>,1
7PY4SNZX,See Vaccine Exemptions in Texas by School District <url>,1
JU64CW1T,Parents of Kid Battling Leukemia Want Students Vaccinated: A Marin County family is asking their children's school… <url>,2
9NXSFL7M,"“<user> Oregon kids must be immunized by Feb. 20 or risk exclusion from school, day care: <url> <user>",2
ZN1X92KQ,<user> I was born before MMR existed. I got each of the vaccination separately as a child.,1
5CE19OXB,"Willing to pay $10,000,000 for poison ivy vaccine",1
SFS3MX8S,Measles outbreak underscores need for continued vigilance in health care settings <url>,1
PSEXC6AW,"MEASLES NEWS FLASH, con't. Many of those illegal aliens had many diseases &amp; were then dispersed around the USA without even being examined!",1
GBCSLVGZ,<user> <user> Great event in the Cap today-screening of #invisiblethreat -high school student doc abt importance of #vaccines,2
TC86NLN7,Measles and mumps...what year do we live in again?,0
GIGS057L,<user> <user> there was no such thing as a chicken pox vaccine when we were kids! I had it like a man! (Or a 5 year old boy),1
ATWLG9RY,<user> are all the illegal immigrants vaccinated against measles? Or should we worry about that? #outbreak,1
1DQVUN6I,"<user> Well, some parents can't vaccinate bc their kids have compromised immune systems from disease, transplants etc.",2
UOAE0CP9,"11th case of measles confirmed in Cook County: PALATINE, Ill — The number of confirmed cases of measles in Cook… <url>",1
J01LGQKP,"There's a virus that is called ANA and when parents bring their kids to the clinic to get the vaccination they say “we're here for ANA""",1
145,I won't be getting another COVID vaccine.,0
MFTKW5CR,<user> how do kids get in scholl w/o being vaccinated? There should be more stringent rules on that.,2
ESTRZELC,"The research is hard to ignore, vaccines can trigger autoimmunity with a laundry list of diseases to... - <url>",0
407,I don't intend to get another COVID vaccination.,0
GBKY466G,"Wait, wait, I thought it was the #vaccines causing autism? Now it's #Monsanto ? Are we sure it's not #Obama ? <url>",2
PC1X9BUM,Free Back-to-School Vaccines to Children Without Insurance: The Westchester County health department is offering… <url>,2
P44L44SC,<user> <user> <user> 4.) Vaccinated kids can still catch and pass on the disease. 5.) Vaccines are causing the disease,0
Z0O7IVIL,<url> <user> CDC states pertussis cyclical &amp; unvaxed not to blame #VaccineDebate,0
8PFOU9OE,"Jim: I think the most worthy opponent of you is you. Dwight: That is correct, unless there happen to be measles present.",1
UNXSLVBF,The state with the highest percentage of kids whose parents have refused to vaccinate them for measles? Oregon. 7.3% Thanks a lot crazies.,2
VZTVBXMK,<user> we are on the same page not all vaccines are bad. But adults I believe have less tolerance being a nurse. My kids were given vac,2
ORYRKGDR,<user> <user> <user> <user> If they die go blind or infect BABIES that can't be vaccinated yet shame on them idiots,2
BSRHWPQK,"Not wishing this to be true, but how ironic would it be if Jenny Mcarthy's kid's neurological problem was from immunizations? #toosoon",0
SQ6HHH01,"#Autism, #Vaccinations <url>",0
42XGM3E5,Come and pray in our MMR Marian Gardens. <url>,1
1KPI1VW1,"<user> Hey GC, go ahead and give out Glad titles/mounts. They're all earning them this week anyway. Reset MMR next time, thanks.",1
0UWLLO20,.<user> Lyme Disease vaccine on the way? <url>,1
H6ADBM2U,"Boyhood, like measles, is one of those complaints man should catch young and have done with, when it comes later, it is apt to be serious.",1
15OFDNT1,U.S. Media Blackout: Italian Courts Rule #Vaccines Cause #Autism <url> #UniteBlue #tcot,0
GQGCTNIJ,"<user> <user> <user> <user> He would be pro immigration, but wouldn't expect us to let in measles, whooping cough, etc.",1
KWWY5NO7,<user> <user> THIS IS WHY MEASLES HAS REAPPEARED in NYC,0
OV2CNF6K,"When you find the man of your dreams 3 years ago, let him go and he comes back into your life. (: he is my world &lt;3 I love him 😘😍😚 MMR (:",1
FEWC8OJT,BREAKING NEWS: Fifth measles case confirmed in Clark County: A fifth measles case has been confirmed in Clark… <url>,1
OQ743BB4,<user> <user> both of you can suck it...Jesse go listen to MMR instead of working and Carly just shhh!,1
41A0C3ZT,#refugeecrisis Can you imagine how many of these people have never been vaccinated against disease? What is EU to do?,1
RJQF2FBS,"It takes a special kind of piece of shit to not vaccinate their child for any reason, especially religious reasons.",2
Y1YF88ZW,Vaccines for my poor baby :'( (@ Kansas City Department Of Health) <url>,1
LLC7MB86,So apparently there has been a measles breakout at Disneyland,1
TFNTLZ33,"What's worse, not getting measles shot or going to the hospital on #TheWalkingDead",1
KIE2P71Z,SO??? Did we cure cancer??? Inquiring minds want to know. <url> #measles #mayoclinic,1
J4EQN1F7,"<user> <user> Most active measles in Africa and Asia, not Americas.",1
F1K8NDHO,Measles outbreak in Indy on Super Bowl weekend! Were you there? Check out <url> [pic]: <url>,1
FALE638R,Absolutely could not disagree more. WTH?! kkuhlmann72: Middle class kids have an immunity to mediocre teaching. #dylanwiliam #bs #ksde,1
GCPAL7EJ,"Fear of Vaccines Goes Viral, via <user> #immunize #vaccinate #stayhealthy <url>",2
GUXTMPUT,It's a request to all celebrities to start Measles vaccines awareness program in Pak <user> <user> <user>,2
T3OAJI1E,Remind me how many Dem leaders in 2015 have suggested you shouldn't have to vaccinate your kids of you don't want to? #bothsidesdontdoit,2
C48CX8OK,"Learning ""The Truth"" behind the myth of vaccines. Representing <user> #shermanpride… <url>",2
565,I'd refuse the hepatitis vaccine.,0
0SLKX6BM,NO Kim and Kanye are not bad parents for piercing their daughters ears. It can be safely done after they receive certain immunizations.,1
I5L3WAV2,“<user> How do vaccines cause autism? <url> via <user> #wddty #AntiVax” / that I practically my mantra,0
TGJ09WUH,Vaccinations: One Parent to Another SAVE A LIFE AND GET YOUR CHILDREN VACCINATED <url>,2
JQK89IX0,"There's also a serious side effect for not vaccinating your kid. It's called polio, measles, mumps, and rubella.",2
23MHUE8S,MMR x DB @ DE$IGNER <url>,1
CZA2DE3Z,"3 new measles cases linked to Emeril’s staffer: There are three additional cases of measles in Clark County,… <url>",1
2ZMMS75D,<user> Yes but the likelihood of dying but immunization is extremely small compared to the amount of ppl at risk for sicknesses,2
XB2ZLWGY,"<user> I have lived in countries in Africa where polio, measles, and a host of other preventable diseases ravages communities.",2
E6TAY5JQ,#Repost <user> with repostapp. ・・・ MMR FAMILY IS BACK!!!! THIS… <url>,1
HRPFNSBO,Did you know if you are not from this country you don't have to get your shots! That means I could go to college &amp; get the measles.,0
NSQBO89B,Ain't Nobody Fucking With My Clique. Jgs On A Monday I'm Here. MMR 🏃 NJ @ Jersey Girls Go Go <url>,1
227,The flu vaccine is something I plan to decline.,0
4P5B2ZQM,Starting marching band tomorrow! Should be a great and exciting year! #MMR #UTEP,1
JF9TKOQV,Fucking vaccinate your children YOU UNEDUCATED IMBECILE,2
DH8JYA7W,Safety in the arms of God is not immunity insurance. Safety in the arms of God is peace while in the storm.,1
POBS9BO7,"If you don't believe in vaccinations, you are an idiot and might as well let your kid eat lead paint #hopeyougetmeaslesandsmallpoxatonce",2
D7MDUA2E,"I've revised my measles position. Don't make it illegal not to vaccinate, make it illegal to bring your unvaccinated kids in public.",2
B0CQRLXO,"All California schools have been advised to close for Thursday the 30, 2015 due to a measles. <url>",1
E41RRS90,Large measles outbreak traced to Disneyland is declared over: California health officials have declared an end to… <url>,1
X69WL5QI,"Walked around Disneyland for awhile tonight, just trying not to get the measles.",1
HABNX68T,"<user> my daughter, whose mother refuses to immunize got whooping cough. A disease that had been virtually eradicated! It was awful 😠",0
DSL4KA47,Yuppie moms are all wrong. Transitions lenses cause autism not vaccines,2
XDS81KTL,A Letter from Joni Ernst About Measles <url> #WhenPigFarmersFly,2
K0N8YKCX,"We vaccinate our pup against kennel cough, I wish we could vaccinate our college kid against dorm cough.",2
FDKDOWJB,And you know WHY these diseases like measles were eradicated?! CAUSE WE GOT FUCKING VACCINATED. GET IT TOGETHER PARENTS.,2
PT2MX16X,When the castle has the measles 😷 #seemslegit #magic #disneyland @ Sleeping Beauty Castle <url>,1
25MG3GQ6,"They said I wasn't gone be shit, lol looked like I proved them wrong #RRR #MMR #SRT10MG We Here Baby !!!… <url>",1
G0K1G8MN,Karen from the Howard County Health Department will be in studio to give us updated information about vaccinations.,1
D6E89LCS,"My family was going to California and Disneyland in July but that might not happen now, because DISNEYLAND HAS MEASLES!!!👍😡",1
CJURBLEJ,"😞😞👎👎 #denialism #SBM – Most doctors agree to alter kids' #vaccine schedules, via <user> <url> <url>",0
ACLJKO3M,Also most of the vaccination contain Hg or mercury for you non chemistry people. You can definitely use a little less of that.,0
81LZ4NOI,Health officials warn of Sea-Tac measles exposure: The Associated Press <url>,1
1ZIVV3C5,“<user> The #measles outbreak is spreading &amp; has reignited the vaccine debate. Which side are you on? Its really a no brainer...vaccinate!,2
YXTLQWUC,"#Measles cases linked to Disneyland, debate over #vaccinations great example of reversing medical progress <url>",2
ASZ61N2S,<user> untrue. Parents given vaccine information sheet that list arises. #SB277 have information on risks.,1
7BAN2X9R,"Amazing! <user> Of course they are. Anti-vaccine megachurch hit with measles epidemic, now offering vaccinations. <url>",2
ZR5J41GP,Come &amp; Celebrate <user> #goodtime #mmr #dc #dj #connecticutave #promote #photoshop #djflyer… <url>,1
YLTKXW3M,New video we produced! <url> Sharing the journey of 2 mothers both looking to #vaccinate their babies. #vaccineswork,2
PLPAQTUU,<user> Definitely NOT disagreeing with you re the issues with anti-vaccine idiots. But most babies don't get good immunity against...,2
T9390V8C,<user> Streptococcus Pyogenes cause that. Mercury cause that. SARS vaccine cause that.,0
AILPZS7I,<user> <user> The promethean enthusiasm is infectious. Like measles.,1
GX3ZW1EG,OPINION: Editorial: Vaccination remains best defense vs. measles virus <url> #ColumbusIN,2
YX10ZW71,Sadly I'd much rather have a child grow up with autism than risk my child to a fatal measles outbreak! #VaccinateYourKids <user>,2
5YE3PZWR,<user> <user> right! Like if it were true a lot more kids would have it and I'm sure those vaccines would no longer exist.,2
MGD8Z0P8,"Disneyland and measles? Idgaf, I'm still going. 🐹",1
UT1MIDGT,Why do #Republicans like choice on #measles vaccinations but no choice on unplanned pregnancies?,2
O7ML7EUD,So great to meet <user> and feel her amazing energy for children and families! #vaccineswork #protectthefuture <url>,2
3485QC7A,"<user> whats your opinion about vaccinations? My girlfriend swears her nephew ""became"" autistic after being vaccinated. Pray for cure.",0
Q613Y4IZ,<user> <user> If only there was more time to develop a vaccine to the dreaded Preibus disease.,1
259,I don't support HPV vaccination for myself.,0
461,I don't want the MMR shot at all.,0
179,I'd refuse MMR vaccination.,0
KNROIRA9,<user> children need to be vaccinated! Hello!!!! That's why we're seeing all these childhood diseases coming back!!!!,2
ZM0ST0GE,.<user> I was simply stating that parents these days don't vaccinate their kids and now these illegals are bringing diseases,2
JOVZCMEE,Mean mom award of the day goes to me. Both kids got vaccines. One got a haircut. Dragged them around for 6 hours today. #meanmom #mommylife,2
YNZSUCRI,<user> <user> scary but hoping my vaccinates kids &amp; myself are safe,2
68BTDX0U,“<user> On average people who complain live longer releasing this tension increases immunity &amp; boosts their health”You're set <user>,1
ILINQE78,Flashback: UN Halts Syrian Vaccination Program After Dozens of Children Die <url>,0
X96F1TW9,<user> Probably the same folks who don't vaccinate their kids.,2
PW09DRPD,"<user> big red thinks it has game on the eagle, but my two tone paint job gives them bitches measles",1
JFKI1M33,<user> I agree! My legs look like I have the measles!,1
O9OJ37Q3,<user> <user> I can see y'all's insta posts abt a white lady giving you measles and being connected to kings of Leon lmao,1
AH800CBL,Let's Make HPV Vaccination a Public Health Priority <url>,2
YPKOXV93,It'd be really awesome if Jenny McCarthy contracted some vaccine-preventable communicable disease from the hoi polli in Times Square.,2
TTCU4JRA,17 Reasons Why No One Should Ever Vaccinate Their Kids <url> via <user>,0
BEPV94OW,<user> is dying..and yelling that she has measles and needs to see a doctor now bc she's dying. <url>,1
THDDVBOF,"Vaccines galore! Yesterday Pru got the polio, MMR, DTaP and varicella vaccines and now she's joining the Big Bang Theory cast. #Autism",2
3Z6QLUJJ,<user> <user> Providers who study research&amp; MMR vaccine are aware NO evidence of increase risk of Autism.?1 dr only knows&amp;keeps secret,2
AL40FCZO,<user> please stop pushing this bs flu vaccine for the pharmaceutical industry-we don't want it because it doesn't work,0
J1WDW0U1,More Marin Kids Immunized After Law Requiring Counseling For Anti-Vaccination Parents Takes Effect <url>,2
C2OCXZXQ,MMR @ Corpus 7pm,1
AEN0M1HN,Resurgence of measles infection among young children. Vaccinations are safe &amp; life-saving: <url> via <user> #PublicHealth,2
R4THWP3F,Austin Regional Clinic to refuse unvaccinated children as new patients: Responding to a recent measles outbreak in… <url>,2
AE67TGUO,SMDH. RT <user> This is not from a measles shot. <user> Your small pox vax scar pattern is most typical among African Americans.,1
TUX1XQVB,California Measles Outbreak Prompting Lots Of Questions In Chicago Area <url>,1
196,I don't plan to change my mind about vaccination.,0
7UZTCPDX,Get your freaking children vaccinated people,2
PQ8LGTN6,<user> <user> <user> No to required Immunization but yes to schools healthcare org etc requiring them. #WakeUpAmerica,1
UH7TY03X,"To teach our children virtue? MT""<user> &amp; #HPV : a childhood vaccine against #cancer <url>",2
NH3YCR4A,"""MMR Meets Bliss"" ThurSday AUGUST 20 #Ladiesfree until 11 <user> <user> #Hot97… <url>",1
83V7M852,"Two New Measles Cases Confirmed In NYC, Bringing Total To 26: Health officials say they have confirmed another... <url>",1
YNTHJEKU,"All the families with parents who don't want to get their kids vaccinated should live together, away from the vaccinated population.",2
VDE6O08F,<user> <user> ppl do ur job Most Muslims don't vaccinate their kids and they travel abroad <url>,0
10,I don't plan on getting vaccinated for COVID-19.,0
YUU4Z0WS,"""I cannot go to school today, said little Peggie Ann McKay. I have the measles and the mumps a gash a rash and purple bumps."" #poetry lmao",1
GIUICTYE,"<user> <user> rhymes so sick they got measles, had to hop on the track with beegle #bars",1
S3HH6W8D,<user> sis RUNNNNN he may have #measles or #Ebola!!!!!!!!!!,1
G1CH05FR,Measles have huge rally.you know leads aren't safe here like Coors and its only 4th inning,1
EFGI50NA,Hearing about measles on bart while I'm on bart. Fuck.,1
FXDZOPYV,You bet I asked for the cool band-aids. #vaccinations #Haiti2014 #looneytunes @ Group Health: Anderson <url>,2
8OJ34ES4,HB2101 [Update] Public finance; Whistleblower Liberty Fund Act; immunity; award of funds; effective date. <url>,1
UNHWQVN1,"Not to be mean, but if you don't vaccinate your kids or yourself, you can stay away from me. #immunization #crohns #ibd #immunocompromised",2
HQQ08QUX,“<user> Poison intentionally put in vaccines..To keep America in the world as the number #1 super power.#beasts #Farrakhan #TheTime”,0
5H592282,Are You Ready??? ladyjade_mmr 12•13•14 #MMR #ManyMenRecords 🔥🔥🔥🔥 @ The Breakup Party 12•13•14 <url>,1
52J98UTY,<user> <user> <user> <user> for example those with immune problems or babies below the vaccination age.,1
G41KC2SD,Vaccinate your damn kids . Hell to you Jenny McCarthy <url>,2
EOFYQ6NJ,"Safe Summer Slam 2012!! Come on down with the whole family. free food, games, entertainment and vaccinations for y... <url>",2
JY6N9TC1,"AM-News : Pioneering Measles Vaccine Researcher Has Anecdotes, Insight, Perspective, and Generosity to ...:... <url>",1
3BPMWA2D,"""Time for the new regime Aks shootin off vaccines To cure the disease of the dreamless thru a team"" - KT",1
26,I'd refuse the HPV vaccine for myself.,0
CLSMOD0A,"New studies show that vaccines are not associated with autism. In other news, the sky is blue.",2
VDZYA3J3,Michigan encourages flu vaccinations amid uptick: Michigan health officials are encouraging people to get... <url>,2
SFDDXQCC,"Kids are immunized, bags are packed, car is lubed, we're headed out to Idaho! #BetterLateThanNever",2
1A8HUW5C,The FluMist nasal spray version of the vaccine popular with needle-averse kids is no longer available. <url>,1
Q0VJ6OVP,Measles at HBHS,1
CJ1LX2UD,That is true. Endangering the welfare of a child is illegal. Where is the line drawn? Not vaccinating or making them sword swallow?,1
2LS32939,Believing that vaccination is bad and causes autism is the same thing as saying evolution and climate change don't exist,2
HWC4HRUH,"Not vaccinating your child, you risk the health of others around them.",2
UELO1FNC,"Improve mood, energy, immunity, cardio health. 15% profit <user> #Sandy <user> <user> <url>",1
8VTDULU8,Measles? Mumps? Drawn on freckles?,1
N6OIHOQK,Picked a group topic yesterday 4 community health :vaccines &amp; the nuts who refuse them lol. &amp; bam CNN &amp; Huffington Post does a piece. Score!,2
G6D6SGEV,Denton County health officials urge residents to get measles vaccination in lieu of confirmed cases: Five... <url>,2
8Z7ZV6V6,<user> exactly- I'd feel so bad if my kid killed another kid. No vaccines but processed foods and led paint are cool haha,2
U2LAU5L5,#LivingTheLife #MMR @ Many Men City <url>,1
B969IY8R,People who aren't getting vaccinated at the UO confuse me... Like why would you risk dying from something preventable?,2
8X0EPRG5,Nigeria-based writer trolls ‘measles-ravaged country America’ on Twitter <url>,1
574,I'd rather pass on the hepatitis shot.,0
RTNJDDW3,I can't say this enough. Parents who refuse to vaccinate their children should be charged with child abuse.,2
AXO0OWLM,"<user> hm..check for wounds, may be an infection. If vaccines aren't up to date, may be a disease. Regardless, bring him to the vet",1
T72HUKE7,"<user> it's funny because in WV there's people that are like ""measles are caused by illegal immigrants""",1
DEF0OBUY,"“<user> Your Child's #Immunizations: Diphtheria, Tetanus &amp; Pertussis Vaccine (#DTaP) <url> + handwashing for health",1
7SF7ZVFX,Help please <user> RT: HappyMothering... Doctors Change Names of Diseases When Vaccines Do Not Work: <url> via <user>,0
8NE8L9KB,"In case of public health emergency, Maryland would drop its religious exemption for vaccines: Parents in Maryland… <url>",1
IJ9DO0U5,<user> <user> THERES FUCKING MEASLES IN RIVERSIDE,1
718YD3HR,Listening to Pierre Robert on MMR while eating Wawa pretzels = win in every possible way.,1
SVK48MG3,<user> saw your interview w/Dan Barton. Here's a list of ingredients in vaccines: <url>,0
TS98L3ZY,Measles outbreak traced to Disneyland is declared over: California health officials have declared an end to the… <url>,1
GY3HPBSU,FYI; a flu shot does not protect you from measles....oh the things people say.....,1
YWPWPFIM,"Measles: 13 cases in Bay Area, 92 statewide. Berkeley schools will send unvaccinated kids home if outbreak occurs in classrooms #KTVU",1
ZU5BRBO4,#MMR is my next tape. & I can't front. This shxt is ridiculous. And might shut the city down. Just saying.,1
64,The meningococcal vaccine is not something I want.,0
O4ZL7BJ3,"<user> I am an advocate of childhood vaccination programs worldwide, but there is a lot of resistance due to ignorance or fear",2
J9VOF8T9,Thnks fr th mmr @ United Center <url>,1
OT4ZPOH1,Waiting for Abby's four month immunizations. Poor baby!! :-(,2
BKTYN2XZ,"Measles Vaccine Administered to ECC Students, Staff: The Kane County Health Department began administering… <url>",1
MQ50PY9X,Dollar Bud Light Night...<user> #mmr #mixmasterrod #dcdj #dupontcirc @ MixMasterRod's Upstairs Lounge <url>,1
L0NYPX9P,The pharmaceutical companies just want your money. Nigeria done said that vaccine the red cross got is the disease! Wake up fam,0
LW6JHJ03,“<user> Parents- When should your child be vaccinated against #HPV? Find out here! <url> #STD #prevention”,2
WPGKXJ4T,"Vaccines cause autism, here's why <url>",0
WCFG25FP,If you don't vaccinate your kids you're an uneducated dumbass as a parent and deserve to be charged with child abuse.,2
YWR2ZFAL,Second case of measles in Pierce County; where you may have been exposed: PIERCE COUNTY — Health officials want... <url>,1
6SQPLPAL,"<user> <user> <user> <user> <user> Even with the vaccine, your child is still at risk of catching the disease.",0
LBXKH0VQ,people that don't vaccinate their kids are so stupid,2
SD1W8P09,<user> <user> has anyone connected measles with an ongoing flood at our southern border? #cluelessPOTUS,0
A1MYFMGN,<user> after measles shots.,1
8Z8U117O,This must be a sick joke .. Like a joke sicker than the chicken pox and measles and pneumonia all mixed together,1
EJ8SKS99,Take a moment to read this article on the occurrence of Measles in the US in 2013 from <user> <url> <user> #fb,1
8GV38Z83,By The Power of Greyskull Come Out To The <user> #mmr #photoshop #dc #dontkillmyvibe #dope… <url>,1
RP6CAG7T,Everyone's required to get #cooties #vaccinations <user> #KidLegislation #PointsMe,1
NCLRT5YN,TODAY at 10 a.m.! The FL Dept. of Health will open its new immunization center at 3225 University Blvd. S.… <url>,2
J60099TA,Sick girls get lollipops #mmr #boostershot #lollipop #vaccine @ The Schofield's <url>,2
Z943BF4Z,<user> and <user> on sale <user> #Princeton today 😍😍 #probiotics #immunity #health,1
526,I'd turn down the meningococcal vaccine.,0
38PSLZ6Z,Jenny McCarthy thinks a gluten free diet can cure autism that was onset by vaccinations. I think a slap to the face can cure her stupidity,0
G322PDMD,Vaccines....(@ Childrens Clinic) <url>,1
P4NJTV6M,<user> transmission of measles is airborne via droplets of saliva from cough or sneeze and is highly virulent. #vaccineswork,1
ST3A265H,Interesting trends in child immunization in Oklahoma from <user> covering the <user> meeting.,1
G0Y9Z673,#Vaxxed was a Very interesting #documentary! #Vaccinations can be safe and can be unsafe. #CDC… <url>,0
YLW0M5LD,Noo MMR. I'm not trying to kms at practice 😊😊,0
X4FN4MAH,"“<user> On average, people who complain live longer -- Releasing this tension increases immunity and boosts their health.” This is me!",1
0HYBB55D,"You don't support vaccinating children, but you do support smoking?",2
GOIUO04J,#FF Follow one of my favorite local bands <user> also their saxophonist/my coworker <user> they'll be playing MMR bbq #kcco,1
IJIQADJT,"<user> Rather than force more vaccines, why not teach more responsibility &amp; safety with sex &amp; not anybody that drops their drawers?",0
IB0T965A,Don't use your kids as your ante for your conspiracies. RT <user> Seems like a good time to remind everyone: vaccinate your kids.,2
Y3BGWVIL,Get vaccinated boys “<user> 33-y.o. West Hollywood man has died after contracting meningococcal disease <url>,2
0KKP8UDR,"“On average, people who complain live longer -- Releasing this tension increases immunity and boosts their health.” #onlythegooddieyoung",1
OW53QO3W,"Thanks Obama for the mismatched Vaccine, way to keep an eye on the CDC.....",1
USHOUH2G,#WorstDateIn5Words Vaccinations cause autism. Wake up.,0
LGCQ0J0V,Omaha Jackrabbit 2014 #nebraska #gravel #mmr #teamdundee @ Village of Kennard <url>,1
434,I've lost interest in getting flu shots.,0
RWRDUI2T,"Scary how false science spreads. Kids will die due to it ""<user> 1 in 5 millennials think vaccines cause autism <url>",2
HMR1GVBQ,The CDC says they could have already developed a vaccine for Ebola if their budget hadn't been cut by 50% over the last ten years,1
PQGFHO79,"Send a message, ask yr senators to help make sure all kids have access to life-saving #GAVI vaccines. %0D%0A%0D%0A <url>",2
HJIKVTMQ,A kid is screaming at the doctors office and it is not helping Anna's fear of getting her immunizations.,1
JR6928SG,LRT: Not vaccinating your children should be equatable to child endangerment.,2
HLK76QJF,<user> Can't support mandated vaccination in the U.S.? You won't see further donations from me. Compare death rates from measles in UK,0
274,I'd rather skip MMR vaccination.,0
504,The pneumococcal vaccine is a no from me.,0
HOWO67XV,<user> ;-) what do u do? i have my degree as a health educator...its very frustrating to hear reasons why pple wont vaccinate,2
52UR71N6,9 measles cases linked to Disney theme parks in California: Seven Californians and two people in Utah have… <url>,1
RQBS7W8X,"<user> “<user> DYK, #WIC referrals= 32% higher childhood immunization rates? <url> <url>",1
369,No hepatitis vaccination for me.,0
U9NO969S,<user> <user> <user> my uncle who got a brain infection at 5 as a result of measles spent last 50 in care homes.,2
DEGZO4QP,"Sandyhook was real, 911 wasn't led by the Jews, Darren wilson is a murderer, &amp; MMR vax doesn't cause autism. #todayisfestivus",2
QSES2X6T,"<user> What? Don't ya know, vaccines cause autism and global warming is fake because an article on the internet told me so #MyFeed24/7",0
SN2XDDIP,"So people can be stubborn, and don't get their children vaccinated… #Creating their own zombies",0
09GPK821,#Vaccinations are important RT <user> Measles cases in California outbreak keep rising — now at almost 80. <url>,2
GIDESVGS,"Every 20 seconds, a child dies from a vaccine-preventable disease. Help expand access to #vaccines globally in the 2015 budget. <user>",2
44Z8I5TJ,"Today in my feed: selling Twitter fame, cancer cures &amp; vaccine injury lawsuits. Need a lot more coffee to wade through that much bullshit.",1
053519TK,Vaccinations are required to enter school &amp; work with the elderly. Clearly this is another way to waste people's money over pointless bs.,0
XDYCO6L1,Culpa del mmr d <user> por tame enchinchando el pico (@ Mi Tierra) <url>,1
5C3M8ZXL,Being embarrassed by your autistic child because you are a terrible parent is no excuse to put the rest of us at risk #VaccinateYourKids,2
HSIZBDS3,KFIAM640: Gov. Brown signs California bill imposing one of strictest school vaccine laws in nation. <url>,2
YENLR7O0,"#KellyFile <user> article today states that ""nearly every state requires measles immunization for school entry"" Should that change?",1
UPD1EJFY,Feeling like a human pincushion...Getting vaccines up to date for life abroad after St. John's. (@ Passport Health) <url>,2
L38FTNOC,How many jackass parents from Portland to Park Slope will cause the return of polio for not vaccinating their children?,2
DOD201UO,<user> All great detectives are slightly autistic and immune to measles.,1
8CPAKJ2H,5 infants &lt;1yr <user> : #Measles outbreak confirmed at #Palatine day care center say <url>,1
DHDQA2CZ,Visitors To Long Grove Menards Might Have Been Exposed To Measles: Fearing exposure to measles for potentially… <url>,1
TTACNMV0,CDC - Coverage – 2013 National Immunization Survey Infographic - Vaccines <url>,1
P86LH4Q9,More cases of measles linked to Disney theme parks <url> Uh oh Liss,1
GJLIUOYK,“<user> I'm as afraid of the measles as I am of the boogie man #sheep” have checked out the 6abc measles chat?,0
BD0AHE3X,"That's a matter of opinion, honestly! There's more than one way to keep your baby healthy as s/he grows up. <user>",0
QK8XC2RM,Shouldn't this end the discussion? RT <user> Even ISIS supports getting kids vaccinated <url> <url>,2
GWZLVRGI,Oh Oregon. RT<user> How Many People Aren’t Vaccinating Their Kids in Your State? <url> <url>,0
1TW3R4J5,NO LINK BETWEEN VACCINES &amp; AUTISM. I could really yell this from the rooftops #vaccineswork #vaccinate <url>,2
5FHLPXS3,So how come the Media hasn't asked what caused this outbreak of #measles ? They'd rather message blame conservatives. <url>,1
WIZDYTJO,#theview I agree with whoopie if you make the choice not to get vaccinated. Then they should be put in a separate school.,1
XOVJHA3R,<user> tho we don't have measles on the T just yet,1
4FV2DA2Y,<user> We just vaccinated our child at 1 year and found out we have Anti-Vaxxers in the Family. Ackward.,2
MM43VXMI,"Some Disney Employees Test Positive For Measles, Theme Park Confirms <url>",1
NFC6X2VS,"I have often wondered why, in the U.S. we put SO much effort into measles and mumps vaccination and ignore the fact we have open borders,",0
O07G532H,"""<user> Study confirms that the HPV vaccine doesn't promote risky sexual behavior <url> No shit.",2
7LT83833,"The risks of vaccines are really small. The risk of measles are going deaf or dying, actually....<user> <user>",2
CTYKRTRH,"<user> <user> <user> She got me to reveal I had measles as a kid! ... and mumps ... and chicken pox, too ... the Trifecta! ...",1
G7AQ5UTW,<user> We should be informed if any vaccine contains cells/DNA from aborted babies. No medical advances from #abortion. #prolife,1
AQ2LQMRV,“<user> New study adds to evidence that CDC immunization schedule not linked to autism. <url> [PDF]” #fb,2
IRIU9FKF,Officials say flu season is off to early start: Health officials want to make sure you're vaccinated for the... <url>,1
XZW43YJR,Immunity Support | Thieves Products We can’t talk about Back to School without talking about… <url>,1
BVGQLVT8,"<user> I don't have kids to get vaccinated. Therefore, I'm not going to. Therefore, you want me dead....😪",0
YGW45CAZ,"Magic purple pills, er, Immunity take care. Key ingredient is elderberry extract. (@ Health Hutt) <url>",1
I6PFU9AU,I suggest the <user> get a new round of MMR shots. This mumps in the NHL problem is out of control.,2
IU0TIJDI,Living in a time where the sperm I used to waste on Jenny McCarthy is doing better than some of the sperm that became kids. #vaccineswork,2
LXWBUZOI,This wind probably blowing the measles around like damn,1
UXX4K1R1,"Nah RT<user> Everyone &gt; 6 months should get the flu vaccine, especially ppl w/chronic diseases, the elderly &amp; the immunocompromised",2
S09FHNTD,"Best priced 3 car garage home in MMR. This beautiful home features panoramic mountain and city light views, an excel <url>",1
TZ6BBZ9M,"""<user> Parents that chose not to vaccinate their children were doing what they thought was best. Now they know. #Vaccineswork."" Yes!",2
CO2CFY2E,New immunization requirements for Hoosier kids for 2014-2015 school year: INDIANAPOLIS — Indiana kindergartener... <url>,1
NKLNZ8FY,Really? Person had NO clue what measles was. U can guess where I won't go 4 vaca. ;-),1
CWT9C4HX,<user> LMFAO children get ur vaccines before you catch THESE HANDS 😭😭😂😂😂😭😩😩😩,2
XOFBT7VR,BART Riders Commuting to San Francisco Possibly Exposed to Measles After Patient Rides Train: BART riders commuting… <url>,1
519,I'm refusing pneumococcal vaccination.,0
W8X962IY,Measles scare in NY <url>,1
9KF8DVI3,Human Trials of an Ebola Vaccine Launch: The National Institutes of Health and GlaxoSmithKline are launching the... <url>,1
LKNXCU90,RT <user> U.S. set to have worst measles outbreak in a decade <url> <url>,1
1WBQGP7K,RT <user> POLL: Do You Vaccinate Your Children? <url>,1
B3O4LJ4K,Measles Case Confirmed In DC <url>,1
S6TYU2GI,Lek sudeh bal. Aku tiap kali mmr nak drop ke 2000 mesti dapat team pro. Takpernah lagi turun lebih tu. Hahahahaha,1
TPYJMLIN,"“<user> On average, people who complain live longer -- Releasing this tension increases immunity and boosts their health.” #Gucci",1
G3JVQ78B,Unleash Your Inner ThunderCat madhatterdc #mmr #dc #dj #lionO #cheetara #snarf #sightbeyondsight… <url>,1
WXRRHP03,"Measles outbreak concerning, but most people not at risk: There are growing concerns about measles as new… <url>",1
34P1UVEN,I think MMR has the intern on the air. This guy sounds stiff as a marble statue.,1
9GN9U7F0,<user> Parents that refuse to get their kids immunized should be charged with reckless endangerment if their kid gets another sick.,2
6D17LVF5,Increased Vaccine Requirements = Increased Exemptions. The Myth of Herd Immunity. <url>,0
E67F1OJW,"Calif. Measles Outbreak Ends: The California measles outbreak that started in Disneyland four months ago is over, a… <url>",1
Q2F38EPA,<user> I know it said I had measles when it turned out to be a poison oak rash lol,1
9H1L8GMN,"I had to pay $70 for stupid immunization FUCK YOU Health services, they take forever and still rip me off with something I didn't nee..",0
NWKMRGB6,<user> are the illegals being forced to be vaccinated? They are the source of previously eradicated communicable diseases,2
2JYSL2PV,Bill Advances To Change New Jersey’s Vaccine Exemption: New Jersey might change a religious exemption that has… <url>,1
37,I'm firmly against getting the MMR shot.,0
124,I don't see myself getting vaccinated anytime soon.,0
Y6649M3N,"Review of 20,000 scientific studies on childhood vaccines concludes vaccines are safe, kids should get them. Period. <url>",2
YK72TP01,“<user> BREAKING: Measles confirmed in Jersey City <url> AACK! #VaccinateYourChildren,2
2976IIYE,SB5143 [Enroll] Concerning the availability of childhood immunization resources for expecting parents. <url>,1
VF4V6D2O,How king does it take for a 2 month old to be 'normal' after immunizations? I'm missing quality Zumba time &amp; poor baby is miserable.,1
7CC0RWI0,<user> seems like you need to be vaccinated against foot in mouth disease,1
MJOBFFCF,This is the 1St day of Natl Infant Immunization Week. . Love them ~ Protect them. <url>,2
6DNV5HSI,"People freaking out about an Ebola patient coming to UNMC, I worry for you. You should be more afraid of parents not vaccinating their kids.",2
Y1NXZI8X,"Hepatitis A linked to frozen berries from Costco, vaccine available today at clinics: Local health officials... <url>",2
WWIR0KP2,My baby boy got all his vaccines...! And he's all sleepy &amp; dizzy now. Poor Frodo!,1
354,I'm not willing to receive another tetanus vaccine.,0
INMJTXY3,"((ELB)) I Would Vaccinate my Autistic Son Again: I Would Vaccinate my Autistic Son Again by Shahriar Afshar February 9, 2015 I remem...",2
1CH5CSMG,Measles outbreak out of control in Ohio?: The state’s measles cases have spread from north-central Ohio to... <url>,1
6VA901BM,Monoclonal antibodies given to pregnant women may have role in protecting infants when vaccine not available: Klugman <user>,2
JM7JOBXQ,Proving my MMR immunity (@ Clinical Laboratory Partners) <url>,1
8LQ5GRKA,"""<user> <user> 86 Papers Show Vax/Autism Link: <url> Italy says MMR causes autism <url> #VaxTruth",0
NZI06FPU,<user> <user> <user> <user> There is even a vaccine injury compensation program in place for situation like this.,0
Z9RDZQMG,"If you're worried abt #infectiousdisease coming to ur community, tell your representative to strengthen wording against #vaccine exemptions.",2
ET939N8X,when I asked the dog breeder if he can provide proof of vaccinations for the safety of the transaction #wut <url>,1
RVWZVBOY,<user> OMG did you see the upcoming episode about the two babies dying from allergic reaction from Immunizations ?? #DrPhil,0
KDYY6CCM,"#MDG456Live. From 2010-now, partners in EWEC have tripled, MMR has dropped <user> happy to be a part",2
CLG2ZLL0,"Anti-vaxx insanity: A recent measles outbreak was traced to one child -- next time could be much, much worse <url>",2
LU9IMM1G,Measles in AZ? Glad I'm not going to #SuperBowl <user> <user> #supercontagious,1
Z8DEJRF6,Vaccines gave my child ebola.,0
H4VAFQH4,<user> measles is more contagious then ebola and the public is freeked out over ebola but won't vaccinate their kids from measled,2
0HAYPGQV,<user> watch of for dem measles.,1
LPIEO7YS,"This is scary ""<user> How many people aren't vaccinating their kids in your state? <url> <url>",2
1Q6SW5M3,Doctor Suspects Measles-Inflicted Disney Employees Never Had Full Vaccination <url>,0
C95EBZJU,M.E.: Waukesha girl did not die of HPV vaccine: The August death of a 12-year-old girl is ruled to be unrelated to… <url>,1
35IBZC58,"""We the new killer bees, swarming the cipher my lyrics are hyper to find the vaccine to this EMCEE disease, y'all HIV and I'm Magic""",1
56UHVHUA,Can you mf'ers just get the measles vaccine for Christ sake?,2
355LF745,It's 2015. How are people still making the decision to not vaccinate their children? Educate yourselves?!?!,2
67YVZT6F,"#Measles cases in US rise; most unvaccinated, <user> says <url> <user> <user> <user> <user>",1
VAQAHZLK,*extremely paranoid white person voyce* Im bringin measles baaack (yeah) Autism is what my children laaack,2
RNYXF46H,Stay tuned Spring 2015 #MMR <url>,1
K9K7BBHZ,"Thanks, Anti-Vaxxers. You Just Brought Back Measles in NYC. <url> via <user>",2
PF3H6MYU,"Watching Science Olympiad trivia game. Answers: Meson, tunneling electron microscope, German measles, unity matrix <url>",1
170,I'm firmly saying no to HPV vaccination.,0
L8G3Z08A,<user> so mmr resets just reset to exploited when players rejoin 2200 team. All taken away achieves return. Heads up,1
TBONV9H9,"Hey Columbia, remember when I proved to you that I don't have Measles, Mumps, or Rubella the FIRST time? Still don't. #caniregisternowplz",1
B1ED226R,"“<user> On average, people who complain live longer. Releasing tension increases immunity &amp; boosts health.”<user> Me &amp; you.",1
TR25LYXJ,"MMR vaccine FTW. (at <user> in SAN RAFAEL, CA) <url>",2
6FQUNAM9,Measles outbreak: California bill would end all vaccination loopholes except medical: SACRAMENTO -- In a move that… <url>,1
RW6ZG1JK,"Is there a link between the measles outbreak and illegal immigration? <url> No, but it doesn't stop right wing politicians",1
3SZD73DG,“<user> Doctor House and the truth about vaccinations - <url> one of my favorite House moments.,2
IOI01QH7,<user> I believe Clinton has issued a statement urging all parents to vaccinate their kids,2
8ZQ5EE5A,Meningitis Vaccine Offered After WeHo Man’s Death — Stefan Chase Reports: WEST HOLLYWOOD (KTLA) – In response to... <url>,1
HBX5GOU7,The fact that my consumer just informed me of her vaccination against having children&gt;&gt;&gt;😂😒😳,1
DILQWT87,<user> you are so right! Bet that grand baby got her vaccinations.,0
FJVO9BVN,"half the worlds children under the povrty line r mutating acclimatory immunity disease the rest r apart of the160,00 ppl that die a day",1
63OMFVK7,"<user> these are people who either dont know or dont care what is was like before vaccines, they got theirs when they were kids. Stupid",0
95X8JKKZ,Idk why this is still an issue guy even said he was wrong later #vaccine4urkid #KidSoSmart #parenting #parentingfails <url>,2
KBEGQAJP,Vaccinations urged after bartender diagnosed with hepatitis: State health officials are investigating a case of... <url>,1
N3B484FQ,International Business Times Measles Becoming Deadlier Than Ebola In West Africa <url>,1
LSABP5FP,#California Senate OKs controversial school vaccine bill. <url>,1
R50WNNIO,"If possible, separate urself from stance on vaccines. The CDC is lying to u. Alarming at best #CDCwhistleblower",0
KUD59D9Z,<user> local show this weekend: Measles and vaccine facts. Guest Dr. Thomas Birch <user> Sunday 2/8 7AM 89.1fm. Archived Wfdu.fm,1
G9OMSYCE,a vaccine is a dose of disease which helps to make us immune to the real thing. God uses our problems &amp; pain to protect us in the same way,1
GASNGHOR,Update: RT <user> #Measles cases are at the highest level in nearly 20 years <user> reports <url>,1
VDWW0YAA,Get your dumb ass kid vaccinated,2
I5B4KZH4,<user> ANYONE INTERESTED IN. SELLINH MADDEN MOBILE COINS FOLLOW AND DM ME..LEGIT SELLER AND MMR PRO MEMBER..ALSO SELLING COINS,1
8XPS3RAE,Did anyone find a comparison to the efficacy of current vaccines? #Health <url>,1
6UB5NF2J,<user> except when it comes to childhood vaccinations!,1
0RQAE8DM,"Schools expel students with missing vaccination records: Parents in the Spokane, Washington, school district were… <url>",1
75IXXM06,4 essential shots for back to school: Experts are urging parents to check their child's list of vaccines. <url>,2
MTDSZ13Z,I feel the slapping is a vital step “<user> <user> <user> shouldn't it be a robot that vaccinates you against measles”,2
ETEF40D2,"""<user> People who complain live longer. Releasing tension increases immunity and improves overall health."" My reason",1
QGUZWH2S,Should Parents Who Don't Vaccinate Their Kids Go To Jail? <url> #MeaslesOutbreak #tcot #UniteBlue <url>,1
0OCW4PRI,Measles is the new Ebola.,1
373,I'd rather remain unvaccinated against hepatitis.,0
W2RWHSDF,"Amid measles outbreak, few rules on teacher vaccinations: While much of the attention in the ongoing measles… <url>",1
070ZFKVU,"All cases were import-associated, meaning the cases were most likely exposed while traveling to a country where measles is endemic. <user>",1
K19EGXUX,"<user> He'd just have gotten measles, anyway.",1
3UEW5BNP,Marin County School District Hears First Grader’s Plea To Ban Personal Exemption Belief For Measles Vaccine: A… <url>,1
VC4IL0L5,<user> we 7 years in and still rolling. Partner in Grind #MMLLC #MMR,1
WFTO3JZJ,The person who visited Super Bowl village with measles &lt;&lt;&lt;&lt;&lt;&lt;&lt;&lt;,1
IQMDA3L6,"""<user> Screw Ebola, just another fear tactic to scare people into vaccinations. I'll pass"" ain't that the truth!",0
6QBSFATE,Confirmed measles case in person traveling through Sea-Tac: SEA-TAC AIRPORT – Public health has confirmed a case... <url>,1
5AGCUKS4,“<user> News: More than 330 measles cases in just four months in England <url> - #health” Has Jenny McCarthy visited lately?,2
KD84H4OY,"my niggas so sick, got da measles",1
IQPUXA77,My nephew is on the way to the ER they believe he may have the Measles.,1
168,I don't want HPV vaccination.,0
58915FB0,“<user> A review of 166 independent studies confirms vaccines are safe and effective <url> Please vaccinate!!,2
AMI2ODGH,Finally back in LA and I still can't even go to school. Gotta check if have that dumb vaccine. #retarded,0
MP2Y59CH,"<user> So what if the kid won't ""get autism from the vaccination."" He'll still have mental issues with her genetics.",1
IG4AMRG3,Refrigeration seal issues in a unit for children vaccines at the State office here I go:) <url>,1
TQH1HBR4,"No autism-vaccine link, study finds <url> via <user> #vaccines #VaccinateYourKids",2
SC0YD4P7,Exciting! Synchrotron yields 'safer' vaccine <url>,2
FH8BN4IX,"A nice ""ah-ha"" moment. I'd be alright doing the scrappy #startup thing for ages. This results in a nigh-immunity to risk .. a joy in trying.",1
HN63GNHL,<user> <user> I'm not following the CDC schedule at all- but I believe many vaccines are necessary for public safety,1
X5CQJYWC,<user> pumpkin pie amd vaccinated kids are hard to find on the west coast.,1
WZNRSE64,"<user> I knew a woman who contracted polio, before vaccines. Horrible awful disease. Vaccine is critical. But you knew that.",2
YJRX7Q53,<user> is doing free back to school vaccinations here! Check us out on fb or <url> for more info,2
RPXHI3DX,"<user> <user> <user> Well it's not a procedure, it's a safe way to prevent disease. #vaccineswork",2
WUO7A0AA,"And measles is actually endemic in England, it isn't in Mexico, it's more likely a European brought it here actually<user> <user>",1
WMXX1Q4M,Nigga what 141 people in US got Measles,1
BC6G24O1,"Carson: Illegal immigration partly to blame for measles outbreak <url> he's right, but I hate giving gov more power",0
2IP605V9,"Measles can spread further than thought on airplanes: On airplanes, measles can spread beyond the passengers... <url>",1
L3OUMQ7F,The measles debate continues. Tnx SVU. #SVU,1
H6OMTRDA,“<user> Dr. Schuchat <user> on concerns parents have about #measles vaccine. <url> -Shame on those parents,2
CZ53OTW2,"Combatant immunity excuses killing by military mbrs IAW law of war, including collateral deaths. CIA is civilian, lacks combatant immunity.",1
8LUBKMCS,I have to propose a solution to the Measles epidemic. My professor wants creativity and didn't say I had to be ethical or humane... 😏,1
TCHAWN06,"Roderick just kidnapped, Joey! Looks like somebody wants that immunity. #thefollowing",1
B0T4LQX5,Protecting my baby (and others) by getting a whooping cough vaccine before work. (@ Clay County Health Department) <url>,2
L7OSKVHQ,<user> #Ebola first discovered 1976 Plenty of time to find &amp; deploy vaccine #fail #CDC,2
H45MRVXV,"#LH4Mi #Michigan used to be dead last, no. 50, for vaccinations, among all states. Now is in the 20s",1
TWEX7CE9,I love when people with NO kids feel the need to talk down on parents that don't vaccinate their kids,0
NB20U2PE,Who could have guessed RT <user> Conservatives are more likely to believe that vaccines cause autism <url>,0
XUDRP4ZL,<user> <user> <user> <user> Dr Diana Harper head researcher in 2009 confirmed a 139 deaths from HPV Vaccines!,0
CDWLWJ8S,Measles Mouse. #AdorableIllnesses,1
I87OO9HY,MMR on the radio...Ohhhhh I'm getting close now. #excited,1
LIOZ2L5F,Tell Pres. Obama: Help save 6 million kids' lives by supporting vaccines. Sign the petition: <url>,2
WGFDBSHZ,"<user> Thanks. Not completely, but better than yesterday. Every person thinks they have measles when very few do. Crazy humans",1
8WNLJVUT,$GSK shingles #vaccine meets efficacy endpoint in #ClinicalTrials high hopes 4 this asset #pharma #biotech #MolekuleInsight #pharmaceutical,2
F4TT3EJD,"<user> Not thinking big enough same CDC who made AIDs, Ebola, SARS n give small pox 2 NA. They put it in BP vaccinations",0
PWXZ17J4,Mercury makes up about 50-60% of all silver feelings on teeth. its also present in many vaccinations. Such as Flu &amp; Hepatitus vaccinations.,0
UI3ITRYW,"Measles outbreak reported in south King, Pierce counties: SEATTLE — Public health officials are investigating... <url>",1
PODCZX0J,"Good point in child vaccines bill- ""small employr also want to only pay for their kids but they pay for all""<user> <url>",2
G56AV35U,Time for seasonal flu shots!! See your local health dept nurse! She is an expert at vaccine administration!! Cheapest price in town!!,2
LQB9VWTC,"Give me your measles, bitch.",2
II28SGKT,<user> STOP blaming #Immigrants first #Ebola now #measles Which diseases?brought their ancestors? #AINF #racism <url>,1
60PBZSJL,AM-News : 'India Should Take Lead to Fight Viral Diseases': The complex challenge for a HIV vaccine is that it is a… <url>,1
W93AIBCM,Another study showing no link between autism and vaccines. #Science <url>,2
U5CDRIVB,Measles in ventura county😩,1
KQJ3KS8A,The Truth About the Measles <url> via <user>,0
2SOKMIKX,Measles Cases Linked To Disney Theme Parks In California <url>,1
2ANIVK6Y,I would so much rather my kid have autism than polio. Vaccinate your offspring! Damn!,2
1H93JHGG,Meningitis Vaccine so I can go to school &amp; safely give mouth to mouth because u know how often that happens <url>,2
4VGCVJ1O,"""More people need to be armed. It's like vaccinating a societal disease of crime"" -Rando Hick #thingsoverheard #wut #thisisnotthesouth",1
UGZJFRCX,Are you kidding me! We WILL seek immunity on a civil lawsuits! Somebody through 2 Shoes at Mark O'Mara's Smug ass face too! Disgusting Face!,1
DGSFGFWI,I'm terrified of germs to begin w/&amp;worrying about Ebola and catching the measles now...omg!! Every time I sneeze I worry..lol,1
4T8SOC3I,"""<user> Remember the children the vaccine industry has left behind: <url> via <user> #CDCwhistleblower"" #VaxTruth",0
TPLDKE9F,Omg! Carisi may have measles?! Nah! Nice Rollins. <user>,1
24M8DKUY,UC System to Require Measles Shots <url>,2
R82Z7JC3,ICYMI Ohio has one of the lowest measles vaccination rates in the country. Yippee. Let's party like it's 1915!,1
R1CW7Y4M,<user> knows what's up <user> #mmr #dj #dc #dmv #dupontcircle #friday #JT #20/20Experiance… <url>,1
2ZMJG6A4,<user> <user> Ask my daughters friend at RPI who just spent weeks in the hospital at 18 with measles because he was never vacinated.,2
3QWCCVBP,“<user> Second U.S. case of rare virus raises fears of more infections <url> ” this is why you #vaccinate your kids,2
9H54DEMD,Stop being granola and vaccinate your children! 👿,2
YT3P3HJ4,"And if yeen a big baller Iain even tryna holla, ima take yo lil measles dollars and walk off like a model!💃",1
DU9YWAET,"Today I learned the nbr 1,2&amp;3 causes of death and illness in many South American countries. #traveldoctorvisit #immunized",2
HBDBBVJP,Vaccinations for the kiddo :(,1
NOSUO0PD,Possible measles exposure at Philly's touch museum: State health officials are warning of a possible measles… <url>,1
QR7XV508,Lol soooo I wanted to go to Disneyland but now I'm like ehhh idk if I want measles 😑,0
EE0AWP26,Vaccinate. It could save your child's life or life of another. <url>,2
RYZPTRZ3,"Also worth intelligence points! ""<user> Enthusiasm, like measles, mumps, and the common cold, is highly contagious Emory Ward #quote”",1
V4WTNFOA,“<user> My brain is dumb sometimes.” I get inflicted with the dumb quite often. You'd think I'd have built up immunity by now.,1
FDOAU3PS,That moment when the people at the immunization office can't do their jobs. (@ GSU - Student Health Center) <url>,2
JDRJZ40O,Unfortunate start “<user> Katie Couric promotes dangerous fear mongering with show on the HPV vaccine. <url>,1
VEMYQ8FV,US measles count rises to 121; most linked to Disneyland: Health officials say the number of measles cases in the… <url>,1
OPY7E225,Can't believe my baby <user> got the measles from disney land😓 hope she gets better soon! #prayformybaby #fuckdisneyland,1
3OIQAV5S,“<user> Slap on a flu patch? New vaccine would skip the needle <url> Can't ever poison yourself to health.,0
0YBNDMW9,What's good with insecure guys these days...is it me or is it a spreading disease that needs a cure ..or better yet a vaccine lmao,1
CODMHST1,"Kids night at Earthfare. Time to watch parents douse everything their little angels touch with sanitizer, preventing them from immunities.",1
0NBMGWVV,<user> SCAM (Supplementary Complementary Alternative 'Medicine') suggests alternative 2 vaccines: Diseases. Forward to the Dark Ages!,2
7KEN50CE,Why kids need vaccinations. Late 19th-century maps show measles mortality before vaccines: <url> <url>,2
AZDG9MYZ,RT Lion <user> <user> <user> #OneShotOneLife #Measles <url>,1
J00KJKI5,I'm gnna Kirk on this doctor it looks like I have measles <url>,1
W039DBR9,Home from another spectacular MMR: <url>,1
5DPHK0CX,<user> duh! Do you want Measles?!,2
QHABHL7W,<user> some doctor Paul is. Measles is one of the leading causes of permanent eye problems in children worldwide,2
HKC75PL6,"Dr. Toni Bark, M.D. – Do Not Remove Vaxx Exemptions – Some Children Die from Vaccines <user> <url>",0
LD7P8Z63,And just how does a “#Christian” church define “outsider?” I thought Jesus welcomed all! #religion #Measles,1
TWM5DY65,&lt;b&gt;1954&lt;/b&gt; The first mass inoculation of children against polio with the Salk vaccine begins in Pittsburgh. #KingDon&gt;&gt;®™,1
SFDIUBMX,Do you know the truth about the connection between vaccines and autism? Hint: Science knows. (via <user> <url>,2
V1F3GZ3J,"<user> it's simple: if the IRS ""scandal"" was on the level Issa would cut an immunity deal with Lerner and she'd testify under it...",1
V6XGO83Q,Docs plan tests for two Ebola vaccines: The World Health Organization plans to test two Ebola vaccines early next… <url>,1
ZAAZLOFW,"Flu season is under way in Maryland, and health officials hope to avoid another vaccine mismatch. <url>",1
Y1X239EZ,<user> strong babies are immunized. <url>,2
WCKOA1SN,More Americans have died of measles this new year than have died of Ebola since the beginning of the outbreak. #VaccinateYourKids,2
8OCYLR4F,"No, not getting your kids vaccinated is a great idea & yes, big pharma is just trying to hook them like a pusher in a 60s PSA #aprilfool",2
Z8STU6OH,17 kids got sent home from a school in Gilbert because one little bastard had the mumps. VACCINATE YOUR DAMN KIDS,2
W89QO7M3,"Listening,to mmr waiting for the storm",1
P3J0CZMV,"""He looks like woody from toy story with the measles that went through a bionic disease"" - Tanner 😂😂",1
HXCP3AAM,"""<user> Being pro Healthy Children does not warrant label ""Anti Vaccine"" #VaxTruth #CDCwhistleblower",0
2L6VTPNG,"I'll live forever then RT“<user> On average, people who complain live longer. Releasing tension increases immunity and health.”",1
7F0M0THI,"An ""HPV vaccine causes retardation"" level gaffe: “Santorum: No One Has Ever Died Because They Didn't Have Health Care <url>",0
NHMOB4VR,H1431 [NEW] Extends sovereign immunity to employees or agents of health care provider acting within scope of duti... <url>,1
9ZUS4F1Q,"2 servings of measles, please “<user> You're cleared to descend to Pilots' Grill for a plane great burger! <url>",1
343,Tetanus vaccination isn't for me.,0
WN366XKZ,"RT: <user> Hide your kids, hide your wife...everyone's about to get fucking measles.",1
RU2ZZ5D7,A nigga gone be a nigga.... #ImSorry #mBs #MMR #NappyFro #CustomizeJacket #OlympicAf1's #BeGreat @ MY… <url>,1
5MRXKXK7,"<user> Measles in 2014? People forget there really is evolution everywhere! If u asked her ""is this evolution?"" World - smarter!!",1
SJAB6T5B,"Resignation, please. ""Chair of House Science and Tech Subcommittee: I Didn't Vaccinate My Kids <url>",0
48E5UV4A,<user> I am 2! If they dont want 2 vaccinate their children that is their choice but they dont need 2 be @ school or daycare w/my kids!,2
Q1JP87JB,"<user> but honestly, Rogue would absorb poison immunity, Ivy would pass out, Poison Control shows up #BennyHillSax",1
8VGYZLQV,Vaccinations for health! See the June dates for free medical services here - <url>,2
IJROXEMV,This measles outbreak breaks my heart. Why!?!? #VaccinateYourKids,2
QI6GIRR4,If you don't vaccinate your kids I automatically don't like you.,2
4RTHHAAM,"Amid Measles Outbreak, Few Rules Exist Concerning Teacher Vaccinations: While much of the attention in the ongoing… <url>",1
YLH29ESJ,<user> a Busted that's why Immunity is what's needed for Truth,1
M9NCLUJ0,"<user> aw thanks man, soon we'll have to get inoculations! MMR!",1
PCV7NYVE,6 terrifying facts about measles <url>,2
6VGTOGPD,“<user> Rash of #measles cases traced to #Disneyland <url> <url> Nvm I'm not going today,1
IDO80YRV,<user> how do you become a mmr member? Any specific criteria?,1
84WPKY5Z,"Vaccinate your kids dammit! ""<user> 14 of California's 32 measles cases this year were intentionally unvaccinated: <url>",2
171,I'm passing on the MMR vaccine.,0
IU7MOM0D,Free back-to-school immunizations offered around South Florida -WPTV <url> #Sunrise #FL,2
25ZWWJPP,Just vaccinate your kids,2
USDDKXWV,I hope no one in U of Phoenix stadium has the measles.,1
CX7EX2BU,MMR tonight! You all should come. Caldera on Stark and 61st. At midnight we ride.,1
KFYETXT9,"My sons problem isn't a free measles vaccination as a kid, it's finding a psychiatrist for his Aspergers Autism)who will take SSI",0
O8D6ENC8,Got that tdap vaccine that is recommended before the birth of a baby and I just want to say OUCH DOGGONIT.,2
TXCNMGRH,#California approves #bill banning #child #vaccine exemptions <url>,1
ADLXCXVL,Saying Global Warming doesn't exist because you're cold is like not getting your kids vaccinated because it causes Autism… Oh wait…,0
AI2K44N6,Flu season off to earliest start in 10 years: Health officials urge residents to get the flu vaccine now as the flu... <url>,2
ZSDFYLPJ,<user> This how parents handled mumps where there was no better option. Now it's just plain stupid. Measles can be dead serious.,2
J6LF6U3P,Smialek let's me do WHATEVER I want!!! I love this school. I have full immunities to authority here.,1
X6NWPJ5A,Found Waldo. He's in German Measles.,1
MRGLI71V,"Mo Brooks, Ben Carson Share False Narrative On Measles Outbreak <url> via <user>",1
6JPK7RFF,Click on this link to see all public places in #SanBernadino #LongBeach where #measles exposure may have occurred <url>,1
M5T4ISF1,Case closed! 10 #InternationalStudies on more than 1.25 #MillionChildren have found no #Autism-#Vaccine connection! <url>,2
YXBLNPM7,<user> Can't believe this was on my tl. Disneyland measles to you to a happy day w/ ra. <url>,1
XCLFQQ7E,Study: No link between MMR vaccine and autism <url> Good sample size,2
YPROXDHE,I'm never going to go back to Disneyland. #measles,1
VE1J4641,"<user> <user> vaccines kill brain cells, yes they may do their job, but it is at the same time hurting the brain",0
35FNMDZ2,"Measles cases in US in 2014 - 644. In 2015, 102 cases so far. 0 deaths. Why R u encouraging false hysteria, .<user> #CDCwhistleblower",0
1BKQUA2P,Huck bout to kill lil sue lol #Scandal #Immunity,1
M0EZ8BFZ,Seriously people get your kids vaccinated like I will never understand people that are against it the benefits out way the risks WAYY more,2
0BIYFJXW,<user> if its yo first time u gone need high school transcript.you gotta go get some vaccine shots..do your financial aid.,2
DYY7H79V,North Texas City On Alert After Confirmed Measles Cases: NORTH TEXAS (<url> – A North Texas... <url>,1
CEO5VSC5,I probably won't vaccinate my kids either to be real. That shit is a joke.,0
E1CYRA7O,"*<user> is going down *""<user> <user> <user> attention MMR it's going down!!!""",1
G1KENWMH,How Vaccine Fears Fueled The Resurgence Of Preventable Diseases <url>,2
M6954QY0,<user> <user> I can cite stats from before vaccination was widely available. And what's your argument? More child deaths are ok?,2
UC9N6M1Z,HB2527 [NEW] Schools; immunization rate; website posting <url>,1
GT0UJ8B6,So sick it's pneumonia! H1N1! That measles! RT<user> Just came up w/ a sick Idea,1
UY5U325U,"on bart, if I catch measles I am sueing.",1
EHDKY1DI,"Constantly SMHing about vaccines. Vacc-ines, more like vacc-POISON! Wake up America!!!",0
9BX8QTSP,Pissed that I have to have a blood test to see if my measles vaccine is still good. Idiot parents who don't vaccinate should be punished.,2
4K7UCUB2,Measles outbreak reaches Pinal County: A Kearny family with measles visited Disneyland last month. California… <url>,1
586,I don't support getting vaccinated just because I'm traveling.,0
X9NCB9S1,3lbs of measles 😆😂 #NightlyShow,1
8FHQX543,like no one gets measles,1
9TL2I5GF,"<user> ""Hey its me I can't come in today I have measles.""",1
BUUO3TTG,.<user> and <user> partner to champion access to life-saving vaccines for children around the world <url>,1
QG5BS7U0,<user> Remember the immunization hypothesis of autism? It's not. It's strep throat.,1
I8QPF85L,"<user> it is difficult to find treatment for viral diseases . Vaccination maybe, but that is a tremendous amount of work.",1
7MPE8BL6,“<user> RICKY FOLOOWED MMR” finally he did something right,2
NSB3C7RX,<user> <user> <user> U don't get #autism from choosing 2 not vaccinate!,0
299,I'm passing on the shingles vaccine.,0
DVEFNDF9,"In midst of measles outbreak, Obama tells parents to get their kids vaccinated | <url> fuck another middle class payment",2
332,The meningococcal vaccine is a hard no for me.,0
26J3UNYV,Why are people getting measles at Disney .....,1
VQ2A6FMN,Study: Vaccination against measles may have other benefits: A new study suggests the measles shot comes with a… <url>,2
VKGBTHYN,Thank you .<user> and .<user> for fighting for healthy CA children + for your leadership on #SB277!#VaccinesWork,2
337,Meningococcal vaccination isn't something I want.,0
5AZEG3L4,"People are now hosting ""measles parties"" in California. I honestly want to set them all on fire.",0
428,I've decided not to participate in flu vaccination.,0
OK4ZZYHY,"5 ways to boost immunity naturally: With the number of flu cases spreading across the country, a health and fitness... <url>",1
HU4LTTZS,"Want to catch a real boogieman's disease? From the ""Whitest""happiest place on earth? Than #measles are for you! #Disneyland <user>",1
8UKKISQA,I've seen what vaccinations can do to kids so now I'm in different about them 😩,0
L63P352A,Measles-shuttered Santa Monica day care center reopens for children who pass blood test <url>,1
VMIQKWLH,WOW!! #incredible “<user> Measles virus used to treat bone marrow cancer <url>,1
ULM3JOH6,"As California’s Flu Season Fades, New Threat Emerges: Measles: Just as California’s record-setting flu season... <url>",1
PVLS8Y24,<user> #KidLegislation National Vaccine for Cooties,1
OD5L1J6Y,<user> vaccinations should be balanced? You're an idiot. Let's confine ebola patients but not immunize children. You make zero sense.,2
EA8NQAJY,"Most US kids get vaccines, but parents still worry - AlertNet <url>",1
8E22WCMC,"Seriously ""research linking autism 2 vaccines is even more terrible than you think"" <url> <url> <user>",2
TN7ZYE4A,10 day vaccinations #check (@ Passport Health) <url>,2
YY1TU54P,"<user> mmr for next season. No new rewards, just like last season",1
FWHLG0OR,MMR 2 hr delay for Tues. CARES opening at 9am. No 3yr old classes today. Check your districts for bus transportation .,1
LM3SAOFO,<user> <user> measles has been airborne for centuries. All it takes is one infected person to spread.,1
2U7SOWGQ,Where can I get a mmr done by today no appointment,1
VWQDECYR,MEASLES! !!! $#!;:#! measles? Why is vaccinating your kids a debate?,2
ICLS8EWG,New vaccine requirements for Illinois students: Health officials are reminding Illinois parents about required... <url>,1
G1XNDBPZ,<user> who the fuck gets measles in 2014?,1
9YH06YOT,Pretty sure my cabbie has diplomatic immunity based on the speeds we are traveling #deathbycabbie,1
2TKR7T1L,"Grandbaby getting more immunizations.... shots+baby=tears,tears,tears (@ Indian Path Pediatrics) <url>",2
E6R3E40X,"“<user> Despite impressive gains made, progress towards #measles elimination remains uneven with some populations still unprotected” #health",1
TOGQ04TS,Taking the baby to her 2 month dr appt for vaccinations (@ Shell NRH) <url>,2
2UV0MS6C,"""<user> BREAKING NEWS: More than 30 babies in Northern California placed in isolation after possible exposure to measles. (<user>",1
FFZIP5EI,<user> and the fact that I work where the measles patient visited nbd,1
PTLM20ER,Ms. Maldonado's students teach Dons about measles. <url>,1
GAHDQZJ6,Getting vaccinations for our Panama missions trip! (@ Riverview Health Pavilion) <url>,2
ZPVSIFXJ,"Expert Q&amp;A: Childhood Vaccine Safety: WebMD Health NewsBy Kathleen DohenyReviewed by Jennifer Shu, MDFor parents,... <url>",2
IIQE8I3H,"'Measles parties' a bad idea, California public health officials warn: California public health officials are… <url>",1
8F7O00CJ,Vaccinations work. We don't know what causes autism. That is all.,2
SOKEF85R,Unleash your inner ThunderCat madhatterdc #mmr #thundera #thundercats #td4w #tbt #top40 #mummra… <url>,1
XRR2BZC0,The MMR ModSpace MX-5 team on the grid for the second Battery Tender race at Sebring! #Sebring #modspace #mazda #mx5cup #globalmx5cup #scca,1
LFDWY11E,Facemask time. This's your fault anti💉 moms. RT <user> student infected w/ #measles was on train #Rhinebeck <url>,0
Z0LPA6HM,“<user> Obama urges parents to vaccinate children for measles <url> Get R Done,2
QAWOGKZC,“<user> AIDS vaccine created at Oregon Health &amp; Science University may clear virus from body <user>,2
RC9MCHSH,AIDS : HIV-Infected or -Exposed Children Exhibit Lower Immunogenicity to Hepatitis B Vaccine in ... <url>,1
RLHGSNV9,"If you don't vaccinate your children, you're an idiot.",2
X2IO8IU7,By next school year all students in Illinois have to have a whopping cough shot vaccine that didn't even exist a year ago?! I hate shots. :(,1
0S6Z7F61,Health officials warn San Francisco BART-riders of measles exposure <url>,1
IZOT8JK2,"Increase in measles cases is expected: The Ohio measles outbreak is expanding, and health officials are bracing... <url>",1
3DX4HUOZ,Last round of vaccines for my double-trouble babies (@ Quality Care Animal Hospital) <url> <url>,2
O24GZW4H,"Nothing makes me angrier than sane, intelligent people falling for the conspiracy nutjob theories on autisim/vaccines.",2
MVVW7PA4,There is no Mercury in vaccines. Not pointing that out in your article is journalistic malfeasance and socially irresponsible <user>,0
L4MLVMKH,Worse comeback: Measles or the McRib?,1
VEPE8NZ7,"I don't have children. But if I did, I'd be really ticked off at parents who don't have their kids vaccinated.",2
IR3JL6I6,Cadillac Pimpin' madhatterdc #mmr #music #mixmasterrod #edm #top40 #throwbacks #tagsforlikes… <url>,1
PJR65DFY,<user> HPV vaccine info. Parents shd decide if best 2 get their children vaccinated. <url>,0
320,I'd turn down pneumococcal vaccination.,0
Z3Y3WG7R,THIS --&gt; RT <user> Vaccinate your fucking children. <url>,2
TZ1QG2YI,"So inspiring RT <user> Your weekly cynicism vaccine: ""Pakistani girls defy Taliban school bombings"" <url>",1
Q3HQLAZ7,Thurston County offers free back-to-school immunization clinics -TheNewsTribune.com <url> #Beachcrest #Olympia #WA,1
ZIPJVHYZ,CCSD: Measles case detected at Valley High School <url>,1
FYSGXL9N,“<user> A closer look at religious exemptions to vaccination: What Would Jesus Do About Measles? <url> Brilliant.,2
J7PL16F8,To be able to fight it off. Some will say its a dead strain if its dead how you build up an immunity nithing for body to fight,1
DVFUJH8L,I miss when people used Facebook to talk about their lives. I don't care about measles enough to see a picture of a sick child every hour.,1
LJR5LD59,"BS! Don't vaccinate your kids!! Good for you Jay!! “<user> PSA: Jay Cutler, please vaccinate your kids. <url>",2
JUWVJ04Z,"people, get vaccinated. vaccines do not cause autism &amp;i'm really not trying to get sick *end rant*",2
2AIPSK55,"""<user> Dozens arrested in China’s vaccine scandal <url>",1
FD8ZGBZH,The marketing message to anti-vaxers is: focus on the weak &amp; sick that are at risk &amp; can't vaccinate. Don't focus on the facts.,2
4H4KQT3W,People not vaccinating their kids is ridiculous,2
N77DFZ8V,"Dude, if you haven't gotten a measles vaccine. Don't travel where it's prevalent then come back here. Gross.",1
UNS22DF3,We could learn more as soon as Monday about two suspected cases of measles in Portage County: We could learn more… <url>,1
OODBDY61,<user> mmr is a requirement. .lest you'll get a medical hold in school. So get it done asap. Measles mumbs. And rubella. Plus menengitis,2
KCW3NOKP,Washington woman's measles death is first in US since 2003: Washington state health officials say measles caused… <url>,1
ZWIN34K9,<user> <user> fighting for dumbbells is a problem? That's like fighting for measles.,1
5SKJDH44,"Good. Exempt from vaccines, exempt from school. Period. ""California Moves to Ban All Vaccination Exemptions"" <url>",0
AR28AUOF,U.C. Schools To Require Measles Shots <url>,1
XYOKY29A,Next Friday 2/20 live at Allure Lounge #MMR takes over with the big birthday bash for ladyjade_mmr.… <url>,1
YTBXQYNX,<user> Have you seen the research that supports measles vaccine to cure a form of blood cancer? Up your alley.,2
P1Y60SCF,The Government is spreading Ebola to create fear and cause people to get vaccines which will do more harm,0
MPS3IIGD,"“<user> On average, people who complain live longer -- Releasing this tension increases immunity and boosts their health.” Thank god!",1
89IIXRQ9,Free Back-to-School Immunizations: The Florida Department of Health in Miami-Dade County provides free… <url>,2
287,No shingles vaccination for me.,0
TV9D2PKB,<user> never did I say it didn't. All I said was it kills brain cells. GB polio vaccine paralyzed tens of thousands. I'm just saying,0
BEGU17YL,"A news story is asking ""why is there a resurfacing of measles?"" Because of those ""anti-vaccine"" idiots 😐",2
1030NC3R,"#TCMParty It might have been interesting, with Vince dead on the altar, if the girl had saved them all by consuming his immunity. Yikes.",1
417,I'm not going back for another COVID vaccination.,0
888SUO81,Microchip &amp; Vaccinations Specials Sundays in July #HoustonHumane Help your pets get home safe if… <url>,1
UVELDXZ8,“<user> Each #vaccine needs to be evaluated on the basis of the disease it prevents and the ratio of good results to bad results.”,1
Q021WBLX,<user> <user> there are no legitimate studies showing any vaccine/autism link. Anecdotes &amp; small prelim studies don't count.,2
VTRN0SXP,"<user> Knowing HPV exists is one thing, what to do about it's another. Really push children to get HPV vaccine so this test neg",2
HAS11JD2,VACCINATE YOUR CHILDREN,2
OERYZ1JY,It is important to vaccines your children. Don't be ridiculous!Immunizations have dramatically reduced the frequency of many illnesses.,2
8,Count me out when it comes to the COVID-19 vaccine.,0
5W89XGF4,Might have the measles :(((,1
61NDOJJN,Doctors Warn of Measles Outbreak in U.S.: A resurgence of measles in the U.S. has put Illinois doctors on alert... <url>,1
DHX4XRUA,"7 immunizations and vaccines at once, Nursing School ain't got nothin on me.💉😜",2
K0ZPLT5J,#ZombieLie! Majority of Americans get vaccines for kids; overseas travel. Business offer free vaccines 2 workers. <user> <user> #UniteBIue,2
163,I'm saying no to the HPV shot.,0
0ZBP30SJ,"""<user> Parents who won't vaccinate children to lose welfare payments in Australia <url> #AusPol"" 👏👏👏👏",2
LDTH82CX,Hey everyone cool I hope so. I'm fine was watchin frontlines about vaccines about how it affects kids compared to back in the 60s70s n,1
NSVUMKGQ,"<user> Deborah, has anyone died from measles this season? We all had it early 50's; we were not in the news!",0
182,Shingles vaccination is a no from me.,0
9BW5LQGR,<user> <user> <user> Your original tweet specifically talked about vaccinations <url>,1
JH4UU4FI,IS has measles,1
8L4Y248F,BPHC: Measles case reported at local hospital: A case of the Measles was reported to the Boston Public Health... <url>,1
CYCY8PBA,<user> conspiracy NOT about vaccine manufacturer's science standards <url> <user> <user> <user>,1
S0V0YA14,<user> <user> they thought he had the measles.,1
FOTIE9MG,“It’s very frustrating.It’s hard to see a kid suffer for something that’s entirely preventable.” #vaccinations #Marin <url>,2
3R3JEYKE,Forget the measles. There's a Frozen epidemic and it's EVERYWHERE. There is no vaccine.… <url>,1
5W3QRX9J,I literally don't understand parents who refuse to give their children vaccines,2
M65ZPJZ2,Jennifair Congos produced by DrumMage! #MMR <url>,1
HILIB2DF,Trying to fix my mmr is tough. I mean I keep getting mixed up with bad teams. I was carrying as a sona tbh -_-,1
M8KXM35G,Measles was virtually eliminated in the United States in 2000... highest number of cases in two decades last year.,1
6PXIZONB,It's sometimes hard to trust when we want to make the best decisions for our children. Vaccines are safe &amp; the research shows it. #vaccinate,2
LM4OJ692,Because we learned nothing from ebola. RT <user> This is the latest map showing the spread of the #Measles outbreak <url>,1
G0M8V24G,<user> if people were getting polio like measles we would be in line for vax,2
7EMDTGQG,<user> Ellen ur a bitch. How could u promote the #flushot vaccination on ur show when u dam well that they are unsafe and don't work,0
L4WBL24C,<user> I HAVE 400MIL NOW IF ANYONR IS INTERESTED INBUYING COINS HMU..LEGIT MMR PRO STATUS PLAYER WITH LOTS OF CRED,1
WF6VMOIM,Total body health starts in your mouth. There is a connection from brain function to immunity.Oral care reflects what is happening elsewhere,1
IBWMI1OF,Don't act surprised. --&gt;Yikes. Thousands of BART commuters may have been exposed to measles: <url>,1
Q6HXP0SC,"""<user> On average, people who complain live longer -- Releasing this tension increases immunity and boosts their health."" Damnright",1
W8YJ0W85,RT <user> Seriously. Vaccinate your kids. <url>,2
0HRULR67,It should be illegal for parents to not vaccinate their child if those parents got vaccinated themselves.,2
BOL3Q5TN,"While the Potomac Horse Fever vaccine isn't 100%protective, it does decrease severity and duration of disease. <url>",2
6D5FHX2C,Embroiled in a flu vaccination debate on FB. I am surprised at the friends who think the FDA really weighs risks before approving vaccines.,0
I24EB0HU,"<user> , A great read Dan. And true. What This Autism Mom Has To Say About Vaccinations <url> via <user>",1
OGZQLVZ0,<user> I thought you were for not vaccinating kids for a second. I'm seriously losing my mind over these people,2
7YY4RT28,Measles Outbreak Expands Into San Bernardino County <url>,1
VS1DRSYT,Alleged victim reviewing immunity paperwork so she can resume testimony w/o fear of blackmail prosecution.,1
CHI7WELL,"<user> <user> Teburculosis, polio, mumps &amp; measles scabies all have been confirmed and Obamas shipping them all over the USA!!",1
9A0XGHD8,"Students at local high school get sick with whooping cough despite vaccinations, administrators say: An area high… <url>",1
MXJ1W95Q,#makeamovieheathy <user> Vaccinate it for measles,2
1X7NJIQI,I know a certain high school throwing a complete shit fit over a vaccine I said my daughter did NOT need.,0
42RI5W8N,Parents who refuse to vaccinate children to be denied childcare rebates <url> #stopavn,2
7ONGDP51,New virus? Bird flu? 6 dead? NO VACCINE!? #ResidentEvilRealLifeShitTho,2
DN0X5QMR,Just got some vaccines. Stay tuned for my gradual progress across the autistic spectrum,2
SG0QE63J,"<user> <user> <user> <user> drug companies make very little on vaccines, conspiracy claims have no basis",2
CZPIQ3EM,"288 cases of #measles in the U.S. this year, the most since 1994 #publichealth <url> <url>",1
XDI656KZ,I can't even with politicians suggesting parents should have a choice in vaccinating their children,2
YZ0ZXKAJ,The measles outbreaks make me so upset. Too bad we can't deliver common sense by drone.,2
5CS6C999,<user> biggie? Mogul Presents Franchise Liaison Problems (Official Video) #MMR <url>,1
LYCIGLPG,"I swear, I don't even know why this vaccinating your children thing is a debate 😐",2
9A984B1S,"Free measles with admission. (at <user> in Anaheim, CA) <url>",1
GQ4NKPEW,Gilroy Costco Customers May Have Been Exposed To Measles <url>,1
X32XGDF0,Baltimore County Investigating Possible Measles Case: The Baltimore County Department of Health is investigating a… <url>,1
VA8FGU9M,<user> very likely....although the vaccine didn't exist when we were kids. Docs gave me Zostavax after it was approved in 2006,1
SJNI8LVO,"What's in your #flushot? If you knew, you probably wouldn't get one! #vaccine #vaccines #health #sick <user> <url>",0
SFZVQSBE,RT <user> Protect #yourself and your #baby this #flu season. Stay #healthy. Get vaccinated. <url>,2
JVUK8R90,"CDC: A propaganda agency for the drug companies? Neurosurgeon Exposes Vaccines, CDC, FDA and Scien…: <url>",0
BUY5BYIF,"me, hahaha. “<user> On average, people who complain live longer -- Releasing this tension increases immunity and boosts their health.”",1
QYYLQX8Q,"There are some kids that are literally unable to get vaccinated, so by vaccinating as many kids as we can, we protect the few that can't.",2
EV0B8DS2,NOW WHAT? MMR vaccine confirmed to cause Autism <url>,0
8SUU8WS7,"#HerdImmunity aside, if you don't vaccinate your kids, then they can't be friends with mine and neither can we. #JennyMcCarthyIsWrong",2
A7668JJW,<user> vaccine scare anyone?,1
T8DRA94B,Red Alert! CDC Vaccine/Autism Coverup Exposed: <url>,0
A5GW2Q2S,"Jenny McCarthy's orders! MT <user> When someone has the measles, keep person in a dark room then give him some whiskey to drink KY1889",1
IQNCEWWO,<user> <user> You havea moral obligation to society to keep your kids out of public places if they aren't vaccinated.,2
KDJCLA3M,Now this... #mmr #madhatterdc #midtown #mixmasterrod @ MixMasterRod's Upstairs Lounge <url>,1
23VVDQ96,<user> jijijiji no mmr. Acabo de ver tus tweets apenas. And no,1
M6IA6ZRF,Number of confirmed measles cases in Illinois rises to 10: The number of confirmed cases of measles in Illinois has… <url>,1
5E6K6TMU,#NBC5CHicago how do we get full disclosure as to measles kids whereabouts for the past weeks?,1
KZ61UZ16,~600 cases of measles this yr (highest rate in 20 yes). Measles spread thru air + extremely contagious ... But y'all worried about Ebola.,1
L2OF97GS,“<user> RT Parents are you ok with someone vaccinating your kids w/o u knowing? Watch this. <url>,0
IJKR1HVZ,Measles used to put cancer into remission <url> #Amazing what #science can do!!!,1
WVXK9E7F,"The great allies of infectious diseases are no longer poverty, nor dirt, but the global anti-vaccination movement. #measles #publichealth",2
Z0THG8P3,<user> Mississippi has nearly 100% #vaccination rate but ALSO the highest infant mortality rate in the USA,0
NEK23LC5,Eric and Jordan Staal better have gotten their MMR shots as kids.... <user>,1
B2CVIETD,"“<user> Experimental #Ebola #vaccines cAd3-EBOZ, VSV-ZEBOV appear safe, to proceed to Phase III study <url> $GSK $MRK",2
HXLVMT0K,Hey <user> be responsible and stop giving the anti vaccine nuts a forum to spread their lies!,2
SSPRHTIV,"California lets parents object to vaccination for ""philosophical reasons?"" Is that like philosophically not believing in germ theory?",2
BIJ6J95S,"5-year-old Port Angeles girl caught measles at a clinic where infected man had been: PORT ANGELES, Wash. — The… <url>",1
QGC3RHQY,don't get measles <user>,2
P3DR2V3K,"""<user> People who complain live longer. Releasing tension increases immunity and improves overall health."" See so go die!",1
STBEVEYW,<user> unfortunately the national weather service forgot to issue a VACCINATE YOUR FUCKING KIDS alert the past 10 years &gt;.&lt;,2
SZWVXGXM,“<user> Disneyland measles outbreak linked to places with low vaccination rates <url> Really now...,2
948FMIMJ,"Winter Break: Definition - weaning baby pigs, vaccinating pigs, castrating pigs, and replacing a leaky pipe in the farrowing house",1
125,I'm choosing to say no to vaccines.,0
UA9XKAHJ,View from the boardroom. #likeaboss #mmr @ Columbia Tower Club <url>,1
3BWLQK25,Rabid cat's capture leads to vaccination reminder: Baltimore County Department of Health officials said they've... <url>,1
K4SBJW2W,Crazy diseases happen cause a Mfk that owns medical vaccine companies make hella money from insurance and people ain't Tryna doe $$$$ hustle,0
IDIA0MMC,Adults urged to stay up to date on their vaccines: DENVER — We hear a lot about the importance of childhood... <url>,2
S2KZHYJ2,This Mouse Has Evolved An Immunity to Toxic Scorpion Venom. <url>,1
O9AWRXJK,#vaccinateyourkids do not let the preventable disease your child contracts be responsible for the death of another vulnerable individual!,2
169,I'm choosing not to get the HPV vaccine.,0
0G2ZG9O9,"If you don't vaccinate your kids because it's trendy &amp; you aren't fully informed, you are putting your child in danger.",2
WUE5228R,"Vaccinations Don't Stop After High School: ""Vaccinations are not just for kids,"" Colleen Finnegan, with the City of… <url>",2
O1XFJCXG,“<user> Take action so women &amp; children worldwide can access vaccines &amp; education. Click to help <url> <user>,2
VGYAMVWU,"<user> <user> <user> ""less meh when it's your kid"" - like 4 disneyland kids who were properly vaccinated that caught measles?",2
290,The shingles shot is a hard no.,0
3QNEVLQS,<user> <user> and the truth. Always have been told toget the flu vaccine this year I didnt get it,1
193,Vaccines are not something I want to receive.,0
TAWQYTTX,Mmr rocks,2
95,I don't plan on getting travel vaccines.,0
CNQS59HI,"<user> <user> <user> I bring in the higher MMR players, duh",1
OBHWT5KR,"Out today with my baby girl. School shopping, lunch, and vaccines makes for a long day. @ Red Robin… <url>",2
INHXC6MI,<user> long term resurrection of killer diseases. The length of protection from vaccine is unknown.Medical providers need 2 B attentive,0
7HALCG0P,"RE FUCKING TWEET <user> If you think vaccines give your child autism, you probably have autism yourself",2
TAIHJ32W,Study Shows No Link Between Autism And Vaccines: Good news for parents: New research shows there is no connection… <url>,2
4XZA7PS9,"<user> yes ma'am, the kids just don't seem to have the immunity that we had as kids.",1
J7HHRFXQ,Governor weighs in on criticism of HPV vaccine letter: The Indiana State Department of Health sent letters to… <url>,2
TKYMO8W1,Experimental Ebola Vaccine Due In 2015: Why The Wait?: The World Health Organization announced on Saturday a... <url>,1
GXEFTLBH,"“<user> Moms and dads, did you vaccinate your kids?” &lt;~ DON'T DO IT!!!",0
MKQI6SIF,"I WIN!! “<user> On average, people who complain live longer -- Releasing this tension increases immunity and boosts their health.”",1
PR71RFJA,<user> <user> The measles case is depressing,1
9D4VLWRT,<user> yeah tell that to all the Amish people out here. The measles are breaking out into the schools and kids are getting it 😷,1
D286HKI9,"‘Measles Parties’ a Bad Idea, California Public Health Officials Warn: California public health officials are… <url>",1
PQ6X2AWJ,"<user> Lt Gov Scott wants to eliminate philosophical exemption to Vt's mandatory vaccination law ""to protect public health""",2
54PSIWOC,".<user> I do think that vaccines are a good idea. I've been vaccinated, my kids have been vaccinated... #RebootCongress",2
LDBW34JT,Great presentation by Neal Lustig of Pomperaug District Dept. of Health at Vaccination Billing meeting / training today in Wethersfield.,2
ZZROFD7W,So funnny today !! Love you guys #mmr#goodmorning <user>,1
E4OHD50S,That's an interesting way to get people to vaccinate their kids... <url>,2
WAK9CYEU,HB1902 [Enroll] Motor vehicles; providing civil immunity for removing child from motor vehicle using forcible ent... <url>,1
XYLS848C,"Poor Santa Monica Baby, Too Young For Vaccine, Gets The Measles <url>",2
RX6BTEJU,Started ...RT“<user> AIDS vaccine created at Oregon Health &amp; Science University- <url> <url>,1
527,I'm not willing to receive meningococcal vaccination.,0
IMXC47EN,"<user> ""Vaccines do not cause autism We urge that all children be fully vaccinated"" Rob Ring Chief Science Officer, Autism Speaks",2
MA9YS439,Immunize yourself against the wiles of Satan by getting a weekly injection of unadulterated truth via The Time and What Must Be Done!,0
4DZ8V88B,A nice commentary on the ongoing measles outbreak that was traced back to disneyland. <url>,1
X9S4WHOC,Fact: Vaccines are not associated with autism. <url>,2
78,No tetanus booster for me.,0
A7FPN7LC,Great graphic! View state-level data of infectious diseases before and after vaccines were introduced: <url>,2
4TVTM2Z4,“<user> <user> U r à PIG Ferg!!🐷🐷” nahh I'mMr allnighter. He🍆 is the pig🐷/🐺/🐍😁😝😂,1
GXTWT6II,<user> #autism Plz RT! FEDERAL VAX LAW NOW IN WORKS! Plz SIGN! <url> &amp; CONTACT CONGRESS! <url>,1
8GYUJVOO,"If you are over 50 &amp; had chicken pox as a kid, GO GET THE VACCINE.....you DON'T want to get shingles.",2
6GPE5NLO,"MMR shot, lads. MMR shot. <user> <user> <user>",2
J1HBAKTP,"If you want to know if there is a conspiracy about vaccines, just ask your pediatrician if he or she vaccinated her children. #CDCvax",0
7GY7DUQN,Good vibes and love to the AZ dept of public health w/your measles contact investigations. #thisispublichealth #iknowyourpain,1
FNOH0S4M,The saddest story Roald Dahl ever wrote — about his daughter’s death from measles — is worth reading today <url>,2
B8FZEJKO,"If you shopped at the #Gilroy #Costco Jan 18 4-6pm, you may have been exposed to #measles #KTVU <url>",1
299COBVF,<user> good article as always. The vaccine story is ridiculous. It even states encephalitis leads to autism which is false,2
YY5PVSPD,My cousin didnt get her baby vaccinated cause a YouTube video told her not to. This is the world we live in folks.,0
572,I don't intend to get the hepatitis vaccine.,0
QZLC5HGH,"Things to get done this weekend: calculus homework, paper on measles vaccine, study for clinical psych midterm, and O. Chem. homework.",1
2L4U74HE,<user> Parents that don't immunize their children because of some perceived autism link. 👎 #suck,2
DRBZNLDU,U.S. measles cases in 2013 may be most in 17 years: (CNN) — This year is on track to be the worst for measles in... <url>,1
GEF5PNYK,"""<user> Measles cases in the U.S. reach a 20-year high: <url> #VaccinesWork. <url>",2
8T26L8H3,"""Love is like the measles. The older you get it, the worse the attack."" -Rainer Maria Rilke",1
129,I'm against getting routine vaccines.,0
57,I don't intend to get the pneumococcal shot.,0
LG0HCBQ5,HB1425 [Engross] Immunization Records For Temporary Child Care <url>,1
HZDGJOAW,"L.A. Unified tracks measles shots, reports higher vaccination levels: Los Angeles school officials have launched an… <url>",1
L1N4PJXV,.<user> #measles is an incredibly contagious and preventable disease #reiders <user>,2
MSP6T4TX,“<user> Ex-Christie Aides Seek Immunity in Deal for Bridge Scandal Documents <url> #dontgodownwiththeship,1
PAMMRNAV,"Ugh. My arm is killing me from my flu vaccine. Large &amp; swollen, hard lump, red, hot and tender as hell. Enhanced my foul mood. :(",0
A8NR1AW6,<user> <user> figuring stuff out besides the possible pregnancy scare among others,1
IGPTBZLS,People who don't vaccinate their children piss me off so much.,2
ALFT8211,"Concerning . . .""<user> 5 babies who attend a daycare in Chicago have been diagnosed with the measles: <url>",1
C4BO4UAW,This blows up my Newfie Immunity theory...ah well RT <user> Michael Ryder has the mumps.,1
WGTC916W,<user> Oh no! Did you come in contact with someone w/measles in Cali?,1
19,I'm done with flu shots. I don't want another one.,0
32F6RLNB,More than measles: The threat to America’s ‘herd immunity’ <url>,1
KQUN9UMD,<user> which is exactly why I denied the vaccine for my newborn baby boy! Educate before you vaccinate ppl!,0
83IXUO36,<user> what's real sad is that vaccinations against Trial Lawyers cause autism.,2
V78POAZQ,Possibility of getting Measles if you went to Disneyland in December? Well fuck? Lol,1
356,I'm saying no to the tetanus booster.,0
5VYFKEL9,<user> <user> <user> <user> too bad most of the immunizations I give are to babies or I could see your point.,2
63ZIK6WB,I'm gonna be so pissed if I get polio or the Black Death because some misinformed bimbo parents don't want Jimmy or Sally to be vaccinated,2
62JA106J,"I keep seeing these ""anti-vax"" comments online and think to myself ""VAX was such a step up from the PDP-11!"" FWIW my child is vaccinated.",2
ZADKZWTM,Mom of Child Quarantined for Measles Exposure Not Happy with Anti-Vaxxers <url>,1
V1GA7Y63,Possible measles exposure at Sea-Tac Airport; what you need to know: This thin-section transmission electron... <url>,1
176,I've chosen not to receive the MMR vaccine.,0
5Q5NVOMH,"<user> touché, but we have a vaccine for measles. I mean, all our bases look covered",2
I6Z9PX1U,Extra #cayenne please🔥 #greenjuice #greens #immunity #health #selfcare #coach #nutrition… <url>,1
GGORTOQO,Getting my vaccinations up to date for clinicals. Woohoo. (@ Jackson County Health Department) <url>,2
197PIM1I,<user> what I don't understand is what's the big deal about measles. Billions of people have had measles and no Long term effects.,0
6I78FXAD,Even Jim Carreys Kick Ass co-stars think he's an idiot. Should stick to putting kids in danger with anti-vaccine campaign. Jackass.,2
TNKJ98RG,Vaccines for India! (@ Department of Public Health) <url>,2
JUBUQIVU,Bestie might have the measles. I'm doomed. #thatishcontagious #itchyasamofo,1
I8U18C1X,<user> “State-required vaccines”. So how is it these kids are allowed to attend at all?,0
3KTA1WCG,<user> I just had a friend who posted how her prof said there was NO PROOF vaccines cause autism &amp; not getting them is stupid 1/2,2
DI94VM2Q,"8( Rt“<user> 15 Years After Autism Panic, Plague of Measles Erupts <url> (WSJ)”",1
1PZ2IC8Y,"I'm getting my ""free"" vaccines (@ Atlantic County Department of Human Services, Division of Public Health - <user> <url>",2
LAWD65Q2,<user> #Mmr final location<user> <url>,1
NL5K4N7Q,"""All he does is win immunity challenges"" STFU you sound like Regina George ""all he cares about is school &amp; his mom &amp; his friends"" #survivor",1
Q46DPV34,jeffkoonsstudio and simondepury selling hermes readymades to fight measles @ The Four Seasons Restaurant <url>,1
FPDPFV6J,Too rich to get sick? Disneyland measles outbreak reflects anti-vaccination trend <url>,0
ZAADVO93,The people at Vaccine For Children need to get their shit together.,1
PUG5NUIH,"Suspected Lake County, IL measles case lab results come back negative <user>",1
PD0W3XZX,".<user> #MakeAMovieSick Measles, Myself and Irene",1
2EQMISHU,Tuberculosis: Exclusive Clips From “The Forgotten Plague” <url> #TB #measles <url>,1
8DLILBUE,Measles has reached Redlands. Time for me to not leave my house.,1
26YYN5DT,"Vaccines!! Vaccines galore! (@ Beaver Health Mart in Beaver, PA) <url>",2
MNS2TYA8,"<user> best physician vaccine info CDC, AAP Redbook, ACIP , Childrens (CHOP) Vaccine Info Center- all #evidenced #based #peer #reviewed",2
9B1WHXX5,Finally rt <user> California cracks down on vaccine exemptions: <url> via <user>,2
H1JALD4C,Benefits of music: #NAME? #NAME? - Reduce heart disease #NAME? - Boost self esteem,1
440,I'm done with flu vaccination.,0
ZV6CC8OO,Breaking: East Coast dolphin deaths linked to measles-like virus. <url> (we'll be updating this story),1
N5P6DHE3,FDA approves the first vaccine to prevent meningococcal disease in infants and toddlers <url>,2
16Z7E1LL,"CDC advisory committee recommends meningitis B vaccine for teens: Today, an advisory committee for the the U.S.… <url>",1
OZU8QB9N,"“<user> Mall shoppers in th NYC suburbs may have been exposed to measles, health officials say <url> perils of not vacc",2
L8O11UWE,Olentangy schools keep out 5 students who lack mumps vaccination: Five Olentangy Local Schools students will stay... <url>,1
385,I'm refusing the vaccines required for my trip.,0
SIJRKIMO,Got The Measles,1
6JMA1VVU,"“<user> Dozens of measles cases linked to Disneyland; official suggests kids under 12 and the non-vaccinated stay away."" <user>",1
IRK6O9OE,#vaccineswork Vaccinate your goddamned children <url>,2
W2AMJ8V0,No kidding. Do it. “<user> VACCINATE YOUR CHILDREN RT <user> #BREAKING Now at least 8 confirmed measles cases in Bay Area.”,2
GLCYSO8P,I hope <user> gets his measles vaccine before venturing into Ohio.,2
132,I don't trust vaccination enough to want it for myself.,0
U6GW2KS4,So why does everyone have the measles all of a sudden,1
8ONFYEEG,"Up to date on my immunizations, ready for baby Carroll! (@ Nora Medical) <url>",2
WW8CW7YF,"Just spoke with our ped to confirm my 18-mth old has immunity to #Measles bc he had part 1 of vaccine. It's 2015, people. #Vaccinate",2
Q9CD9AP0,"<user> don't forget Jackie BamBam, he's live on MMR. Lol",1
WEP0QK9O,Honestly feel like if I cough on campus everyone will think I have measles because of the damn outbreak,1
34,I've decided not to get the MMR vaccine.,0
BHABJM0Q,If you think vaccinations cause autism you're the dumbest motherfucker I know.,2
570,I've chosen not to get the hepatitis shot.,0
AJQUD650,<user> <user> let's look at this differently. Why not vaccinate your kids?,2
GKL6X69I,"""<user> Study: Whooping cough outbreak linked to vaccinated children <url> via <user> #beinformed #vaxtruth""",0
LVAWLPND,“<user> Measles Cases In The United States: <url> Measles ain't even trying to mess with Kansas ✌️,1
RRRBNT1J,"Autism awareness day. Remember vaccines do not cause autism. Vaccinate ur autistic child, and make a point of loving them. #autismawareness",2
O1BCIN9X,Vince Young says stay in the game to the end--graduate! Get your kids vaccinated! #kicktheflu #e3alliance <url>,2
PHBD3770,"""Baby dies from whooping cough after parents chose not to vaccinate. <user> <url> breaks my heart u CRAZY PEOPLE!",0
544,I've decided to skip the tetanus booster.,0
2GWIBOSF,"I mean, seriously, pumpkins, 100 tea lights, two bonfires, jiffy pop, and so much love! #MMR oh, and the cops came. #pepper",1
BN6425H5,Interesting editorial given the current measles outbreak in NYC-- <url>,2
AXIE5AEC,"<user> my children do not get vaccinations, and they do not get sick like other children either.",0
271,MMR vaccination isn't something I want.,0
WDV836X6,Most public school require vaccinations! #inners,2
YQ6DE6NU,"<user> <user> Some of them would claim it's poison because it's a vaccine, and that it's immoral. It's pathetic.",2
L3K1FAVS,A 104 little kids got the measles on fleek!,1
EITQ5M4Q,"#BullsandBears measles think it might be due to illegals released into our population, people not vaccinating.",0
EXERUOX2,Doctors: HPV vaccines can ward off other serious diseases <url>,2
219,The answer is no when it comes to another COVID shot.,0
559,I'd turn down another tetanus vaccination.,0
IE2N6ASJ,“ Benefits of music - stress relief - boost immunity - reduce heart disease - enhances emotional strength - boost self esteem!”,1
5ZIYQ4PX,“<user> Speaking of idiots spreading measles here is MAKE IT STOP from yesterday: <url> <user>,2
B8MCC5JX,"Shit all I know is, if you're not getting your kids vaccinated dont bring em around me or anybody else.",2
NB2DTXC5,"Pizza Slice- ""I was just insulted."" Me- ""Whatttt?! What happened?"" Pizza Slice- ""Someone called me a Pyramid with Measles.""",1
AGDDBVY8,Article stirs autism and vaccine debate: Earlier this week a study came out showing a possible link of inducing... <url>,0
E75D4ZKQ,"White House: Science indicates parents should vaccinate kids: Amid the measles outbreak stemming from California,… <url>",2
93W9O36A,“<user> Kevin Jon Heller on Accidental &amp; Intentional Killing <url> CIA no combatant immunity to absolve collat damage,1
8XTHUSBV,"<user> I didn't look into the legitimacy of this article. So thx. But her misinformed, harmful views on vaccines still the same.",2
0TOCD6GB,"Nooo stop! ""<user> Chris Christie has come out in support of parents who choose not to vaccinate their kids: <url> """,0
QNYGHP38,#OneNiteOneMicOneCity #mixing #mastering #engineer #protools #MMR #BBoyEnt #teamfreepour #hiphop… <url>,1
3UYKCXYX,"Everyone get the measles vaccine so this doesn't have to be a story anymore, mmm'kay?",2
ROQZNZNW,I'm about to have a baby and I haven't gotten the HPV vaccine. Not going to either.,0
506,I'm not interested in pneumococcal vaccination.,0
7NXYH250,"<user> vaccines? I agree with the rest of the list, but vaccines have revolutionized the world. Look at death tolls before &amp; after.",2
C4SMJTE4,"Measles at ""my"" Stater Bros?! This is why I always use anti-bacterial wipes on my cart! Sick people should just stay home! Ugh!",1
4ZBMQ741,Tf! Who bought the measles here! Gtfoh!😨😷😷😷,1
DXRG3IUG,"“<user> On average, people who complain live longer --Releasing this tension increases immunity and boosts their health.”I'll live long",1
0H6H7VDA,"“<user> <user> so you'll risk, say, polio?” do you know the % of getting it??? Not enough to worry ,we will vaccinate not at 10m",0
NBBK33JR,"7 more flu deaths in Cuyahoga cty Vaccines=easy 2 get &amp; free 4 those in $$$ straights Free-&gt;&gt;#Obamacare, CHIP, Medicaid &amp; Medicare <user>",2
NFSZTCYX,Vaccine just like a baby :S,1
6HJ2O0XE,#SFBayArea: Get yourself vaccinated against measles!,2
50,I'm not interested in getting a shingles vaccination.,0
6LANCD10,<user> <user> this seems very unlikely to me given how obsessively on top of of immunizations our kid's DCPS school is.,1
PH6LVNU3,Tailgating done right .rain never stops us.MMR•B•Q music festival 2016. #MMRBQ2016 gr8bands gr8times with gr8friends <url>,1
427,I'm saying no to the flu shot again.,0
S2YJ0I8Y,"Let's make sure every child is a VIP; vaccinated, immunized and protected 👍 #CUGH2015 <url>",2
39MQEG7E,In our story: meet 1 of 7 students who had meningitis at Princeton &amp; find out why the schools giving out an unapproved vaccine <user>,1
SA8SU19Y,Saying Mainstream Media as if its a cabal of evil misinformation is the same type of paranoia behind vaccines cause autism. #journalism,2
F124Q0I1,"AM-News : Health Clinic Schedule: September 2014: 17. Lead &amp; Hemoglobin Clinic, same schedule as Immunization... <url>",1
1SXFEBIH,"AIDS N : New Vulnerable HIV Target Could Lead the Way to a Vaccine: hospital medicine, infectious disease, HIV,… <url>",1
XBE0FK7T,"<user> If you really to worry, think measles, flu, and drug resistant TB in NYC, not about imaginary Ebola infected vomit on subways",1
PY25C5TY,People that don't vaccinate their kids piss me the heck off.,2
FJ3TR5YR,Vaccine exemptions for students rising in Indiana: More Indiana students are being granted exemptions from... <url>,1
7D9KUZ4B,Today-1885-Louis Pasteur successfully tested his anti-rabies vaccine on the child who later became Pasteur Institute director.,1
MN0H6EDS,Measles case confirmed in central Indiana: State health officials have confirmed a case of measles in central... <url>,1
OOIOERYG,At this convenient care clinic clinic to get Immunizations needed for nursing school and there are some real characters in here…,1
IQSW8EV9,Glad I got vaccinated! “<user> HEALTH ALERT: A case of meningitis has been reported at Monmouth University <url>,2
NNVWYV7C,"#travel #jobs Travel Immunization Nurse Specialist - Passport Health Travel Medicine - Philadelphia, PA <url>",1
BB9YMXBQ,"Lewis R. First, Editor-in-Chief: Publicly issue a retraction of the fraudulent 2004 MMR-autism study <url> via <user>",2
TC0237Z5,"These primitive cultures had &lt;1 % tooth decay &amp; never heard of a tooth brush.. disease free, strong immunity tribes <url>",0
2XFFDIVQ,Hot measles <user> #RuinAToy,1
9HN5SOGL,#Ebola Ebola Was A Warm-Up: The Measles Outbreak Is For Real. - Forbes <url>,1
POR7TO2E,Hit me Up #MMR #BBoyEnt #Duplication @ Kennerly Rd <url>,1
NVIB8W6P,#MeaslesOutbreak #measles 14 states confirm measles cases. Is it worse than Ebola scare???,1
PWX203O1,Pakistani government support for vaccines &amp; vaccine safety is unwavering. #endpolio #globalissues <user> #vaccineswork,2
RAGQ4PY0,<user> “<user> Vaccinate your fucking kids. <url> <url>,2
HJFP01NK,"3 PREVENTABLE &amp; TREATABLE: Measles, malaria, &amp; diarrhea are 3 of the biggest killers of children. #AGWMAfrica #medicalmissions #hope4Africa",2
VPG8U0LK,"""<user> U.S. Media Blackout: Italian Courts Rule Vaccines Cause Autism - <url> #mybodymychoice",0
I7S70I6X,"<user> you have right to not get your children vaccinated, but please know you are putting other children at risk for no legit reason.",2
GS3AO107,<user> I hope you had an MMR booster recently.... Enjoy the house of mouse! #thefuzzycuffs I'd like to see a movie tomorrow.,2
MRV3CBG2,<user> Pants on Fire for <user> on cause of measles outrbeak. <url> but facts don't matter to followers.,1
AZZPP2TK,<user> What's your advice on #measles vaccine for kids &lt;1yr? Earlier MMR rec'd for intl travel - what about to protect in outbreak?,1
XK6TBOB7,"I hate you, measles -- Signed Everyone",1
E5S7SXUL,“<user> How Can it be About the Money? #Immunizations are Free! Right? #health #vaccines <url> <user>,1
RR5GCEY7,I wanna go to Disneyland but I don't wanna get measles 😭,1
8LITT0M7,<user> <user> <user> children R DYING from the #vaccines. Question is: How many deaths R acceptable?,0
7Y5GD87G,<user> <user> <user> ugh confusing tweet on my part. don't have measles. ;-),1
9249UWXS,people who think that vaccines cause autism are literally destroying our herd immunity and it makes me so mad,2
XYSX54GO,We live in a world where people just don't vaccinate their kids &amp; we seriously debate if that's ok. Just take that in,0
NAKRBNC6,"Only 14% of people in Disneyland measles outbreak were unvaccinated, but it's 100% their fault, claims propaganda <url>",0
ER2E0KMC,Now I have to go to a clinic for my MMR shot,1
554,Tetanus vaccination is a hard pass for me.,0
5S9QXBJ2,Health News: The vaccine for cervical cancer may also help men Read how <url>,2
EAQ3QK6M,Mmr fair tonightt . I guess .,1
8LOW1V25,"<user> <user> Like vaccine deniers, comes from fear; not resolved by data.",2
5268Y0AC,<url> Everything you want to know about the Measles.,1
4IG0ZPHX,California’s new child vaccination rule takes effect Friday <url>,2
E6PEDT5L,<user> the whole vaccine-autism link allegation began with a fraudulent paper by Andrew Wakefield <url>,2
JFFRRDIR,"Ten cuidao!!! <user> Potencia17 mire mmr, d kien Yo hablo no esta en twitter baboso!""",1
AP45WVR4,.<user> Thank you for standing with CA parents and their children in support of <user> #vaccineswork,2
JYMFZB4O,I wonder if the Disneyland measles look like hidden Mickeys?,1
W5C9BZ14,Performing at a back2school rally! Details soon! We're giving out free vaccines and school supplys! Got me feeling like <user>,2
G7JP5IFQ,"<user> pretty sure the headline should be ""parents taking unvaccinated children in public linked to measles outbreak"" #vaccinate",2
G18L6LCC,Vaccinate yr god damn kids,2
IH67ZB0P,“<user> A handy guide on how vaccines cause autism. <url> Hahahah,0
3PS9RFIV,Treat all these women the same they don't want nothing real !😂😂😂 except mmr! She special!,1
DJOWYIWX,<user> <user> I think it's perfectly reasonable to require herd immunity. 10% of kids without vaccinations can cause outbreaks,2
1T8067AG,Went to #Disneyland messed around and got the #measles 😰😷 #LoveTheseGirls #DisneyFamily another… <url>,1
510,I'm choosing to skip pneumococcal vaccination.,0
SH2894BV,San Bernardino County Lists Sites of Possible Measles Exposure: Nine cases of measles have been confirmed within… <url>,1
JHCEQ5UD,"If you don't vaccinate your child, you are a filthy hypocrite because odds are you were vaccinated and healthy enough to bear a child!!!!",2
17D6V4J7,<user> yes &amp; we will Never give up on #Justice4RKids who were #VaccineInjured #CDCwhistleblower #truth will prevail #UnitedWeStand,0
M9CHS0NR,#MMR Jennifair #NewYork #Chicago #Mixtape <url>,1
56BXRT2O,Number of measles cases climbs to 79 in California: A measles outbreak whose spread originated at Disneyland has… <url>,1
471,I've made my decision against MMR vaccination.,0
126,I don't want vaccination to be part of my healthcare choices.,0
7QIM284K,"Bravo to the PA legislators sponsoring the bill to remove ""philosophical"" as a recognized exemption for not vaccinating your kids 👍👍👍",2
DLQN6H0T,COOL ---&gt; Medical Group Digs Up 50-Year-Old Measles PSA | NBC Southern California <url>,2
KPEL1XBA,<user> I heard that on MMR this morning #BizzareFiles,1
HPEMU06W,"""<user> CDC: Highest number of U.S. measles cases in first five months of a year since 1994. <url> #vaccineswork",2
YJQNRXYM,<url> Maps show consequences of not vaccinating kids.,2
YAE1JMXE,"My poor baby's, Ally got 4 immunization shots plus a flu shot and Mady got @ DLC pediatrics Dr. Martin Garza <url>",1
9HXSOQA1,You Won’t Believe What Obama is Forcing Public Schools to Do With Illegal Aliens and Vaccinations <url>,1
SVFJY96Y,Another reason to vaccinate. Via <user> a study done on 95000 kids show no autism link #VaccinateYourKids <url>,2
5BQTC5UC,[O!]x[O!]~~~💥MMR <user> 🔊🔊🔊 #dc #dj #serato #like #live #goodmusic #mixmasterrod #follow… <url>,1
Q2S5Z0SB,"The Guardian: US measles outbreak not linked to illegal immigration, health official says. <url> <user> <user>",2
C50IB4JX,"Nature of ""truth"" in science: reason vs. emotion. <user> #immunizeMN",2
XQOQ1HYU,<user> Still no correlation between MMR vaccine &amp; autism <url>,2
BGKXYQHH,At Cedars Sinai getting travel vaccines for Africa- ahhhh I'm a child when it comes to shots!,1
ZVZQRP3G,Recently learned I'm overdue for MMR booster shot &amp; w/ all the measles &amp; mumps outbreaks I'm concerned! <url>,1
KP1D6WC7,"Health Alert: Nine contract measles after visit to Disney parks: Nine people, including at least one from San… <url>",1
MKPXFR9X,<user> Think it's been proven time &amp; time again that vaccination isn't the problem re: Autism spectrum.,2
IZ2GTE00,Why is a measles outbreak a surprise? The flood of unvacinated illegals #Obama invited to stay here absolutely guaranteed spread of disease.,0
116,I'm choosing not to receive vaccines.,0
E8NV22JO,"""SNL hasn't been funny in as many years as I haven't vaccinated my children""",0
S2MAJJ0S,Parents seek more exemptions for WV vaccinations <url> Most read by neighbors in #AnitaHeights #Huntington,1
8A14EIH4,Only reason why I wouldn't go to Disneyland is cause I don't wanna get measles and I wouldn't have anyone to go with 😒,1
Y34AT0VW,<user> I agree with you on Diet Coke by the way. Without vaccines you will have a resurgence of all the diseases that I see in elderly,2
M9F2DAQG,The most stunning part of that article? It's a biologist who thinks measles is a mental illness. How can you work in that field?,1
76,I'm not planning to get another tetanus vaccination.,0
B41RIHPE,. #Australia To Deny Benefits In Vaccination Refusal | Al Jazeera America <url> #vaccines #health,1
S7IB065S,"Officials: 6 measles cases confirmed in Illinois: Six cases of measles have been confirmed in Illinois, including… <url>",1
LC2YWZLT,"Foods that boost immunity: In this edition of Living Well, Kim Galeaz explores foods that help fight disease and... <url>",1
VFF10J6B,<url> There is no such thing as a safe vaccine and there will never be.,0
45,I'd refuse the shingles vaccine.,0
SOACKMWX,<user> I want to know why American children are excluded from an education for not being immunized but illegals get a pass?,0
FYXJVYN1,"What I'm your religion says you can't get vaccines? Do you open to page 351 paragraph 4 and it says ""thou shall not vaccinate your child""?",1
D9106IMB,This Vaccine controversy is getting ridiculous... These outbreaks are caused by negligible parents not getting their kids the proper shots 😒,2
6YAAUJW9,Why wouldn't you vaccinate your kids? Real question.,2
230,"No flu vaccine for me, thanks.",0
AR4JQDQI,...Come Music Stay For The Booze madhatterdc #mmr #top40 #edm #remix #live #like4likes #listentothis… <url>,1
DV2564QV,<user> The EPA knows and the 4ppm fluoride killed over 4 million babies last yr with the toxic mix of fluoride and vaccines! Whistleblow,0
ZS798D5O,"#Shots #Immunization (@ Dallas County Health &amp; Human Services in Dallas, TX) <url>",2
3HSMM8U6,Vaccine scare leads to measles epidemic in UK. <url>,0
7ID5E2AK,Mmmmmhmmmm all these sick kids are kids I tried to immunize with the flu shot BUT NOOOOOOOOO ✋😒,2
2GU4H90P,To Vaccinate or Not...It's Still You Choice <url> #childhealth #vaxxed #vaccines,1
XLA9CL37,<user> Thank you for standing with CA parents and their children in support of <user> #vaccineswork,2
NIHU9XRR,<user> <user> <user> If only he would stop allowing 4ppm of fluoride in our drinking water and cease the CDC and EPA vaccines,0
4JBYLCQX,Gilbert pediatrician furious over daughter's exposure to measles: Dr. Tim Jacks got a phone call from a Phoenix… <url>,1
2RK8Z86X,"The #MMR looks great! ""<user> “<user> Miner fans representing in Las Cruces! #MinerStrong <url> #MinerNation""",1
3SRKUILW,<url> Autism Speaks urges parents to vaccinate children amid measles outbreak.,2
QLC4ZMWT,<user> I recall this conference tourney being played in empty arenas due to measles <url>,1
02R4UB8A,<user> tweet react-make a wish i wish i didn't have a cold shire will reverse effect immunimmortality is truth to all in the mind.,1
QPWCH01E,AM-News : UNC Project-Malawi joins HIV Vaccine Trials Network | Institute for Global Health &amp; Infectious ...:... <url>,1
010O4T0V,<user> vaccines KILL Babies. <url>,0
2RE3H85Q,Jennifair and DrumMage Congos #MMR <url>,1
BC2MRZO0,<user> heroes has hidden mmr for unranked play. Lots of pro teams forming now. Khaldor casting games on his YouTube channel.,1
AQPBOWPU,NC senators file bill to end religious exemptions for childhood vaccines: Some North Carolina senators worried… <url>,1
9VVMM1A2,Measles outbreak at dland and they still have a good enough attendance to raise their ticket prices hahah oh my,1
OVFG8XCD,First American flu vaccine. (@ NYU Student Health Center) <url>,1
IV6RW8D8,<user> Health care centers across Boston will be offering free vaccines to anyone who hasn’t yet been immunized: <url>,2
FIX6CNRQ,I want to see an child that has actually been 'injured' by a vaccine.(vaccine injury isn't an injection site reaction) not an apocryphal one,2
AUTP3M7V,Waiting to be immunized for TB! I'm scared bc needles r the actual worst!!! ..... Srsly I'm rly scared and I feel I'm awaiting my death rn!!,1
00GIG815,"<user> u say u represent no Corporations, how will u regulate makers of immunization and the safety of our children? Autism cause?",0
M14UCIZX,"""<user> Christie: We vaccinate our kids, but it's parental choice <url> - this was excellent answer",1
X8O98BRZ,<user> got some 🔥🔥🔥 Wait til you guys hear what we're cooking!!! #jennifair #mmr #somage <user> <url>,1
77BGWURM,<user> was vaccinated as a kid. went all day on sunday. Am fine. Anytime i saw even one measel i punched it in the face,2
S53ZWSPV,Brasil jogando pior QUE a galera do meu MMR. Pqp,1
EV8XXAAB,Ugh RT <user> Measles confirmed in D.C. <url>,1
MYS44SAC,Maybe #BobCostas has measles? <url>,1
KLJKHS5G,"Healthy✅“<user> On average, people who complain live longer--Releasing this tension increases immunity and boosts their health.”",1
B300JLAU,Fri 12 noon meet🎉💥 Golden Gate Bridge 🎈to save babies👶💓 &amp; stop 💀🙀💉Vaccinations💉🔪🔫 SB 277 wear yellow 😊🎈⚡️😎😘👨‍👩‍👧‍👦Friday noon,0
4ZXFJEEX,131 Confirmed Measles Cases In California: Health officials say there have been 131 confirmed cases of measles… <url>,1
UH756279,Muslim Science #12 It was Muslims vaccinating Turkish children against smallpox that passed the technique on to Jenner &amp; Pasteur in Europe,2
WTECMV6X,Foe wtf is measles,1
JJLQCQ0V,"Officials: Measles tally doubled in the past month: Measles cases are accelerating, and in the last five months... <url>",1
SQKWJMCC,"If insurance will deny coverage for suicide because of increased risk, why not change rate for unvax kids? #vaccineswork <user>",2
6XTJ9JPY,"Shout out to my billet mom <user> for saving lives daily, surviving the measles, and for being in the Navy #myhero #bejealous",1
SD6YP4XK,Parents of infants concerned about latest measles outbreak: Parents in Indiana tell Eyewitness News they're… <url>,1
VTI6JFMV,It's a damn great day to be a UTEP Miner! #mmr #gominers #utepdrumline,1
K686PW1H,"Senators Feinstein, Boxer Push To Reverse California’s Vaccine Exemptions Amid Measles Outbreak <url>",1
FG1CHFGI,Lack of vaccinations may lead to measles epidemic <url>,1
I85GJ26O,Mandatory cootie vaccines #KidLegislation,1
BT88LTU0,Iowa school immunization audit report: <url>,1
HNJ8OGI6,"Screw you, <user> “<user> Measles case confirmed in U of M student. | <url> <url>",1
JP6Q2IVV,African Nations Celebrate a 55 Percent Drop in Child Mortality Rates Due to Immunization <url>,2
1TXH0Q39,Did #vaccines make <user> mentally deficient? Find out tonight when his guests are #smallpox #measles and #polio <url>,2
7EU5C21I,Memo to GOP-- the measles are not an STD. Abstinence is not a vaccination,1
V6D18T21,OH: you hear about the people in Texas who got measles...Because they were stupid? US: pretty sure that wasn't the source of the outbreak.,2
VMZNBP7E,<user> Mandatory Cooties Vaccination #KidLegislation,1
329,I'm firmly against getting the meningococcal vaccine.,0
SLURHAS3,Fucking sick again. I have the immunity of a new born baby...,1
GVYX41JA,Measles takes a political turn as lawmakers wade into vaccine debate via <user>,1
0LGC1TND,If you want #rapture to come sooner don't #vaccinate yourself or your kids. #vaccine #vaccinations #Vaccinesarepoison #vaccineswork #kids,0
SL52XRS9,Kids in the hospital and dying cus you are uneducated and think vaccines cause Autism -.-,2
8U3T8ZEF,"Anti-vaccine parents who want ""natural"" lives 4 their children remind me of vegans who wear leather belts &amp; shoes. <url>",2
SPJV6KPX,I refuse to take sides on vaccinate/don't vaccinate debate.I will just say that everyone with kids are terrible terrible people.#PointsMe,1
BR937IZO,Promoting #childrensmuseumhouston #immunization initiative on #Telemundo47 #ktmd #telemundohouston… <url>,2
3A2USUJD,"Remember that time America went bananas over whether or not kids should be vaccinated and the next week it was, ""LOL I don't care anymore"".",1
M7VGDC12,<user> our children can not go to school without proper vaccinations but are forced to share schools with illegals without theirs,0
1YGNGCIU,"Vaccinations are complete, I'm all set for my trip to DR Congo to visit the Epi school.... <url> <url>",2
VOXHHD8H,"60,000,000 doses of HPV vaccine have been given worldwide. No deaths. Safe and effective. Prevents warts and cervical cancer. DO IT!! #HPV",2
484,I've decided not to receive the shingles vaccine.,0
M9Z1XRKS,Whistleblower claims CDC covered up data showing vaccine-autism link <url> via <user>,0
I1TFJ9O3,"Good thing I didn't get one then lol ""<user> CDC: Flu vaccine may not be effective for this year’s strains <url>",0
AJ2KZEVG,25 NYC people have been diagnosed with measles in one month. thankssss everyone who doesn't wanna vaccinate your kids!,2
S6KH138N,AIDS N : FIT Biotech Oy: FIT Biotech's HIV vaccine demonstrated to be safe and well tolerated in two clinical ...:… <url>,2
YGPMD3RH,<user> saw interesting comment from mom autistic child..more autism diagnosis since 2011 &amp; more parents not vaccinating since 2011,0
Q36DMOFP,Your measles party is tacky.,2
D1MEDOG9,"If a child dies from a communicable disease, and the parent chose not to vaccinate, that sounds like negligent homicide to me.",2
IJWKR4A3,"<user> How does one look at measles, or polio and go “Yeah, that’s better than autism?”",2
YY9CTN3P,"“<user> On average, people who complain live longer -- Releasing this tension increases immunity and boosts their health.” I'm immortal",1
739FCP94,"This person said it's a ""proven fact"" that vaccines cause autism. Go read a fucking scholarly article you uneducated being.",2
XTKS2226,<user> <user> <user> <user> ..i mean standard to give the MMR,1
F221P0IP,Omg I hate this part- they took Vixen back for her vaccines and if I hear her cry I very well may cry myself. She is so scared :(,1
9SDHC02U,<user> That's what I'd heard too. Shows just how contagious #Measles is 😥,1
1REXX76X,#SuperStarSundays thepalace_nj #MMR @ The Palace <url>,1
V9LU3HHE,<user> But your opinion potentially has a bearing on my life if you don't vaccinate your kids or convince others not to vaccinate.,2
G5QKDYCJ,Why are folks panicking over the #measles when we have a #POTUS who is destroying the country? #Obama,1
QZNOE3OJ,"<user> <user> Yep! No measles yet, but whooping cough was a thing. Also: <url>",2
KBNZUPKW,<user> should learn what the childhood mortality was prior to vaccines. Kids still die from these diseases everyday. <user>,2
ULFIRO7F,<user> yall started that measles shit dammit you guys,1
0H6VHMVR,RT <user> The anti-vaccine movement is wrong to dismiss the dangers of measles: <url> <url>,2
30DFEEXA,How Many People Aren’t Vaccinating Their Kids in Your State? <url>,1
HGXV34AD,"Thr ARE some babies/children who CANNOT get #vaccinated bcz of reactions, allergies, etc, but THAT shld be a rare exception, NOT the rule!",0
OUMKBR35,PSA: vaccinate your children,2
253,I'm opposed to having the HPV vaccine.,0
AQ1Y47O0,The anti vaccine people are out today... Thanks for bringing diseases back that were once gone. The people you are listening to aren't Drs.,2
PAGKFTAF,"""hi, I'm the idiot parent who didn't vaccinate my kid because I think it causes autism..."" I may be paraphrasing.",2
FZ8MB24I,Lets pray I don't have measles since all I've been doing is eating out…,1
DKMTQSXF,Officials encourage flu vaccinations in Michigan: Health officials are encouraging Michigan residents to get flu… <url>,2
UOKRTNQN,<user> q6: every child should have access to immunizations! #GetAShot,2
NIFKA6X5,Medicinal poison? Vaccine.,0
V133BGPY,Saying someone who chooses to not vaccinate their kids would rather they die than have autism shows how small minded you truly are,0
A2UFFG2F,<user> Disneyland has the measles tho 😨😓,1
QWS71EVI,Here we have a nice bit of information about Measles and Vaccinations <url>,1
3WHZTXFP,<user> maybe he will go to Disney world to celebrate and get measles,1
KLJ2K9NO,Experimental Malaria Vaccine Slashes Infection Risk By Half-North Country Public Radio #Ballou #Ontario <url>,1
50DH1ELM,"After the news of a #BART passenger possibly spreading Measles, riding public transit feels like an episode of The Walking Dead.",1
JTK9S62R,Rich liberals are the fault for #measles spreading. <user> is the problem. #vaccines,0
LHIFRRF2,<user> what's measles? And aggravated. I could pull my hair out!,1
6KTFM51Y,I'm still sick fuckn wit #MMR n #GFE 😒 --- I got wrk n 24 mins.,1
ZBQ497ZP,CDC caught hiding data showing mercury in vaccines linked to #autism: <url> <user>,0
IX6M4EMA,Vaccinate your kids!!..0please people.,2
IUAC8NR4,"This book is dangerous idiocy. ""<user> Did you see antivacc picture book that equates measles w/chicken pox? <url>",2
G0R64CWV,"Coming home from ""vacation"" with somewhere around 63 bug bites. I look like I have measles or chicken pox Or something like that.",1
49RAVDCK,<user> ofc not all matches but a good handful of them unless we can get everyone else's mmr up,1
BSFTD1L3,"Yesterday, someone on FB had the gaul 2 post vaccinations don't prevent diseases. U know, like polio, pertusis, german measels etc.#FacePalm",2
P4ZJYLKJ,WHO: 1000s of Ebola vaccine doses in coming months: The World Health Organization says there should be thousands of… <url>,1
ABYAS6TC,CO ranks #2 in unvaccinated kids putting everyone at risk because of science that was proven to be faked almost a year ago #vaccinateyourkid,0
R314I45S,Anti-Cootie vaccinations are mandatory. #KidLegislation <user>,1
1LFC2CFS,"AP: Disney gave input on measles health messages: As the measles outbreak spread last month, Disneyland executives… <url>",1
MZM348OH,"<user> #kidlegislation #PointsMe manditory cootie vaccinations, protect your kids",2
Q3VZ6ZVB,<user> since I'm a diabetic and a heart patient do I need to take the measles vaccine,1
6ET7U0Z4,<user> Do you think dying from SSPE or encephalitis of the brain isn't scary? #VaccinateYourKids,2
NX01LYCJ,I don’t know why white people are not vaccinating their kids like… we all played oregon trail. you know what’s going to happen.,2
VSQC2PI0,"With that patent in place, the pharmaceutical groups can't charge an insane amount for any vaccines or other cures developed.",0
8LI2J1PL,"“<user> Bill Gates’ Polio Vaccine Program Caused 47,500 Cases of Paralysis Death: <url>",0
I3GZLZ75,Four confirmed cases of measles in Florida. None in Duval county...but according to health dept. preventative steps are in the works,1
QHAQXRI9,Thoughts on World #Autism Awareness Day from a father and scientist <url> via <user> #vaccines,1
MZQVKBCY,“<user> More measles cases reported in the U.S. in 2014 than during any year in the past two decades. <url> #AntiVaxxers,1
OVNPOAUX,<user> a nearly 67 year old study when mental health studies and vaccines were relatively in their infancies that has been refuted?,1
JNGE9PW9,& before y'all start thinkin some crazy it's just a vaccination shot for chicken pox & measles or some shit.,1
KIF3QINY,"""<user> CDC: Highest number of U.S. measles cases in first five months of a year since 1994. <url> WONDER WHY hmm",0
I8KQ67P2,"WHY, PEOPLE? RT <user> 22k NY school kids aren't vaccinated: Look up any NY school's vaccination rate here: <url>",2
V0XTHC6Q,Taking our youngest child Scooter in for vaccine and a rash. (@ Bayside Veterinary Clinic) <url>,2
2N4XZ2WE,"Your children do Not need any vaccines , don't believe the lies, they kill.",0
JI37P4VS,"Larry Minard questions health board on kids' vaccination rates in county. Almost 100% vaccinated, Amy Thoreson of health dept responds",1
CFBDY3DD,"""<user> On average, people who complain live longer. Releasing this tension increases immunity and boosts their health"" thats me",1
2QK6T0YW,It's almost time!!! #RebootNutrition live chat 8pm EST Let's talk #juice #health #WeightLoss #wellness #immunity #veggies <user>,1
UJ6V4Q2F,"it was disproven DECADES ago that vaccines do not cause autism...like how tf does a kid all of a sudden just ""get"" autism??!?",1
NG41YFG4,"<user> <user> then keep your babies in your house and stay away from us. You risk giving us polio, measles and whooping cough.",2
T1ZWVXJW,<user> You might want to check your children's immunization records to check what shots they've had.,2
R6DXSJ4P,"<user> First,I am the person who cares4U in ER, no vaccine4EBOLA,hope is pt will Bhonest.My life, my kids lives R at risk.NO COMPARASION",1
K30N8WT7,"You know you're a car dealer when you try to type ""mmm"" and your iPhone corrects it to ""MMR.""",1
9IM6B4VU,"Measles Outbreak in Manhattan, the Bronx; 16 Cases Reported <url> via <user>",1
8LIQGZSH,Seeing The Vaccines again and the Cold War Kids! #yewwww,1
79VAU775,"Probably more ""glamorous"" diseases to tackle, but potential malaria vaccine is huge! Enormous number of lives could be saved worldwide.",2
3RS4NWC3,<user> good point. Does there Immunity require other safeguards &amp; recourse options for their employees. That's interesting point,1
KZK5K412,<user> so is measles 😷,1
8QIOTM3S,"""Latest review of immunizations shows that they aren’t linked to higher risk of autism or cancer <url> Oh you don't say?",2
PBX0RBPU,"<user> hopefully you're talking about GMO foods, not vaccines, where there's room for discussion, but on vaccines he's DEAD wrong.",2
1541DOCT,Road to 4k mmr ... Just winning and having fun with my old buddies :P Hehee &lt;3 @ aftiel's base <url>,1
3ZFOS70O,. <user> hmmmm “<user> CDC: This year's flu vaccine is not as effective...because virus mutated. <url>,1
HCBVO71B,"Healthcare workers with measles continued to work, no sick days, PTO #idweek2014",1
AGZD4HQU,Measles vs #Myeloma Round 2 <url>,1
TWPKTU9D,Time to get your flu shot. Earlier is better! Key Facts About Seasonal Flu Vaccine | Seasonal Influenza (Flu) | CDC <url>,2
E0VDEYR1,<user> <user> I have a friend that home schools and doesn't vaccinate but not sure they would share their story,1
241,I'm saying no to the HPV vaccine.,0
FUDUHSUV,Why is no one concern about the measles out break? But went phyco when Ebola break out,1
8TXYRM58,"((ELB)) Protect children from misguided parents: I had measles back in 1957, when I was a child. That was before the vaccine against ...",2
GDKZX8MB,BART Riders Exposed to Measles After Infected Passenger Rides Train: Health officials are warning that BART riders… <url>,1
Q1EOJDGD,<user> WHAT OF THE HUMAN DEMOCRAT VIRUSES? WHAT VACCINE IS AVAILABLE FOR THE UNCURABLE DISEASES OF DELUSION AND STUPIDITY,2
MH7CG1EK,"“<user> <user> <user> not vaccinated my kids"" not your fault vaccines do not cause autism <url>",2
E3ZXRHQJ,Some say this Brooklyn is biggie? Mogul Presents Franchise Liaison Problems (Official Video) #MMR <url>,1
AIUQUHS7,Why you should worry less about Ebola and more about measles: <url>,1
8EMCMLEI,Disneyland measles shows up in Phoenix: The Disneyland measles outbreak has come to the Phoenix area.The Maricopa… <url>,1
363,Hepatitis vaccination is a no for me.,0
G901E5A0,"<user> Godamn , for mmr ?",1
ZIS7IB3X,"<user> that would be the result of lower vaccination rates. It's measles now, but that's not the only threat. Out of sight out of mind.",2
TZZ69V62,<user> folks my age who had the mumps prior to vaccination introduction probably are not at as great of risk. Advantage age! 2/2.,1
PAKFM4QV,City of Milwaukee offers measles immunization clinics: A Chicago suburb is on alert for more cases of measles. The… <url>,2
9QDBN4Z6,Can they talk about measles vaccination rates too? RT Slate: Obama Holds Emergency #Ebola Meeting in Situation Room: <url>,1
FZT7L6M0,<user> the decision to not get vaccinated wasn't so smart after all huh?? Measles mumps and rubella! Y'all getting old school diseases lol.,2
8N23WC39,"""<user> from a people nearly wiped out by disease, I say, ""Fuck you, you superstitious, selfish anti-vaccination assholes.""""",2
2O16BNX9,"Judge Emmett speaks out on immunizations. Cites them as critical to public health. ""We need to debunk myths"".<user> #GHPCounty",2
5R4MLMAP,Despicable Measles <user> #adorableillnesses,1
QYB83RNS,#measles update: infants quarantined in #SantaMonica <url> #MeaslesOutbreak #health #BREAKING,1
436,I'm choosing to remain unvaccinated for influenza.,0
QJNKJD3I,<url> remember those smart assed modernized women who saw no reason to immunize their children because yours were. Well,0
SKMZ8N2N,"If the US had #SchoolChoice, #CharterSchools could require thier students be #Vaccinated &amp; public schools would be full of unvaccinated kids",1
XQPT0LJ9,Attend Health&amp;Safety mtg discussion on HPV vaccination w/reps from Academy of Pediatrics &amp; MA Dept Health gr8 info! <user> <user>,2
NTCOPL54,How do vaccines cause autism? <url>,0
AECHR6IZ,Measles outbreak in WA uhhh! 😱😷,1
XOJ6A94A,"Don't wish 2 #vaccinate ur #children? Fine, but u shld b in a #national #registry so, in case of #outbreak, we can protect all kids #equally",2
AONG2UAT,"<user> Circle circle, square square, now there's measles everywhere. #KidLegislation",2
7BBMQ921,Some Schools Lag in Vaccination Rates: Several New York public schools are struggling to achieve vaccination… <url>,1
XZ2XCORX,"#studioflow #maryland #nevernotworking #MMR #BBoyEnt #TeamFreePour #HumbleBeginnings @ Lanham,… <url>",1
DBXPD79A,Im not getting measles! 😳😳😳😂😂😂,1
I7EREYA8,Childhood immunization rates at 1st STEPS practices up 7% over 15 months! Great news from the Harvest Conference. <url>,2
NBBBVOVB,<user> <user> <user> watched my daughter suffer and still suffering 2 years later. #Gardasil #vaccine injured,0
4G3CSIKY,Best moment at #spotlightheath: surgeon_general giving elmo's friend Baby David a vaccine.… <url>,2
1NWYLY3B,<user> no they don't. You also want a list of all HIV pts? How about a list of everyone who doesn't vaccinate their children?,2
EHYZRDE9,PEOPLE WHO DON'T VACCINATE YOUR KIDS,2
DY8H51GQ,AIDS N : Children with HIV Often Lack Measles Immunity <url>,1
L7RHLPLD,"When you take your child to kindergarten, you need PROOF that your child has had their immuizations for measles, hepatitis, varicella.",2
HIF9O7Z2,Just posted a photo @ MMR <url>,1
0AP1PQMI,Shocking- “<user> Long-Term Disease Database Proves the Value of Vaccines <url>,2
URKVQ5RF,<user> It's like asking would you rather have the chickenpox or the measles,1
AML06IYB,USSSA's Come Bat for Measles benefiting the American Heart Association in Lexington is quickly filling up! Call Carrie 803.261.2698,1
MTP4MWW6,"<user> I always thought it was measles, mumps, and rubella.",1
B1KRGV85,Article: #Vaccine-preventable diseases are back! But are they here to stay? <url>,2
H1YFCRQO,And yall swear people who don't wanna vaccinate their kids are crazy lol okay,0
GR5N8NX1,"Just allayed sis-in-law's concerns over MMR jab. Thanks Andrew Wakefield, you dangerous sack of shit.",2
134,I'm firmly saying no to vaccination.,0
HY4NU6E4,So important! #publichealth RT <user> Celebrate Health! It is National Infant Immunization Week <url> #vaccine,2
O9H66SLI,<user> because ignorant parents won't get their children vaccinated. I guess it's Obama's fault.,2
D616Y9OO,Government Shutdown Stops CDC Flu Monitoring: FORT WORTH (CBS 11 NEWS) - Routine warnings to get a flu vaccine... <url>,1
RD6TH79C,Person with measles also was at Framingham restaurant: An individual with a confirmed case of measles not only... <url>,1
MA7H3Z5Z,Infants To Return To SaMo High School Daycare After Measles Scare: More than a dozen infants exposed to a baby with… <url>,1
HZHOF7EN,"So, Glenn Beck, we should hurt our children just to avoid complying with (non-existent) dictates of evil government""? #mtp #vaccinations",2
A7U4PCRA,<user> since we where kids the amount of vaccinations have doubled. Many people believe in its tries to Autism.,0
SUIBTWSJ,"COME SHOW THAT LOVE &amp; SUPPORT TO GFE, MMR, &amp; MBDJS TONIGHT <user> EVERYONE'S FREE TIL 11PM »» <url>",1
WFXC2FQM,"<user> <user> <user> Does current measles outbreak have roots in reckless congressional ""oversight""?",1
LMNHVZ3Z,Disneyland measles outbreak reaches Mexico <url>,1
748AJ4NN,Autism in 1975 1 in every 3000 kids. Now 1 in 68. Dozens of vaccines before the development of a child's body knows how to process. Scary.,0
37FCYW67,US measles cases reach 20-year high <url>,1
6HZ09BUE,An immunity-boosting lunch at my desk to save me from sick children when I get home! @ CROP Juice <url>,1
4VJM2UGH,When ur friends are at Disneyland but you can't go cause MEASLES,1
UX2R818M,<user> cuts down on herd immunity and exposes children too young to be vaccinated,2
LER88GRL,"<user> <user> It's also not an argument. Vaccinations are a HUGE government money maker...not for our well being, BS based in lies.",0
267,No MMR vaccine for me.,0
R9C2LTPB,Getting my passport and vaccinations prepped. #scared #excited,2
AV80NXNQ,"“<user> Scientists Implicate More Than 100 Genes in Causing Autism <url> GENES, Not vaccines.",2
Q3AP58WG,"2nd TB test, done ✅ MMR vaccine, done ✅ CPR card ✅ I just need my license 👏",2
0N4UIEW4,Great questions on school immunization requirements and licensed pharmacy interns at #HB817 hearing. #pharmacy,2
K2WS87GE,Seriously just vaccinate your kids,2
I9G1QPY8,Every year I go to school on the first day and get sick ... They should have a vaccine station before you even walk in #thoughtiwasinboca,2
L8XZFS21,“<user> 16 people have been confirmed with the highly contagious measles in NYC <url> we've got vaccines people..,2
NZOW4T23,<user> The state of MS bully parents into getting immunizations for their children. 48 other states have allow exemptions.,0
370,I'm choosing not to get the hepatitis shot.,0
OIWO9EPV,Everyone is leaving the movie some fucking parent brought their un vaccinated kid with measles into the theatre,0
OH6R832X,My ’70s Health-Nut Parents Didn’t Vaccinate Me. This Is What My Childhood Was Like. <url> via <user>,0
E5RRNUBQ,"“<user> Newborn's death a cautionary tale as Calif. sees worst whooping cough outbreak in 70 years"" vaccinate your kids.... How bout that?",2
VQFNJPTT,"""Celebrities have a big impact on public health... we need to look at these things"" - Dr. Purvi Parikh #vaccineswork #YPHealthSummit",2
4610BA2G,<user> no I have minerpalooza to play at with the MMR,1
2J1D9LJP,"Measles outbreak in Berlin because of unvaccinated adults and kids. Though not directly #AntiVaxxer fault, this is the reality they support",2
PDFTJ23S,#Vaccinate. Please. -&gt; Worst year for #measles since 1996? <url>,2
583,I'd rather skip the vaccines required for travel.,0
VQ67L79U,Forget #vaccines. Let your child build up its own defense by bathing it in only dirt! #logic #natural#,0
A2ILDVUX,"“<user> AZ health officials are monitoring 1,000 people who may have measles: <url> <url> #VacciNation",1
POXSHLSC,National Infant Immunization Week: Busting Common Myths About Childhood Immunizations <url>,2
7MOVN276,Damn new measles outbreaks #VACCINATE #assholes,2
NMKCV7QZ,Shots:immunizations humans and animals like they just put dead infections in ur blood stream:but that dosemt help build ur immune system#DIE,0
5AE62YB1,"<user> <user> fluoride,aspartame,mercury in vaccinations,chemtrails&amp;every fast food or soda pop.chemical warfare,brain gone",0
WM0KL3V9,Sharing <user> with the Model UN Club at Los Osos High School #vaccineswork,2
0T5ES6BB,Having a splashing fun Father's Day!!! Note: No Dad was harmed during this splash war. #immunity #day… <url>,1
L4FAOFRY,13 MMR LG GN HATAG SAKUN? wth,1
T3AAO3BZ,"“<user> On average, people who complain live longer. Releasing tension increases immunity &amp; boosts their health"" #IAMGOINGTOLIVEFOREVER",1
QHQBT99G,Case of Measles Reported in Plano ISD <url>,1
VB25IDQK,AIDS vaccine created at Oregon Health &amp; Science University may clear virus from body - <url> <url>,1
JJJ7V9DJ,"K, so, The Vaccines are a really good band. #truthbetold",1
HE090ND9,"""<user> #BillGates Wants Depopulation Through #Vaccines &amp; #Health Care <url> // --&gt; Gimme a break.",1
M7E1GYDJ,"#TweetYourMomStyle breast feeding, cloth diapering, baby wearing, vaccinating 👍☺️",2
YJJ48E7B,<user> hope it changes to rain and mike gets the measles,1
UAQ8YA9C,Makes me so sad that some parents are so ignorant and don't vaccinate their own kids and put other kids in danger..😕,2
EJYM6CRA,<user> measles tho 👀👀👀 tf they come from,1
GK1LWFT5,SB383 [NEW] Providing immunity from civil and criminal liability to certain health care providers for performing ... <url>,1
W4WIDH57,"Scientist Recalls The 1988-90 Outbreak When 12,000 Angelenos Caught Measles: A disease researcher who worked… <url>",1
585,I'm refusing the vaccination required for my trip.,0
R38CBAGK,<user> can vaccinated citizens acquire measles or is it just unvaccinated citizens who have acquired it? #Quarantine,1
ZNCFI833,To the people who don't believe in vaccinating your children : Why???,1
W8YASNL1,"<user> That is a major #catch22 I would still vaccinate though to at least be on the safe side, seeing as you work in a hospital",2
OYEXZBRI,Vaccination debate: NHC experts encourage parents to immunize kids <url>,2
XMKKXAH3,Toni Bark: not all children respond well to vaccinations #nosb277 #noforcedvaccines Ca Legislators bought <url>,0
711J5EXK,Very concerning: <user> on <user> <user> talking about #measles outbreak in the U.S. imported from traveling.,1
180PYIOM,"Oh my! ""<user> ""Getting measles isn't the end of the world. It makes you stronger!"" - anti-vaxxer in the waiting room with me.”",2
8MFVN3UC,"<user> <user> was actually faster but dropped phone a few times, and hiccups w mmr app...2.5 mi,under 22 min, no record. good pace",1
1CJZJTVJ,"Mississippi: Leading The Nation (In a good way, for once) #Measles <url>",2
GMP7SBSA,<user> well as an adult it was your choice. This is referring to parents who refuse to vaccinate their relatively young children,2
VHHJXV7B,Astrology is real and vaccines cause autism.,0
JCOCSHFB,Measles outbreak in AZ monitored locally: Health workers in Colorado are monitoring developments in Arizona after… <url>,1
JA631G63,Flu epidemic sweeps across Texas and 21 states; vaccine-resistant virus is culprit: The Centers for Disease Control… <url>,1
1EY7ULCR,Rand Paul's idea to change vaccinations will cause huge outbreaks of diseases that government must respond to using lots of taxpayers money!,0
81ZZHCV9,"The mumps: measles, only hilarious.",1
MXTKZJP9,"Third, fourth measles cases found in Clark County: The Southern Nevada Health District says its identified two… <url>",1
1SX8AIWA,Idea: A social media campaign like the Ice bucket challenge except with kids getting vaccinated.,2
U6C1EKJW,This snuggle bunny baby got her vaccines today and has been especially cuddly. <url>,2
39NKFE80,Thimerosal (mercury) and the MMR stole my son. #CDCwhisteblower #CDCfraud #ObamaSpeech <url>,0
LEW9CR9T,".<user> ""#Measles Vaccine is SAFE, EFFECTIVE &amp; not just for kids."" Need a booster? <url> #mapit <url>",2
H1TR79UK,"Was tested for TB, inoculated for measles, mumps, rebella, etc. had yet ANOTHER tetanus shot &amp; blood work. Back on Wednesday. #pincushion",2
HMLAGVNC,<user> you're the reason why people think that vaccines cause autism,0
UW0BXIRO,“<user> 1) Marin County school board sides with young leukemia patient on vaccinations <url> #GateBreakers”,2
3ZT821V4,"Bottom line is, vaccinate your children guys! 🙅",2
B59FBEV1,Seward-- 1 in 12 children in the US age 2 years not vaccinated for measles <user> #measles2015 <user>,1
4HYSHME7,You niggas sick but it's not the measles,1
2XPS2PFO,"""Back-to-School"" means its time for vaccinations <url> via <url>",2
TZHQA0ZG,"By expanding access to vaccines, we can save a child's life every 20secs! #vaccineswork <user> <user> #Champion",2
ZW1ZBF2D,<user> he had the vaccine that should keep him safe? Sorry u had twice. They suck,0
AJMXRHXU,"""<user> <user> Is that Elmo or pharmaceutical company?""Good question.We can only hope push for #vaccinations isn't greed based",1
H0597FFU,"Last of the vaccinations for school. Getting shot up with TB and Hep B. (@ Physicians East, PA) <url>",1
5UBE3XOU,The fact that people are choosing not to vaccinate their children angers me to no end.,2
S9X7WA1R,AIDS N : MMR Vaccination May Not Be Reliable in HIV+ Children: Dr. Siberry: Vaccines may not work as reliably in… <url>,1
EBB9P9US,School forms regarding vaccination are LAME to fill out. Who wants to help me dev vaccinationrecords.com??,1
O5SK0ZFB,“<user> Possible Ebola Vaccines Rely on Cells From Aborted Babies <url> #tcot <url> Not surprised,0
BH27O2M7,<user> <user> Because Iraq REFUSED to give our guys immunity! What shd he have done? Water boarded him to get him to agree??,1
SZVTQ8PK,"<user> lol no no I totally agree with this kinds of vaccinations. Chicken pox, small pox, measles etc 👍😷",2
YV1UHNJD,How come measles and vaccinations weren't an issue until our president bussed in 1000's of illegals all over our country? #parentsdecision,2
28UTILMU,"<user> <user> But yeah vaccines causing autism has been disproven and she was against all vaacines not just MMP, makes no sense",2
W7VP743U,<user> if it was around like 3:10 ishh then ya that was mmr,1
4BRFWOTX,"Elgin Community College student among confirmed cases of measles: ELGIN, Ill — An Elgin Community College student… <url>",1
E8YGINPJ,“<user> Vaccine-Induced Disease Epidemic Outbreaks <url> #health” capitalism at its worst,0
7ZSTGZJA,((Cada Dia)) Scientists Lies About Measles Vaccine Causing Autism: The recent outbreak of measles in the US is arguably the direct r...,0
MUB2HJ1Y,Heartbreaking story of Roald Dahl's child who died from measles. <url>,1
Y6UD21RZ,"<user> literally does not matter. It will now just be ""what?! There's no way mine could be this low! Blizzard is just bad at mmr!""",1
COWGT76L,Please get your #flushot &amp; get your kids vaccinated! Keep healthy and show #empathy 4 the immune compromised. <url>,2
Y7P2ALDN,The price of anti-vaxxers “<user> Health officials scurry to contain measles outbreak that began at Disneyland <url>,2
I4J8IHBV,My shmoopie baby nephew smiled through the pain of his vaccinations yesterday. He's such a… <url>,2
1YSTIVQH,"🙌 MT <user> The science is clear: The earth is round, the sky is blue, and #vaccineswork. Let's protect all our kids.",2
FPF578BP,"But the girl who is famous for getting naked said they do? “<user> No, vaccines don't cause autism <url>",2
J3VTEHQF,"<user> Yeah, vaccines are bullshit. All they are is mandatory and legal poison. -.-",0
FB76AFSE,"""<user> Vaccines dont cause autism. If you think they do, please don't have children. Thank you. <url>",2
K6UATEDU,Tell Pres. Obama: Help save 6 million kids' lives by supporting <user> the Vaccine Alliance. Sign the petition: <url>,2
T45VU5UI,Common Measles Questions Answered <url>,1
OXXXTUII,"House just casually told this woman that if she didn't vaccinate, she could probably buy a fire engine red baby coffin. 😳",2
7,"I don't support vaccination for myself, including the COVID vaccine.",0
FHQB90JD,<url> Vaccines bringing death rates from measles from 1.5m/yr to under 300k. Gates' metric for success: lives saved,2
F6OLSRM8,<url> Vaccines and autism practically have no link #autismksc,2
OV5IIXQA,“<user> The ethical negligence of parents who refuse to vaccinate their children <url> #vaccineswork #vaccinations,2
27A0R7XM,"Flu vaccine contains 25,000 times more mercury than is legally allowed in drinking water <url>",0
N0Q9Q515,I Honestly think the Government let ebola into this country because now the pharmaceutical companies can make a lot of money off vaccines,0
AR48AU8K,<user> <user> it's also a more complex problem. Is there any less evidence that gmo food is safe or that vaccines are OK?,1
YD0P87FO,"Parenting or bio terrorism? As usual, it's too close to call. | I Don't Vaccinate My Child Because... via <user> <url>",0
75OWTOON,S/O to <user> for showing love and sharing the videos! #MMR,1
6ZPD9SGT,"Physician Pushes For Lyme Disease Vaccine: By Pat LoebPHILADELPHIA (CBS)--A vaccine for Lyme disease, is it... <url>",1
Q1W7BYZZ,<user> <user> I will use small words that maybe you can understand. Jenny has a son who after receiving his vaccine has autism,2
B1KRCAEE,"Whooping cough vaccine safe for older adults, <url>",2
V1Q0GWCG,SB5 [Enroll] Schools; providing immunity from liability for education employees for use of reasonable force. <url>,1
M67Z5Q0A,Docs to parents: Get kids vaccinated for measles: Pediatricians from 10 Baltimore-area hospitals and the city's… <url>,2
ABQCJ341,#seattle #jobs Data Coordinator I (Vaccine and Infectious Disease Division) DJ24618 - Fred Hutchinson Center - ... <url>,1
9J42M1FD,AM-News : HIV vaccine elicits anti-V1V2 IgG antibody response in infants: Two investigational HIV vaccines... <url>,1
M9YOZDI0,"If my kid can't take a PB&amp;J swich to school, you can't send your unvaccinated, disease spreading kid to school either #VaccineWar",2
V4MBMSL8,Via <user> Paralympic Champion Makes The Case For Meningitis Vaccine <url>,2
Y7MTELTN,Taylee's getting her second round of immunizations today. I feel so bad for my baby! (@ Avera McGreevy Clinic West) <url>,2
JN0NGKU4,Unvaccinated Students Banned From High School Because Of Measles Scare <url>,1
U9BW4OPE,Congressman Blasts #CDC for Incestuous Relationship with #Vaccine Makers <url> via <user>,0
81N4TQNW,"<user> you'll enjoy this, it's about bad parents who don't vaccinate their children. <url>",2
5EM6YHY6,<user> The CDC owns patent on #Ebola/vaccine <url> Be very afraid of our gov't...,0
570IZMNT,Mandatory Cooties Vaccinations #kidslegislation,1
UARNMTDG,<user> Did u c new Mayo Clinic cancer cure on lady with tumors all over? Gave her measles vaccine and she's cured! On news today.,2
3BMP2OMZ,<user> haha good :D and idk yet maybe 4 (: ! #11 do yuu like mmr.lane ?! Crushh ? (x,1
YUQNP594,"""<user> more people have adverse reactions to aspirin than the #measles vaccine. #VaccinateYourKids <url>",2
GWYQYH4X,"Dear #AntiVaxxers: Whatever you're worried about, it's not worse than the measles. Shut up. Sincerely, Everyone",2
GLS147U8,<user> <user> <user> <user> <user> DeWayne is a #vaccine profiteer?,0
BEO8ID4F,can I please go to school in LA where people won't stare at me like I have measles,1
ZNLW6TUV,<user> <user> <user> <user> the keyboard is sweet. I have the non ultimate version and it raised my MMR by like 300.,1
3T0S2VQV,<url> Never has there been a safe vaccine and never will there be a safe vaccine,0
I1VNXMDM,<user> rhymes with insanity and again he has illustrated why: parents should have a choice to have their children vaccinated or not.,0
YVZ2IE4K,"So with the whole ""vaccines causes autism."" My autistic kid is gonna be a whole lot funner than your dead one. Just saying",2
L3KWSF7B,"<user> Uganda will soon hve parents arrested, fined, &amp; jailed if they choose not to have their childrn vaccinated. <url>",0
9125O5TQ,Angry Parents Opposed To Controversial Childhood Vaccination Bill Threaten To Home School Kids: Hundreds of angry… <url>,0
88PM12GK,<user> I added him and everything. He said it's the me mmr,1
67YGUFZ2,<user> you got the measles from Disneyland 😱,1
TGP40WGT,"The facts don't lie, bad/corrupt science in basic MMR vaccine controversy: great comic that tells the story. <url>",0
UCH8V9ZW,"Vaccinate kids. This anti-vaccination mov't is a risk to all! ""<user> California declares whooping cough epidemic. <url>",2
6W9NYYGX,I hope the MVP say he going to Disneyworld and not Disneyland lol fuck around and catch measles out there haha 😮😕,1
J6KP7WJS,<user> <user> I just watched the melon drop. It was definitely better than whatever Jenny Measles is doing.,1
0TKUG5WP,State lawmakers fighting school vaccine exemptions: One state could set the standard for mandatory immunizations in… <url>,2
57TZ5CF6,Niggas ain't bout that road life 😂😂😂😂😂 #MMR #BBoyEnt #teamfreepour #humblebeginnings <user> and… <url>,1
3BJ5P3QJ,<user> when parents choose to not vaccinate kids who are healthy enough to be vaccinated,0
BSLWSC47,<user> I thought they couldn't get measles.,1
87TY1H06,"Since there is an outbreak of measles in the country, it is always good to remember these signs and symptoms. <url>",1
QQUPZGTV,Day 2 ACIP/CDC meeting. New child adolescent immunization sched approved. HPV vaccination updates today.<user> <user> <user>,2
9XOJ5JFS,Parents speak out against House bill that would limit vaccination exemptions in state: In a committee hearing room… <url>,1
CTH4P6P6,"<user> I know kids can die, but I had measles, mumps and chicken pox around 1 year of age. I've seen what they can do to an adult.",1
IVEWDYET,zoe just told me to skip school with her to get vaccinated for whooping cough,2
N0X2V47U,"<user> Here I thought WHITE SUPREMACIST was disqualifying enough but, <user> vaccine conspiracy theorist HOLY SHIT! Completely nuts.",1
CYET894Y,Up to 50 Syrian infants die from faulty measles batch <url> via <user>,0
BJBARUTS,One person dies from a vaccine but you get in your car and risk much more every day of your fucking life. Get a fucking brain.,2
FTKXP8Z6,spoke this am San Marco rotary club. gift was donation in rethreaded's name allowing 20 kids to get polio vaccines <url>,2
3YIETOB0,"Let's not even bring up net neutrality or the fact that no one vaccinates their children! Let's all obsess over ""Left Shark""!",0
415,I don't support getting additional COVID shots for myself.,0
CTN7XBFC,<user> <user> if you guys don't vaccinate your kids they'll drop like flies,2
310,I'd rather skip the pneumococcal shot.,0
PXIAUJAL,<user> <user> that ain't good! U can get measles or some shit,1
JNI7688D,"This is preventable. The good news is, measles cases are usually not deadly. But imagine Polio... That's scary. <url>",2
13UVI7N4,How likely is it that you'll get measles? Depends on the vaccination rates of your community: <url> <url>,1
TI8UO4YU,"took my baby to get his vaccines, it was so heartbreaking. ):",1
MY2ZCTJ6,"Shots... its #bali time, baby!! (@ OSU Travel &amp; Immunization Clinic in Columbus, OH) <url>",1
MP8DJQMW,RT <user> The frightening consequences of the #GOP's proposed cuts to the CDC's immunization funding <url>,2
60NDGOPA,<user> what does me having any children have to do with reading research on vaccines and autism? Sorry your genes gave him autism.,1
BM4LMC26,<user> He didn't have the measles,1
WUF0CPHO,Fear free visits involve food. Mischief at baby food while we gave vaccines. #veterinarian #petcare <user> <url>,2
LAIML62C,Shocked when I walked into <user> practice &amp; asked if I had been to #WestAfrica. They are worried about #Ebola &amp; not #measles.,1
PWS3LUJP,AM-News : Infant male circumcision rates dropping in US but is 'equivalent to childhood vaccination':... <url>,1
4S5GOZX6,A week from today we will be performing an marching at Disneyland! #MMR #RoadTrip,1
PJWC8DQ7,“<user> Georgia confirms its first #measles case since 2012 - an infant from outside the country <url> nopeee,1
L56YA3F8,Ok I want to know who the politicians news or other officials are that recently bought stock in Measles Vaccines???,1
QNM5XFR2,"<user> <user> we r taking a beating in media. But vaccines can cause harm! After DPT shot my son had seizures, brain damage +#autism",0
TNF9623F,"WI Gov Scott Walker signed into law a ""Castle Doctrine,"" which creates immunity for one who kills/injures those breaking into their property",1
81,I don't want the hepatitis vaccine.,0
7UWWJF05,A2727 [NEW] Provides for conscientious exemption to mandatory immunizations. <url>,1
A2XL18US,Immunizations save millions of lives and Trillions of Healthcare Dollars Worldwide. Your rights end when your actions cause harm to others.,1
50E5I79A,"Blizzards, snow days and measles, oh my! This sunset makes everything else a non-factor! #beautiful… <url>",1
TDUG0SAO,"“<user> On average, people who complain live longer -- Releasing this tension increases immunity and boosts their health.” 😜",1
OEM9NMGD,Surgeon General: Vaccinate your children: Surgeon General Vivek Murthy gave a clear message today to parents about… <url>,2
EEFJ2FBP,California Legislators Introduce Bill Abolishing Parents’ Immunization Exemptions <url>,1
1Z9SGB1Q,"""<user> “<user> YASSSS “<user> AIDS vaccine created at Oregon Health &amp; Science University may""”"" LMAOOOOOOOOO",1
PV8WGLH0,AIDS N : Scientists Developed Efficient HIV Vaccine In Monkey Experiment: HIV remains one of the greatest health… <url>,1
8UM1H6ND,Immunizations for Africaaaaaaa! #needles (@ Department of Public Health) <url>,2
RIY6HC6M,"So my recently departed houseguest is currently being tested for measles. Vaccinations don't wear off, do they?",1
14FKBDJI,Associated Press Vaccine spray may not work for swine flu in kids <url>,1
KMQ5KG7Z,I do not understand why any sane adult living with a infant would not get vaccinated for Pertussis. Get a Tdap vaccine. Pleas !!!,2
85HYN8YR,病院実習行くのにMMRと水疱瘡の抗体を調べたら$550の請求が来た。 ((((；ﾟДﾟ)))))))自分で保険会社に請求しろと言われた。取り敢えず自己負担だね。,1
TQYKIVHC,"<user> Thank you for giving vaccination issue attention it deserves. People need to get kids vaccinated, for their health &amp; others.",2
85O4DJYB,Babies get all kinds of immunization shots. it is a shame they don't have one to keep them from becoming teenagers with an attitude.,1
3LK0T9X6,An EBOLA vaccine would be a great thing for those at risk! #TheDoctors,2
DDYHJR69,"It's natural for parents to ? safety of vaccines w/all the false facts out. Questioning is ok,&amp; research shows vaccines are safe &amp; necessary",2
BMVN27VZ,<user> wow. They're better off reading about autism on Wikipedia than calling off all immunizations and endangering their kids.,2
5EHS4WL1,"<user> Sadly,measles outbreak on east coast is due to parents not vaccinating their children. All diseases that R rare due 2 vaccines",2
AGLP68KB,NYTimes: Measles: Perilous but Preventable <url>,2
NZSF7LNB,"How can Coke profit if it is ""FREE"" to Mickey Measles Land? <user> <user> <user>",1
GZX4XXG2,"""Typically you want to get girls vaccinated before their first sexual activity"" So in elementary school"" -Dr. Skeelz",2
DAF18PGY,<user> Here is the method: Convince parents that they are putting their child &amp; others at grave risk for bad reasons by not vaccinating.,2
QNZPBEPO,"Fewer #measles, #pneumonia #diarreah deaths main reason for improved child survival since 2000 <url> <url>",2
DVKH8JCY,<url> my 15 day old son may have measles,1
WXC0EM79,<user> <user> <user> <user> Healthy teens R being injured by gardicil #vaccine,0
2LEWGWGW,<user> measles*,1
413,I'd rather not have another COVID dose.,0
HAF6MNQ7,You are the disease. We are the vaccine. You are the disease. Oh love is the vaccine. #myhearttofear,1
80,I don't support getting another tetanus shot.,0
ZI6JV5IO,Baby's Vaccine Day!,2
DPPQEP3E,Much much love to Ben Franklin HS for having us! #DeansLT #PickupLines #OnTour #Jennifair #MMR <user> <url>,1
GDOBQJTY,"As of 10:50am, 56 families have come through the clinic. Health District has administered over 80 vaccines. #kxly <url>",2
LHHJEC3X,The CDC seems to be demonstrating more gross incompetence with this meningitis story... That seems to be setting up another vaccine.,0
0ILU1TWD,<user> <user> hangover is like a disease. U have to build immunity. Lol,1
YHCGDDYC,.<user> Stop a virulent vocal micro minority from putting our kids at risk! Vigorously support <user> #SB277! #vaccineswork,2
7YIV2LXD,So who can help <user> land promote <user> 's MMR BBQ this year? May 20th. Simple flyers to make &amp; pass out. Who's up for this?,2
CM2MDE75,It's kind of intense watching <user> #VaccineWar with a baby. #HerdImmunity,1
PUSYP9W0,"<user> We just immunized them early. ""Yes, its is. Want another piece of the tasty cadaver?"". Both kids still like meat :-)",2
E3974FJ3,"AM-News : BCG-TB Vaccination May Be Delayed for HIV-Exposed Infants: ""The immunogenicity of BCG vaccination in... <url>",1
Z9MV6RJ9,My next team will consist of 5 7k mmr otaku who worship aisaka taiga,1
IJ5CEUSC,12 month check up/ vaccines 5 vaccines!!! 😢💉💉💉💉💉 my baby!!!! (@ Batta Pediatric Clinic) <url>,1
LSNRAQ2U,Free immunizations today at Children's Museum of Houston: The Children's Museum of Houston has teamed up with the... <url>,2
Y2WUSKVI,MT <user> Slate on Independent's 12 para piece BY Andrew Wakefield during measles outbreak MT <user> <url>,1
9MVLOTVA,NYS health officials on high alert after a college student with measles takes an Amtrack train from New York City to Albany #news12wc,1
5F7YROUI,<user> <user> In Garner.... none of that was the case... no felony.. officers can't claim fear for life.. no qual immunity IMO.,1
CHQQD29B,<user> Why? They don't vaccinate their own kids.,1
BVL563K7,i've been coughing all day and thanks to <user> i'm convinced it's polio/measles/mumps/rubella/hepatitis/rotavirus/pneumococcus,2
UUCYNF62,"<user> tonight you referenced ""measles parties"". They appear to be an unsubstantiated rumor. Please correct. <url>",1
MSOYMXWW,Thimerosal (mercury) and MMR stole my son. They KNEW. They LIED. #CDCwhistleblower #vaccinesNOVA #ObamaSpeech <url>,0
FH3HVKRB,Measles outbreak centered at Disneyland may be declared over Friday: The measles outbreak that started in… <url>,1
XKKHAQ8K,“<user> Many many people <user> & vaccinations. Something must be done immediately.” let's roll up our sleeves & do it! Im in,2
3DQ1VBHV,First case of measles reported in Massachusetts: The first case of measles has been confirmed in Massachusetts this… <url>,1
M7JKJN82,"“<user> The Rand Paul said that parents should not be required to have their children get measles shots. #CantStandRand!"" Anti science",2
L9MHIU9N,<user> MMR shots failed always blame unvaccinated and push shots $$$ truth: shots don't work,0
K3Q6K277,It definitely causes brain injury “<user> What if defending anti-vaccination beliefs causes autism?”,2
66RBXKJM,What the fuck school better be cancelled what are we a fucking third world country get your vaccines you morons they don't cause autism,2
582,I'm opposed to getting travel vaccinations.,0
6BQJDAJJ,"<user> Evan, I don't know. I would always vaccinate any of my kids, but look into it, loads of kids aren't.",2
JHYQGFIV,"""Instead of focusing on a healthy diet to improve the immune system, just take our vaccines so we can make money off of you!"" - the CDC",0
XF4A1WHQ,“<user> Texas Megachurch that Preaches against vaccinations At Center Of Measles Outbreak <url>,0
CAD2Y40G,"Dr. and Senator Richard Pan reminds parents of the importance of immunizing children, especially with current measles outbreak.#PTA4KIDS",2
OZVAFCWB,"I hope you all get the measles, fucking registering, wait room was a fucking joke. Eat shit <user> #ComicCon2015",1
HVXIFKV9,"“On average, people who complain live longer -- Releasing this tension increases immunity and boosts their health.” Ima live forever👌",1
LVOMACTL,LIKE WHY THE FUCK ARE PEOPLE NOT VACCINATING THEIR KIDS ?!?!?! I DONT GET IT &amp; IT PISSES ME OFF !!!,2
U7IQGV7P,Measles case reported in Central Indiana: State health officials confirmed a case of measles in Central Indiana... <url>,1
BHVF3JA4,"#sedgwickcounty health director: hospitals @ capacity, many reports of #influenza. Encouraging ppl to get vaccinated <url>",2
XBF5G7YA,Time to get my second MMR shot for college #hateshots,1
KAHIDPB5,<user> <user> <user> <user> <user> Breastfeed as long as ucan &amp; VACCINATE your kids. Dead diseases aren't really dead,2
8S6RQKLE,Most of the 288 measles cases this year have been in unvaccinated ppl or those with an unknown vaccination status <url>,2
UPPJ4V4L,Measles and Ebola? That's what happens when our president weakens our borders and lets unvaccinated people into our country,2
WATOUKSL,Flooding Ya TimeLine 😘😘😍 @ MMR Studios <url>,1
SYM6DZSM,"""<user> Kid asked -If yr vaccinated &amp;I'm not, HOWam I a threat2u? #CDCwhistleblower.. <url> AGREED ProudlyUnvaccinated",0
I2Y8VFJJ,"""The way God intended"": California parents are having 'measles parties' instead of vaccinating their kids <url> via <user>",2
BWQLOXIR,<user> the measles is in Disney Land. Luckily I'm at Disney World lol. But Disney is a Petri dish 😷,1
V9X4ZPIO,<user> mmr ain't worth shit i heard they don't pay good &amp; no per diem,1
VTJ7SNQ1,#Measles outbreak growing; at least 102 people in 14 states infected: <url> - <user> <url>,1
5Q22T6GW,Read between the lines madhatterdc #mmr #like4like #followme #connecticutave #dupontcircle #eyechart… <url>,1
KAZGBLYJ,Check out this <user> episode <user> 🖖🏻 FDA NEVER?! tested if mercury in vaccines responsible for this? <url> WOW.,0
GR0OPTU9,"Student filmmakers find themselves drawn into the vaccine/autism fray: Student filmmakers, fro... <url> #Carlsbad #News",1
TN5RX485,Looking for childhood immunization records for grad school: Reminds me how nice it is to hear a british accent on customer service,1
EI10PS46,<user> your ignorance on vaccines isn't just dangerous to your innocent child but to others around you. Shame on you.,2
WUEP5ZVO,"No but really, please vaccinate your kids.",2
78350YNE,"Dumbasses, measles outbreak. <url>",1
IYZVEQD4,Couldn't get my schedule cause I'm missing a vaccine. Schools already pissing me off.,1
205,I'm saying a firm no to the COVID vaccine.,0
2UVRJ119,"<user> <user> <user> GOP calling for more screening by CDC and vaccines should not have cut CDC, NIH, FDA budgets..",0
WY4ZDSXZ,<user> <user> <user> that's like saying you shouldn't give babies vaccinations bc they're too young to consent,1
0UEXAYC5,<user> go to Herbert Lehman high school tomorrow to get vaccine. Good Luck!,2
0XHNR5TS,"<user> Non vaccinated people can still put children at risk. Not all vaccines are given at once, some given at 6+ yrs.",2
S7I6OG7B,GOP: Defending Your Freedom to Get Measles and Not Pay For Your Own Medical Care #NAME? #p2 #UniteBlue,2
EIJHSE4S,Measles Makes a Comeback in U.S. as 222 Cases Reported in 2011 via <user> <url>,1
8EICM6JG,#measles is contagious. We have a vaccine. The anti vaccine crowd doesn't seem to remember how kids suffered &amp; died. Remember polio?,2
8ILZ2NQR,"Always a fun time getting vaccinated for #school #collegelife #sarcasm. Circle circle, dot dot, I've got my cootie #shot",1
FJSFHECT,Frisco ISD to Offer Back-to-School Immunizations <url>,1
P238P0J1,Look up the vaccination rate for your NYC or NYS school. <url> via <user> <user>,2
IPI522H8,#MMR #Flu #HiV/STI #testing #pac @ Hunter College North Building <url>,2
GHVBJ691,<user> I understand people hate the speed of immunization when kids are so little but people need to immunize!,2
MENM6ZAU,Hey man do your research!!!! The worst part about measles is it can make your kid look Irish. <user> <url>,2
5TQ9GMTR,<user> vaccines doesn't cause autism! It happens in the womb &amp; it's a combo of genetics &amp; environment. Please read the research,2
86,I'm not interested in getting vaccinated against hepatitis.,0
VYSIP22V,Forever showing off my immunity to poison ivy to people who get rashes easily lol.,1
518,I don't support getting vaccinated against pneumococcal disease.,0
SCPG5AMD,"Welcome development against vaccine preventable diseases** ""<user> Cross River Introduces Pentavalent Vaccine <url>",2
JUAZ4D4W,"<user> So, u agree that, when it comes to public health, vaccines should be mandated. That's the point of ur Tweet, right?",1
749HUGXG,Cause 2night is the Night... #EazyBash #BlackOnBlack #Erything #ItsShowTime #Venue #MMR… <url>,1
X5KWRCK9,"Less BC more measles? ""<user> Cld #HobbyLobby go beyond #birthcontrol w/ employers objecting to #vaccines <url>",2
DETBGOQ7,Vaccination is torture because it involves needles and needles are scary. Don't torture your kids. Stop vaccination.,0
AM0X8RWV,"Free TDAP vaccinations TODAY for residents impacted by flood: • Ilion Municipal Building, 9a &amp; 11:30a • Owen D Young School, 1:30-3:30p",2
ZF8RRKM6,“<user> CDC considering recommending HPV vaccinations for boys <url> hmmm,2
63R7S0A3,Yes they are. Especially since they think vaccines are poison but bleach is ok“<user> <user> holy shit. Those people are insane.”,2
WN73MQPZ,<user> <user> <user> Injuries &amp; death from #HPV #vaccine Here's 1 article out of many from a simple Google search <url>,0
S0EH5YAT,"Dixie and Junction - rollover crash moments ago, info via Saginaw County 911. MSP and MMR responding.",1
MGCNCJR6,MEANWHILE AT DISNEYLAND. #DISNEYLAND #FUNNYSTUFF #LMAO #MEASLES #MIKEYMOUSE #MINNIEMOUSE #DISNEY <user> <url>,1
GYQBGR69,The first child diagnosed with #measles visited the Port St. Lucie Civic Center on April 9 at approximately 1:45 p.m...,1
0ADJXYEC,WHO THE FUCK HAS MEASLES?😷😡,1
NOX606G4,"When I hear about un-vaccinated kids walking around I have the urge to get a series of rabies shots, and buy a garlic crucifix.",2
4VNLUUVA,“<user> Our thoughts are also with the measles-ravaged country America. I hope we are screening them before they come to Africa.”,0
3WC0B8AG,"<user> Stop it! MMR leaves NO scar, period!!! It is a simple injection . No cluster. Given at different time #GetYourFactsRight",1
AZUX1FLL,Why are we still talking about people not vaccinating their kids when there is a crisis going on?! No more Dr. Pepper Bonnie Bell Chapstick!,1
543,I'm opposed to getting another tetanus vaccine.,0
FUTVA0PO,Measles is on a comeback it's been the worst year in the last 17 why the resurgence? failure to immunize immunizations is down to 57 percent,1
0GYLUVQ2,"For example, Bill Gates himself said the world population needs to be controlled, they gave defected vaccines to thousands African children.",0
FC77MGTL,"This is what happens when we listen to celebs instead of educated, knowledgeable practitioners. #unwise #measles #getyourkidsvaccinated",2
VVAUZNW3,Awww Baby girl woke up with a fever. Long night for mommy and baby #fussybaby #immunizations,1
XUH9M4DL,<url> Could measles outbreak hit the Super Bowl?,1
XCEK1DWL,She told me she loves me and to have a gd night now I can sleep in piece ily MMR,1
KIVPDKXB,Good to know that the same person sharing the healing power of crystals also thinks that vaccines cause measles because #science.,2
FH121IF7,"Now hiring: Infectious Disease Vaccines - Late Stage Discovery - FF & C Management - Baltimore, MD <url> #jobs",1
523,I'm opposed to meningococcal vaccination.,0
HPNH7D2N,hey everyone if you have a kid shoot em up with vaccines. we ain't tryna die of some shit that's preventable ja feel,2
42,I'm against getting the shingles shot.,0
245MGZAO,Third MMR Dose Well-Tolerated During Mumps Outbreak -Medscape <url> #UniversityVillage #NewYork #NY,1
JFFM34KT,You all are spoiling your kids by giving them immunizations. A child needs to know what rickets feels like!,2
Y5DYKI0W,<user> unless Jenny McCarthy writes a book entitled: I'm sorry I helped spread whooping cough and measles.. <user> is better,2
0BRFQ0M3,"Perspective MT <user> Ebola has killed fewer than 5,000 people...ever. Measles killed 122,000 in 2012 alone.",1
GWTA0D2J,Benefits of music - stress relief - boost immunity - reduce heart disease - enhances emotional strength - boost self esteem.,1
RLXN52O5,<user> That's all I can pay attention to lmao. 😂 but thank God we know vaccines don't cause autism. 👍,2
LT6PHQRD,CDC: Flu Vaccine Least Effective In A Decade <url>,0
ES0NVFK1,"""I cannot go to school today, said little Peggy Ann McKay. I have the measles and the mumps, a gash, a rash and purple bumps."" <user>",1
513,I'm not willing to have the pneumococcal shot.,0
R7TVTO6N,"HPV vaccine myths put health, lives at risk, say health leaders: Airing the facts <url>",2
1RQYE1K9,"""<user> <user> Shiiit I got my shot.""the stupid ignorant disease is spreading get vaccinated",2
580,I'm choosing to remain unvaccinated against hepatitis.,0
PVZAMTH5,<user> Parents of unvaccinated children should be thankful to the ones who do. Parents who vaccinate are protecting the unvaccinated.,2
BHE8WIZM,#burgshit <user> x richardsonshelton #bliss #metro #ionplaydaradio #MMR #BBoyEnt @ Bliss… <url>,1
FEA4TH9R,HB71 [NEW] Providing for hospital care or assistance necessitated by traumatic injury immunity. <url>,1
XS28EO7L,"Important for hesitant parents ""<user> JAMA Pediatrics | Delaying Vaccination Is Not a Safer Choice <url>",2
056Y26SH,Listening to <user> : Philosophical exemptions to vaccines are truly fear exemptions. #vaccineswork #aap12,2
EB6LQ9SE,"RT <user> The Wisconsin measles alert began with a flight from Malaysia to U.S., the CDC says <url>",1
SAOP9YY9,you know what scares me the most? immunity to outbreaks and never falling in love.,1
L8EXPC2J,<user> <user> <user> <user> you know what's worse than ulcers. Smallpox. Polio. Measles.,2
Q0J7C1KO,"Media Sweetheart Paul Offit’s Vaccine Lies Deconstructed: Mind-Blowing Interview, Dr. Suzanne Humphries <url> via <user>",0
C1G89XXL,These illegal aliens flooding our borders will be in our schools by September. Our kids go through a series of vaccinations. Will they?,0
73OT6RM1,<user> measles for everyone!! 😷😷😷😷😷,1
CJULJ65Q,Measles journey highlights risk to unvaccinated kids: A measles outbreak in Minnesota offers a case study of how... <url>,1
JBV3A3KF,"Dear parents, you are being lied to. <url> via <user> #humanism #autism #vaccineswork",2
H9CH4U03,This dumb bitch basically tried to say hand washing will defend against the diseases vaccinations prevent. I hate ppl.,2
4M3JYKNP,"<user> I'm 58 so I'm of the age when measles, mumps &amp; chicken pox were all experienced firsthand between 5 - 9. I still recall 1/2",1
SURTANBM,These high-tech immunizations fight disease without needles: <url>,2
B37X1HOC,CDC: Highest number of U.S. measles cases since at least 2001: (CNN) — The number of measles cases in the United... <url>,1
J5TVC3XM,<user> IMO It's fine if they don't vaccinate their kids but I would want to make damn certain that their kids aren't anywhere near mine,0
OGHHELLE,<user> VACCINE INJURY IS REAL. STOP BEING A SHEEPLE #CDCwhistleblower,0
OUEHB8OA,NY state advises non-immune after train rider gets measles <url>,1
7XNPWE7K,"<user> ""If that kid lived with me this wouldn’t happen;” ""None of this would have happened if you had skipped that vaccine;”",0
INJDXP9X,CDC: Many U.S. Adults Not Getting Key Vaccines: Many U.S. adults are skipping recommended vaccinations that could... <url>,1
CZ4RUXE9,We have the power to prevent disease. But we're not using it. Learn about vaccines. <url>,2
32,I don't want the MMR shot.,0
683NG5M8,Let's send the measles to ISIS via illegals in US,1
YWKN3K9S,"#Ebola Ebola: Affected countries are likely to have a measles outbreak, US researchers ... - Pulse Nigeria <url>",1
13,I'd rather skip the flu vaccine altogether.,0
D02HEAED,<user> yeah any parent not getting their kid the proper vaccination are foolish parents.,2
01IF2DJN,Yes! It's a #cancer vaccine!!! MT <user> A #cervicalcancer survr urges parents 2 vaccinate kids against #HPV <url>,2
449,HPV vaccination isn't something I support for myself.,0
KQGB9LP1,Via <user> Immune amnesia...Scientists Crack A 50-Year-Old Mystery About The Measles Vaccine. <url>,1
1QRD278U,<user> oh good lord maybe you have the measles like me. Feel better bby 😭,1
549,I'm firmly against getting another tetanus shot.,0
306,I'd refuse the pneumococcal shot.,0
WHEIMM1M,"<user> <user> k viene siendo..measles, mumps, o rubella?",1
V80S6YDH,"<user> I applaud and hope her children, innocent victims of her anti-vaccine ignorance, don't suffer heavily from the sickness.",2
2G8HSI22,<user> <user> I'm a nurse and I can't believe people don't get there kids vaccinated this is clear proof that it is the thing to do!!,2
YFD00A8K,<user> not with the measles spreading around over there 😥,1
DYCQLPZO,<user> Isn't this a HIPAA violation? My child's Dr.wouldn't fax over a signed form to sch. but itunes/icloud can save med. info!,1
5VVXFCWQ,Epidemiology tidbit: the Coolio vaccine successfully eradicated the public health menace in 2002.,1
286,I've decided not to get the shingles shot.,0
6RL4C8N2,Yup health services was all screwed up. But Finally done with my rabies vaccination 💁 for 2-5 years,1
IRJ2VTX8,"Love is like the measles, you only get it once",1
OCGGTDUK,MMR vaccinations (actually this is specifically for dipshit OC yoga latte moms) #VACCINATEYOURKIDS!! #RejectedHalloweenTreats,2
XYSSLFWV,"<user> maybe your son is autistic because you did a shitload of drugs in the 90s! Don't blame vaccinations, when it's YOUR fault!",2
CD3TB7T3,Vaccination rate leaves Miami-Dade at risk <url>,1
PMW2MBG4,"Two new cases of measles hit city: Two new cases of measles have been reported in the city, raising the total... <url>",1
XVHYPP4R,“<user> My children will not be vaccinated.”🙌🙌🙌🙌🙌,0
ZMK5GCX1,Two cases of measles in Northeastern and Central PA. How common is the disease now &amp; is vaccination enough? <user> <url>,1
KX9X75BO,Jennifair bizarre video Paranoia Consumes screen shot. Produced by Drum. #MMR <url> <url>,0
4IL5BB74,4yo MMR/chickenpox booster: achievement unlocked. @ Noe Valley Pediatrics <url>,2
0FRKUYUE,Anti-vaccine mother changes stance after children become severely ill <url>,2
LOIWR9C3,Learning about Vaccine &amp; Medicine safety network for screening exposures in pregnancy #CDCGrandRounds #FriendsNCBDDD <url>,2
RA3I14D2,A big thank you on behalf of measles to all the dummies who don't immunize their kids,2
Q3U4NX0B,"There have been 7 confirmed cases of measles in north texas this year, including 2 active cases now in Tarrant co. <user>",1
0ZVAIC5L,AIDS : Children with immunities may be key to HIV treatment: Oxford scientists are calling for further research to… <url>,1
IMDP3XDT,This is why you shouldn't vaccinate your kids <url>,0
XSFK6BVM,"RT <user> Can I get a ""personal belief exemption"" to keep your non vaccinated kid out of my school? #vaccineswork",2
Y57DZH1R,"""<user> Nationalism is an infantile disease. It is the measles of mankind.""",1
Y2G7CWBW,#roalddahl doesn't want your kids to die from being #un-vaccinated. He prefers they be murdered inside a loney recluse's chocalate factory.,2
27J1ZUGO,"No, seriously. Don't vaccinate your kids. I mean, LOOK AT HOW CUTE THESE TINY COFFINS ARE! <url>",2
WZCWMV1U,"MMR booster...um, yes please?! #teacherssecretlives #firstgraderocks #universityelementaryschool… <url>",2
8NZUPQH5,"""<user> ""They don't tell you how many people die from MMR!"" Shut up <user> seriously. <url> idiot!",2
11,The flu vaccine isn't something I want to take.,0
3D4VIQZW,Wrote 2015 as part of the date only to open then Internet &amp; discover we are back in the 60s with a new Harper Lee book &amp; a measles outbreak,1
T6ASKZCQ,<user> one of our local friends was infected with measles as a result of this incident.,1
TGIJ0OQ1,<user> Amazing -we have anti #cancer technology. Heartbreaking-people are scared away by misinformation #HPVvaccine #vaccinesNOVA,2
KU8LO3WT,Don't think just cause you got the flu shot your safe from getting it. I got the vaccine in September and am now suffering with the flu,2
H4B7XFHB,“<user> And in the #HaveYa'allLostYourMinds news ... Measles parties? Ugh. <url> Should be charged w/ child abuse!,2
AKOZ5Q1A,"When I was born MMR vaccine was still a dream. I had all the childhood diseases plus scarlet fever &amp; survived. Thank you, Jesus.",0
WG1H4W48,<user> jude's character is relevant-- just like Jenny McCarthy is going around telling people not to vaccinate their kids...,0
JHFIXV0O,“<user> Illinois measles cases climb to 15 <url>,1
KLNYMAPW,Getting our immunizations for our trip to Bolivia. Staring to get excited ! (@ Kent County Health Dept) <url>,2
BESZHCRN,<user> unfortunately kids die from preventable accidents and diseases for which we have immunizations. Prevention.,2
3VVX6EP2,Measles is the 4th most common cause of death in kids under 5yr worldwide #ACEP14 #vaccinate!,2
WZZ5DOPD,".<user> .<user> .<user> Thousands of people have been compensated for vaccine injury including death &amp; yes, autism. Too many.",0
3ASFIH3T,"<user> <user> <user> <user> what, they can cure male pattern baldness, but no vaccine for this? Think of the children!",1
4T8YLHGA,Am I supposed to feel bad for denying a play date with a kid I know isn't getting vaccines? It's not like my 1yr old cares. #mommyproblems,0
1QU492WL,vaccinate your damn children pls,2
XVUKGF57,"District of Columbia Confirms Second Case of Measles in 2015: Tuesday, February 17, 2015Today, the District of… <url>",1
HM43XJI8,<user> what!!?!?! I thought kids get a vaccine for that!?,1
RJOE6T02,BBC News - Nigeria polio vaccinators shot dead in Kano <url>,1
N9M0S722,Weird. I thought Ben Carson (conservative) just said all kids should be vaccinated. Sigh... <url>,2
XDH771GR,"“<user> <user> <user> <user> <user> thats nice..measles can be overcome"" not in babies and pregnant women",2
U0L8EIMV,I was there MT <user> 61yrs ago today mass inoculation of kids began w/ Salk polio vaccine. Spoiler: It worked <url>,2
3YW6DMOG,Lack of full-time #schoolnurses a factor in recent measles outbreak. <url> School nurses also reduce number of exemptions,2
7955EOD4,“<user> People who complain live longer. Releasing tension increases immunity and improves overall health.” 🙋,1
9MCE74P5,Vaccinate your kids!! Holy,2
215ODCPC,<user> <user> that's insane! The risks of the child contracting measles &amp; dying is far worse than the risks of vaccinating.,2
XRH3PYZN,Baby elvisenglishbulldog at the vet getting his rabies vaccination. #GoodBoy @ Stratham-Newfields… <url>,2
IU2PIA90,Marching band has definitely begun! Gonna be a great year! #MMR #UTEP,1
9ACY6QFW,when u get all fly to do to disney land but they having big measles outbreak :/ <user> <url>,1
PGQKLWRF,AMERICANS killed by police since 8/9/14: SIX AMERICAN killed by measles since 2005: ZERO,1
AK3X6CBZ,New case of the measles reported in King County; where you may have been exposed: KING COUNTY — Health officials… <url>,1
ZMNX7JQP,"“<user> On average, people who complain live longer -- Releasing this tension increases immunity and boosts their health.”I always complain😏",1
439,"No thanks, I'll be skipping the influenza vaccine.",0
XN3MOQBT,"Ebola is just like SARS, West Nile, Swine Flu etc. A sensationalized scare tactic orchestrated by the government to make money/vaccinate us.",0
IKCDWFAI,"<user> tell his kids to get vaccinated, best tip ever",2
S968WLZ2,Skulls &amp; Stuff #mmr #dj #dc #livemixing #serato #dupontcircle #madhatterdc #music #rod #photoshop… <url>,1
JAVB3NEQ,"RT <user> Lies about vaccinations kill people. If you treat anti-vaccination people as credible, you are helping kill people.",2
BII38JZU,Many of those reactions occur YEARS after taking the vaccine. Some kids have bad reactions but it's so rare <user> <user>,1
JILK6OUB,Just vaccinate your kids. And yourself. And at least do your research before arguing. <url> <url>,2
CTTG9HUK,"""<user> Ohio measles outbreak adds to 18-year high <url> absolutely ridiculous.",1
RE4YLV4S,AM-News : Many Americans believe widely discredited health conspiracy theories: Is there a link between vaccines... <url>,0
UBE9VYE8,<user> we discussed the importance of women getting pertussis vaccine during pregnant to protect their baby from whooping cough.,2
X0OQ27WF,If my kid gets measles or some shit bc y'all crazy bitches aren't vaccinating your kids I swear to god I'm coming after you.,2
WJMTT92O,"<user> because they're fucking stupid, not taking vaccines and believing every conspiracy theory out there. Ugh I'm mad now",2
7BET4YHP,Is it bad that I can't wait to go to work to giv badass little kids there immunizations :))),2
BEKDDH5H,New Vaccination for Children Required <url>,1
P3PPGB8H,Governor Signs Controversial Bill Requiring Vaccinations For Public School Students: California Gov. Jerry Brown… <url>,2
UEZKC0O3,Getting shorty updated on her vaccines #preventativehealth (@ Metropolitan Pediatrics - <user> <url>,2
SY0NZAJY,HB1902 [Engross] Motor vehicles; providing civil immunity for removing child from motor vehicle using forcible en... <url>,1
4EG7BRJU,Gr8 2 know I live n a state #1 in meth labs. Well that makes me feel safe. even better there's bad flu vaccines too? I may as well stay home,0
H0AOWY84,Well done in sharing common sense &amp; sharing science about the measles outbreak <user> <user>,1
56462JDP,California Legislature passes strict school vaccine bill: SACRAMENTO &gt;&gt; California lawmakers have passed a… <url>,1
FOP5BYEM,10-Valent Pneumococcal Vaccine Highly Effective in Infants and Toddlers. <url>,2
PEBBTNPI,VACCINATE YOUR GODDAMN CHILDREN.,2
U66J47OD,"No longer worried about jinxing it. I had almost no adverse vaccine reaction! :D With how sensitive my health has been, this is a treat. 🙌",2
OZW04IAQ,"LMAO. I'm seriously not even Jewish, but have fun catching the measles and hating the jews. <user> <user>",1
482,I don't want a shingles shot.,0
X395L0MJ,California just signed one of toughest school #vaccine laws in the U.S.! <url> #ScienceWins #vaccineswork,2
XPXO32ZB,"like you can google what measles are, why are you asking the nurse?! 😂😂",1
335,I'm saying no to meningococcal vaccination.,0
Q6W1WQ10,Inconvenient truth behind vaccinations and autism link. #idiots #justsaying #SisterPatriots <url>,0
2HAPDO1G,Anti-vaxxers must be cheering the #TNLeg vote on #InsureTN. Fewer people with health care = fewer vaccinations = more sickness and death.,2
Y5G6XZVF,Students may have been exposed to measles at Orange County high school <url>,1
DQ5E06FA,"I think the song ""read a book"" by Dmite needs updating to include a line about vaccinating your kids.",2
XA4PE05B,#VaccinesNOVA -so glad Allison shared her story about autism. It is so important for parents to hear that it is not caused by vaccines!,2
66IHP37V,#GFE #MMR IS BACK <user> 4 #POPTHATTUESDAY I MEAN #WHYNOT W/ <user> <user> <user> <user> <url>,1
8KHGA9NF,w/ <user> #NoDaysOff #RRR #MMR #SRT10MG @ Quantum Beats Studio <url>,1
W71GVPKE,<user> so your full time at mmr?,1
KZTDGOBD,"""<user> Chlamydia can lead to blindness, infertility and death among koalas. Luckily, a vaccine has been successfully tested.""awesome",2
IM888TGJ,"<user> <user> <user> bad science raised unfounded suspicions re vaccines, esp 4 children &amp; young adults. Hope truth wins.",2
H1WE36NP,HEAVEN EXISTENCE OMNIPRESENCE CELESTIAL GARDEN SOCIETY™ CAMPAIGNING TO BEGIN DISEASE IMMUNITY AND END EVIL OMNIPRESENCELY FOR ALL TIMES,1
AFHMCPE2,Tuning in to the premiere of the #VaccineWar on <user> Watch with me here: <url> #health,1
2E3XSDAR,Pa. senators propose criminal immunity for kids involved in sex trade: State lawmakers are following up last year's… <url>,1
UW7WBTCF,"#kot, vaccine is the greatest public health innovation in the history #kenya, #nairobi, #publichealth, #publichealth",2
R18GB05Q,"Measles cases hit a 20-year high, CDC says <url>",1
260TCNJO,This is my vaccine-injured daughter: Lost in all of the recent stories about a spike in measles cases are many... <url>,0
EKDYW0FQ,Well this explains it! All the morons posting on Facebook about measles and ebola! <url>,1
Q60RWEDV,CNN: Mom: Family that refused vaccination put my baby in quarantine <url>,0
MMZYH171,"Honestly, I wouldn't vaccinate my children either. That's what I pay the doctors for. #reasonstonotvaccinate",0
4NQA1L0M,"""You know you're a 90s kid when your vaccinations were mandatory and no one in your class got measles""",2
136,I don't support the idea of vaccination for myself.,0
AOVZA0I0,<user> they are more dangerous to overall society than 1 individual with Ebola. If they prevent their children from vaccines=child abuse,2
489,I'm firmly opposed to the shingles vaccine.,0
GFT6ZDV5,"""I don't believe in vaccinating my kids, but I get my dog it's booster shots every year""",2
OCIGUXDX,BART Riders Warned of Possible Measles Exposure: Contra Costa Co. — BART riders are being advised that they may… <url>,1
KUD17GT5,"SCCtApp construes residential ""stand your ground"" immunity to exclude killing of invited guest <url>",1
G4D9LJIH,"Indexing Chicago Death records from 1905. Measles, cholera, diphtheria, pneumonia, especially kids. #vaccineswork so do antibiotics",2
UH1NQNMJ,.<user> talks with <user> about the importance of vaccinating your children on <user> this morning. <url>,2
HFH80KGJ,"disease/vaccinations, terrorism/war, crime/punishment, etc.",1
T6DTBCLU,Free Immunizations for Children Offered <url> via <url>,2
MV3JJJY5,Having to talk an adult man into getting basic vaccinations is my biggest film school struggle yet.,2
8EIN091C,Immunization Clinic 4-6PM. Come joins and get your immunizations up to date. (@ West Ridge Middle School) <url>,2
Y7WNVNLZ,I really hope I have my measles shot,2
EW36A1KU,<user> I used MMR for a few months but went back to <user> after getting a better phone. GPS uses up battery in general though.,1
RTCA8PJS,<user> <user> <user> what a question! Of course they do! Booster vaccines never hurt. #nostupidity #measles is the new #Ebola,2
30CJJCGP,Sublime on MMR. Yes.,1
594HQODG,"UPI: Disney measles outbreak grows to nearly 80 in 7 states, Mexico. <url>",1
EU7VG481,"New <user> X <user> ""Come Over"" #ManyMenRecords #MMR #NothingButHits 🔥🔥🔥🔥 Link in… <url>",1
YQHMPQMM,Health Officials Confirm 11th Measles Case in Cook County: Cook County Health Officials on Wednesday confirmed an… <url>,1
XAICHIUP,"#VaccinateYourKids and save lives. It is not a personal choice, it is public health. <url>",2
Q1AO18C4,So apparently a bunch of <user> players missed the MMR booster shots? #mumps,1
394,I've decided against getting the vaccines recommended for my trip.,0
VDURWBG3,#WCW <user> <user> vaccinate your fricken kids people! Great message. Everyone watch!,2
GA1GFO0F,“<user> Gates Foundation pledges $1.55 billion to immunize poor children <url> <user> #wowzers 👍,2
MXJ5ILNB,"""<user> Modified measles virus kills cancer in early clinical trial <url> amazing",2
KG0M8UP0,6 Myths About Vaccines — and the Truths Behind Them <url> <url>,1
DF9NC7V8,"Jenny McCarthy is crazy for her stance on vaccinations. Vaccinate your children, dear god. <user> #dailyshow #vaccines",2
CI0H0TUW,"If Apple wanted to change the world, <user> would only allow new cool Apple stuff to those who have been vaccinated for childhood disease",2
QRCFLAVE,<user> <user> Thanks! Perfect for Health Promo class - immunizations is topic next week.,2
8P0R2S1A,<user> oh did u see the tweet abt aborted babies in vaccines geez,1
2904XV9G,Why the hell would they try to use a dead rabies vaccine for a cure. That sounds like a zombie formula to me. LMFAOOOOO,0
6I4YB3F2,JUST IN: Another measles case confirmed. Exposure areas include parts of Pinal/Maricopa County. <user> <url>,1
ZN7U75H2,New Case Of Measles Reported At Santa Monica Infant Toddler Center <url>,1
7H0XTVEI,Full House Tonight madhatterdc #mmr #unclejoey #unclejesse #michelle #dj #dannytanner #kimmygibbler… <url>,1
H1ZGCMBQ,People that say unvaccinated kids are going to make their kids sick are announcing their distrust in vaccines.,0
4GWYDZG2,"Every time I try to put on 50 shades of yoga pants, I get the measles. #thelightersideofrecentcontroversies",1
7UZJ0V66,"If you are a vaccinated parent of unvaccinated child n they get measles, is your fault, plain n simple n you are a bad parent! #badparent",2
CRS284RM,People getting vaccinated thinking they safe are just getting infected with Ebola..,0
0KZIJXB3,"If you're pissed The Patriots won the #SuperBowI, at least take solace in the fact they might catch the measles at Disney Land.",1
M9YXRJDD,You should not vaccinate your children unless you are absolutely sure you love them.,0
BFPU0G8K,Our open borders are the porous membrane that human immunity diseases penetrate in order to commit genocide. Infect them back.,1
SU6274IZ,Grossmont Clinic Closes After Five People Show Measles Symptoms: The Sharp-Rees Stealy Urgent Care Clinic was shut… <url>,1
381,I don't want any vaccines for my upcoming trip.,0
H5PBEMIZ,"#fludelta <user> <user> If you’re so concerned about safety, stop running potentially deadly anti-vaccine ads <url>",0
4KAK1RIO,"French topics Have you all gotten your measles vaccines?"" no we don't actually learn French",1
WB4MKYGI,Elissa's #immunity juice from #erewhonmarket #LA. Contains the new hot ingredient #turmeric!… <url>,1
3HESICPC,Vista clinic cleared of measles exposure: A measles outbreak continued to affect the San Diego region Monday as… <url>,1
0CMWA0LK,RT <user> Measles warning issued in Connecticut <url>,1
7R266Z2R,Because God forgot to create our immune system. In the CDC we trust. NOT. #SB277 #vaccineswork #CDCwhistleblower <url>,0
AU40AD91,Just pulling into Disneyland! We put a sign up where you pay for parking. Sign read NEW MEASLES OUTBREAK! #Nolines,1
FNNJOXHP,"<user> exactly what happened to my daughter, encephalopathy from vaccines, autism, but we got SHIT. No one even believes us.",0
73ZCO0Q1,Thanks Mont. Twnshp. PD for taking care of MMR. We're dog-gone lucky to have you! <url>,2
ZC63FQIO,Vaccinate your kids y'all!!!,2
GIOIY0CA,"Before scoffing at 3rd-world reactions to Ebola, remember that 1st-world people aren’t vaccinating their kids and measles is a thing again.",2
7T36YO61,"“<user> As measles rises, doctors drop anti-vaccine parents.” Including Ms Jenny ihope",2
H5OB3XY4,San Antonio to host research conference on infectious disease and vaccine development: The Vaccine Development… <url>,1
3BDVI80J,There's a simple way to decrease the number of parents who choose not to vaccinate their children <url>,2
MOLM2OT9,<user> a simple way to decrease the number of parents who choose not to vaccinate their children <url> nice take,2
338,I'm avoiding the meningococcal vaccine.,0
HVVYSTHV,Panthers got the measles and they miss the playoffs...don't get the measles and miss the playoffs. #duckslifelessons,1
0VXI2LEM,Isn’t it interesting that public health officials never promote the various proven ways to avoid the flu other than through vaccination?,0
SAKM4PXD,It’s back-to-school time. Which vaccines should your child get?: Concerns about vaccinations are common. But… <url>,1
H628H2HG,<user> you can sleep when your dead,1
YUO8ITGG,<user> is hitting all the hot buttons tonight!!! FERGUSON! MEASLES! #SCANDAL,1
I2DLGDYC,"LOOK! #HIV #research - MT ""<user> Reevaluating HIV Vaccine Clinical Trials Policy for Infants <url> HT <user>",1
3VNT89RM,<user> <user> Would you still stand in line for the measles and misinformation? <url> #vaccine <user>,0
103,I'm completely against vaccination for myself.,0
MRK564GY,"Rand Paul says ""the state doesn't own your child,"" re: vaccinating. No, apparently they just own your uterus. #IAMTHEHERD",1
9TPVUVKY,Suspected measles case linked to Paradise Valley school: The principal at Kiva Elementary in Paradise Valley sent… <url>,1
SKRSP56M,6 more California measles cases tied to Disney outbreak: California health officials confirmed that six new measles… <url>,1
JDC52QVU,"Hey #pharmacist do you tell customers about vaccine risks, like death? #VaxTruth #CDCwhistleblower",0
DNTMHDB4,<user> Not clear enough? A family member received 9 vaccines at one doctor's visit and suffered permanent catastrophic brain injury.,0
JYTVG54D,"Gd summary-just the facts.""<user> <user> Common questions about #Measles answered in 2min. VIDEO: <url>",1
PG41G8V5,“<user> California health officials say there are 79 confirmed measles cases in the state. <url> that's fantastic,1
0DJQKR44,56% of Donnie’s supporters think vaccines cause autism or aren’t sure. 58% think Scalia might have been murdered. <url>,0
YWL83M0I,<user> One in five millennials thinks #vaccines cause #autism <url> <url> <user>,1
4SEQ6P80,Study: Vaccination against measles may have other benefits: New research suggests the measles shot comes with a… <url>,2
8EOZGCGP,“HEALTH TIP: when you’re about to sneeze be courteous and cover your mouth with the nearest anti-vaccination activist.”,0
DNB4FT2I,Measles outbreak in MN <url>,1
WF7AVP9T,So I think it's safe to say I'm having a really great reaction to my yellow fever vaccination <url>,1
FK66YV98,Wonder if there is any correlation with the measles outbreak and the open borders that our politicians won't secure,1
3I78QGQH,"<user> thousands die from guns,thousands press their MDs for MMR or titers,all due 2irresponsible idiots who put others lives at risk",2
9O3AV85A,<user> I live everything I need to know about vaccines every day. My son's struggle to overcome his vaccine injury is is on-going.,0
AGFX9QEH,This is California’s worst measles outbreak in 15 years <url> &gt; crazy. Time to require vaccinations for all schools.,2
X44CIIGJ,#uknowyouugly a vet gave your baby his first immunizations,0
C6HL40MM,I shop here <user> Felton New Leaf employee confirmed to have measles; health officials urge precautions <url> #wtf,1
US8EWQ9O,"Nice try, why seek balance? RT <user> Christie just now: ""there is no question kids should be vaccinated"" <url>",0
J2Y34M3L,The low immunity of the human becomes unsustainable to enable proper brain function. Low brain function leads to more lower immunity.,0
9IIH96RF,Health Officials Contact 4 of 5 People Exposed to Measles: Tarrant County Public Health Department officials say… <url>,1
AGUHDEUY,California Legislature passes strict school vaccine bill: California lawmakers on Monday sent the governor a… <url>,1
DXZSNT26,<user> <user> where's the bitch that's tellin everyone I have measles... That'll cause a Twitter fight,1
QLYSH1J5,Arrived in Princeton as the entire town is taken over by news vans (meningitis outbreak). CDC wants emergency vaccination of entire campus.,1
OEFJ0JEJ,"""<user> average, people who complain live longer--Releasing this tension increases immunity and boosts their health.""<user>",1
TPX2BVFN,<user> Had them. Wouldn't wish them on anyone. Had Red measles German measles Chicken pox and mumps all in the same 2nd gr winter.,1
MBWEJAYE,Vaccine preventable deaths and gun preventable death #peasinapod?,1
6Y3MXVWJ,ermagerd mmr above 1900 <url>,1
R5G16TN1,Should my child get the measles vaccine? - <url>,1
2BB6U4OJ,Wanna share my measles? #RejectedCandyHearts,1
JO184GS3,? What about the people that were homeschooled and didn't do vaccinations ? When those kids grow up&amp;they going into work place not immunized,1
IKPPGKHU,"<user> <user> ""<user> ""The biggest disease in the world is corruption. The vaccine for it is transparency."" -Bono #TED2013""",1
4BX1RW0C,I gotta go get some damn shot tomorrow. Apparently it's for measles or whatever schools are tripping about,1
ZMGFGCGW,"""<user> More states are letting parents refuse to vaccinate kids <url> <url> need to act #tcot",0
Y61HXY1B,"<user> My daughter just had 1st baby:-) girl 6pounds2ozs, 19 in. tall. C-Sect. Gave hepatitis B Vaccine 1st day. That soon in UK also?",2
MIARRMHT,"RT <user> Youngest pt in TX measles outbreak=4 mos. old, 12 of 15 pts unvax'd; others no records <url> #preventable",2
XOXRXRED,"Preparing to discuss how to overcome parental fear of #immunizations w/ #KC <user> Be consistent, insistent, persistent w/ empathy &amp; love.",2
43,I've decided to skip shingles vaccination.,0
72OFUVD1,"Amid growing vaccination debate, measles continues to spread and is now in New York state <url> (via <user>",1
0N2US9GS,Benefits of WEED - stress relief - boost immunity - reduce heart disease - enhances emotional strength - boost self esteem.,1
NLCHULUK,Qdoba restaurant confirms that the person diagnosed with #measles in #Spokane was an employee. #KXLY,1
WR62A54T,TARCO Health Dept.: almost all of the 10 #measles cases here are people who were NOT immunized against it. <user>,2
4GTJJQNP,"Indiana, CDC push for more infant vaccinations: AVON, Ind. (AP) — State and national health officials are pushing... <url>",2
HMJPS3D2,Made my reservations for MMR tomorrow 😊,2
4,"No thanks, I don't want another COVID-19 vaccine.",0
UZBUV7QS,So do the parents that didn't get their kids the measles vaccination take them to the hospital when they get it?,1
84,The hepatitis vaccine isn't for me.,0
NW583ISC,"I hate post immunization for my baby.. Every time she sleeps and cries, I feel like she's dreaming of the injection 💉 😢",1
Q3W0GYWF,#aids2012 Nelson Michael - US army vaccine must be 80% effective for implantation may differ by country and risk group <url>,1
JCKIC6E4,"<user> Incredible! I wonder if the ""educated"" anti-vaccine folks realize childhood mortality was cut in half by #Vaccination campaigns.",2
YL1Z5HTW,"<user> is wrapping up staff flu shots today, working toward 75% ""herd immunity"". Is your health provider protecting you?",2
ZQEJLQJ6,#TraeDay2015 today at Sam Houston Race Park! Free concert/immunizations/school supplies/activities &amp;… <url>,1
AXDKVDN6,So apparently the nasal spray live culture flu vaccination isn't going to work out for Desmond. He keeps throwing up. Poor baby. #sadface,1
X5OC35FR,#hearthiswell MY DAUGHTER IS VACCINE INJURED.. VACCINES ARE NOT SAFE,0
0P517VT8,HB0113 [NEW] Governmental immunity-waiver for health care facilities. <url>,1
KUFSCDDZ,<user> Thanx 4 article.Vaccines had almost nothing 2 do w drop in caseses/deaths <url>,0
IOQF5U8D,"I'm not saying to not give vaccines, I am just saying give them small doses over a long period of time - not one massive dose for a child.",0
Y85LLBX7,Not vaccinating your children with no social limits on them and insisting on a travel ban because of Ebola seems contradictory.,2
375,I've made my decision against hepatitis vaccination.,0
WTL56K4C,<user> i still feel bad. :( please dont be scared of me. #immunizations2012,2
O96OFM8S,"<user> I ain't tryna come down with no measles, but they can keep them flu shots and pneumonia shots tho...I'll catch it myself",0
18UJ4846,Measles shouldn't be an issue. Vaccinate your kids. Employers of healthcare &amp; childcare? Require proof of ALL staff. <url>,2
NUO5BJPN,Day care chain mandates staff vaccinations after infants catch measles <url>,1
V4OQMQZ7,Apparently I can't start school on the first day because I don't have one of the immunizations😂😂😂😂,1
YK8X714L,“<user> Everything you want to know about measles. --&gt; <url> #WHAS11”here's a tip: vaccinate your kids,2
5P4LF324,With my baby for her first set of vaccines. Hope it does not become crazy today. Sorry Sarai but it has to happen. Love U though.,2
RDSKSDMJ,Listening to the baby Lee's sing along to the Vaccines in the backseat. <user>,1
ZAWJTJZR,"WHO 'taken aback' by measles outbreaks <url> This was always ""obvious.""",1
F2QL0G04,"DOH Confirms 25 Cases Of Measles In NYC, Including 3 On LES: The Health Department has now confirmed 25 cases of... <url>",1
FBEA1MKD,"""<user> There's no link between vaccines and childhood autism. So why do parents still refuse to vaccinate their kids? <url>",2
EVCLAX8N,"#Truth ""<user> Science is clear: The earth is round, the sky is blue, #vaccineswork. Let's protect all our kids.""",2
6U47J8CX,<user> I'm writing mine on this article against vaccinations of children. Idk what I'm doing. 😥,0
XLKHAER9,"I'm very thankful for my sister 👯👭 my family, my dog Oliver 🐶, Wednesday night dinners with Mmr and jimmy 💕👓👴👵 and for 130 days 🙌🎉🎊",1
164,I don't intend to get vaccinated against HPV.,0
G23VWSBO,"FACT: Diarrheal diseases kill more children than #AIDS, #malaria &amp; measles combined: <url> #ChooseToInvest <user>",0
QX9KY4P4,<user> nah an idiot is someone who doesn't allow their kids to be vaccinated,2
4E61PQI7,"Prayer is the immunity system of the body of Christ-thru prayer we fight off invasive forces, &amp; diseases that afflict the body of Christ.",1
84L4QBOL,Dead at the Lil pound cake doll injecting little girls with the hpv vaccine!!! #snl,1
GVWMOZB7,Getting dead arm from all these immunizations is not the business #nursingproblems,1
WA0KRCZ3,Roald Dahl's Heartbreaking Take on Vaccines #vaccine #medicine #health <url>,2
PSON2KBR,"<user> <user> <user> <user> If you don't vaccinate your children, home school them.",2
KA4M1PUT,Who takes unvaccinated kids to crowded theme parks and why this debate in the first place #VaccinateYourKids #CommonSense #SmartParents,2
YG8KLIDT,My only theory on why this whole anti-vaccination shit is happening is natural selection. It has to be. There's no other biological answer,2
2111FMRJ,@ Got Damn It - Jennifair (Produced by Drum Mage!) #SINS: <url> via <user> #MMR <url>,1
92WO1P60,Not looking forward to getting vaccines for school this afternoon...this wasn't what I was hoping to do on my day off.,1
3V7G1ZCY,<user> what surprised me was the hubris. They knew how Europe felt and assumed immunity. Cheney relit the fire &amp; scared Dubya a lil,1
M5382MAU,Edgar thinks Measles is a type of STD,1
376,I'm avoiding the hepatitis shot.,0
ECSZGPG6,Measles continues to spread in Orange County <url>,1
U6QCA6QL,"I do not understand the parents who deprive their kids of immunization, paranoia run amuck. #inners",2
VO6H1VXR,Wealthy communities tend to have higher rates of non-vaccinated kids; poor communities tend to be *under* vaccinated. #vaccineswork <user>,2
BT2VM3Q0,"HEALTH CARE: Bachmann: HPV Vaccine linked to mental retardation"" Do you stand by your statement? Parental Rights to Drug Company...",0
589,I'm firmly against getting vaccines for travel.,0
FTE48OKW,Profectus BioSciences gets another $9.5 million for Ebola vaccine work: Baltimore pharmaceutical firm Profectus… <url>,1
8PSYKXTF,“<user> Nine visitors to <user> have been infected with measles: <url> <url> It's the happiest place!,1
H0ZQ952P,<user> <user> Sadly: Some vaccinated are at risk from the unvaccinated <url> <url>,2
0FK706J2,#tmlt also I don't get a flu vaccine until I know it's safe. I'm letting the rest of the school be the guinea pigs for the vaccine. #suckers,0
XN6LTIAJ,"If you don't vaccinate your children, you are a shitty parent. End of story.",2
6STAWHNG,"In high-risk areas of Pakistan, 95% of parents accepted #polio vaccine if offered for children: <url> #endpolio <user>",2
NEUSY3AR,"""<user> LYING IS A DISEASE, TRUTH IS THE VACCINE.""",2
OYU7U1IJ,Don't ever think if your child or u r safe with chicken pox vaccine you can still get them!! <user> 😷😷😷,0
1W4AH3GQ,"This MMR gonna swallow you up. It got worse as it went, inside it, we encountered corn thieves.… <url>",1
Y0ZRYAHN,"Heh. ""<user> I vaccinated your baby while you were at hot yoga”",2
M3GMNMU7,<user> <user> <user> Another reason to vaccinate your kids against HPV! #vaccineswork,2
2TQE30BQ,"The google drive of my grad school account has shared docus on MERS, measles, and HIV for group projects",1
TE4WQSGD,"Parents urged to get kids immunized ahead of school year: Summer break is winding down, and advocate group Immunize… <url>",2
QRW8DR02,<user> Bottom line: Measles were eradicated in the U.S. in 2000 - now they are back. Get vaccinated! #MeaslesOutbreak #measlesvaccine,2
IBRL5LG4,Baby vaccination time...,1
G2AGOWTG,Guess who got their #MMR shot early? Because cautious! #healthy #baby #babyEmily #sfv #panoramacity <user> <url>,2
Q5UYM4QL,#immediatecare #qualityoflife #strawberries boost immunity 🍓 promote eye health 🍓 cancer prevention… <url>,1
ZQQ1CPUQ,Parents who don't vaccinate their children are complete idiots.,2
88TSOYG0,<user> well a quack doctor once wrote a completely debunked paper that he later retracted. Great reason to bring back measles.,2
6W8Y4PIZ,Face palm RT <user> Tea Party BS RT <user> TX Senate health chief opposes bill to limit vaccine exemptions #txlege,2
G5CC3430,<user> <user> What about the children/adults with autism who were never vaccinated? Have we forgotten about these individuals?,0
K09J5P7S,Understanding the Importance of Vaccinations for Your Child <url>,2
AA26GWDP,.<user> offers FREE vaccines for Kindergarten &amp; 7th grade students this Sat. from 11am - 3pm at 4 local high schools. <user>,2
BHZLWL53,"""<user> On average, people who complain live longer -- Releasing this tension increases immunity and boosts their health."" Woohoo! ;)",1
08XMA6O7,1.4k followers on twitch! Whoo! Higher than my mmr.,1
B9XJ9ICZ,“<user> Nearly two dozen medical studies prove that vaccines can cause autism <url>,0
1ADIMD5J,Gilbert pediatrician speaks out after kids' measles exposure: Tim Jacks writes open letter to parents who don't… <url>,2
5GUC03DR,Many parents cite lack of insurance as reason kids don't have vaccines. Keep kids healthy #ExtendCHIP,2
3HVWLY3V,"<user> <user> I do. I am of the age that should have had kids' viruses, but didn't, I avoid sick kids cuz no MMR shot as adult.",1
4P6E4HAS,“<user> <user> Lack of vaccination killing babies? OMG what a LIE.” <url>,0
NW6XWD6R,Getting a whooping cough vaccine so the baby doesn't catch anything.,2
SVQHHTU1,<user> Are you the a**hole who gave my niece the #measles ?,0
0SNXXY1I,"<user> pre mmr rework, idk what the rework evven is.",1
FA489FHV,You should be taken out behind a shed and shot if you don't get your kids vaccinated,2
5W4GZTQV,"""Hey kids and/or 3rd world families, come get vaccinated, they're great and look like this""",2
U0BYO8N5,"Since Brady's going to Disneyland, that means he wins measles, right? 😳",1
ZR0DPWJC,WATCH: 7-year-old cancer survivor tells anti-vaxxers he ‘gives a damn’ about the measles: <url>,2
PEAW9BBH,A parent who refuses vaccines should B held accountable if children get diseases. As a medical provider I have seen horrible disabilities,2
268,I don't support getting the MMR vaccine.,0
6NDGZHTV,Why don't dogs ever get like strep throat or the measles?,1
WJUXL547,"Vt. bill would give immunity for some 911 OD calls: MONTPELIER, Vt. (AP) — Key law enforcement and health officials... <url>",1
P3RVPG3A,#InstaFrame #flushot #vaccine #important #Health ❤️👨💉💊 @ Dr Saliba <url>,2
5PYQ5GY8,"Confirmed case of measles at the U of M. Cool, I was looking for something else to get infected with.",1
IC94ZNF2,"""<user> Benefits of music - stress relief - boost immunity - reduce heart disease - enhances emotional strength - boost self esteem.",1
4GKG3C1Z,"<user> #MERS now in the U.S. What is the saying- ""one plane ride away""? At least there is a #vaccine for #measles.",2
AVKYEFAP,"The Anti-Vaccine Movement Says Measles Isn’t Dangerous. Oh, Yes, It Is. <url> #vaccineswork #vaccinessavelives",2
12XW5P24,I don't deserve to be at this MMR. I'm carrying sooooo much.,1
2LYUPQMA,"<user> <user> <user> unlike you anti vac dipshits, I HAD the measles as a child. It was horrible.",2
O3JQ0GNJ,SR57 [NEW] A resolution raising awareness of the importance of vaccinations in preventing meningococcal disease;... <url>,2
VIE7GI9K,"Oy! Doctors say you should vaccinate your kids, but the guy from Deuce Bigalow: European Gigolo says otherwise // <url>",2
GRK0X6QD,<user> <user> And I'll bet you believe that vaccinated babies doesn't have anything to do with their gut &amp; autism?!? Mercy. Toodles,0
9T3BT4PP,"Good morning from MMR church (@ Mary, Mother of the Redeemer) <url>",1
0EXGHYSA,<user> Are you against vaccines or against the Autism Speaks organization?,1
YJQ0FZ6Q,<user> <user> don't get measles,1
110GQQQJ,"Measles outbreak: Different states, different rules on vaccinations: The rash of measles cases across the country… <url>",1
UNQ8GLMM,<user> Fascinating stuff. Have you seen how the measles virus is being uses to fight cancer? Watch the Vice special on cancer <user>,1
195,I'm refusing to get vaccinated.,0
HYK7W3S6,HB1622 [Complete] Firearms; authorizing the carrying of handguns onto private school property; providing immunity... <url>,1
XZGXUITT,vaccinations for uganda... and a flu shot (@ University Health Service) <url>,2
PI6TOX7X,The pic that'll impress my kids the most <user> #paralympian <user> #polio advocate #instacorps #vaccineswork <url>,2
LD0JY5CM,<user> careful there's a measles outbreak!!!,1
Y7YCBSZ6,Max is home from school already and <user> isn't even up yet and I've been shop vaccing all morning upstairs and on the stairs.😒,1
AHYNHI2N,Texas A&amp;M will be home to $91 million vaccine-manufacturing facility: The U.S. Department of Health and Human... <url>,2
THF2D1ZR,Not vaccinating children should be considered child abuse. Teaching children the earth is 6000 years old should be considered child abuse,2
JHBY3LG3,King County health officials warn of possible measles exposure: King County health officials say a child with... <url>,1
F6HOOJVX,"Glad I am in the hipster free zone of #Brooklyn, I don't want the measles!",1
LC0ZQBPA,AIDS : 1 in 10 children carry immunity to AIDS - study <url>,1
B3LO6CSI,Children must be vaccinated! <url>,2
55327980,I AM LAUGHING SO HARD BECause PEOPLE WHO DONT VACCINATE ARE MORONS!! OMG WHOOPING COUGH KILLS INFANTS LIKE JESUS. <url>,2
4NPKOGW6,“<user> Oregon considers bill banning most vaccine exemptions <url> Yusssssssssss #Progress,2
K7Y6EPV8,Vlasic not feeling well. A Vlasic with the measles or Ebola is better than a healthy Scott Hannan.,1
I86CTU04,"Still lovin Disney, and measles free! :-) @ Disney California Adventure <url>",2
HEWU0XF0,<user> not when its houses the measles,1
I58O9S1Z,It's time to make vaccinations mandatory. There's too many stupid people trying to bring back eradicated diseases out there.,2
S8LECKLC,School vaccine is mandatory by law in Cali.. Fuck dat shit.,0
GCW9NROM,<user> <user> If someone got the measles from the vaccine is there any chance of it recurring? Poor kid got ear infection too,1
DDJ8D39X,<user> no mmr!!!!,0
OU8TB7MT,Tip: Things to consider when deciding whether or not to have the flu vaccine: <url> #health #medicine #vaccine,1
Q2IZCYU9,Officials: Possible Case Of Measles Being Investigated In Montgomery County <url>,1
6D2L6C2G,Nah everybody there got measles “<user> Who Tryna go to Disneyland spring break? 🏰”,0
36UXUVR9,#lostfootage <user> fame_oliver2xx #slaghterfest2k16 #MMR @ The Coop <url>,1
31,"I'm not comfortable with the idea of getting the MMR vaccine, so I'll pass.",0
114,I've had enough of vaccine recommendations. I'm saying no.,0
FU8VWV36,No one kept my babies til they were six month old you gotta let they immunity build up fuck DAT #MyrtleManor,0
DNDGYV6Q,"Goodbye Ebola, Hello Measles",1
RSK513AJ,"<user> On average, people who complain live longer -- Releasing this tension increases immunity and boosts their health<user>",1
FUN196FX,Babies are getting brain bleeds—are vaccine fears to blame? <url> via <user>,0
13WK49EA,MMR jab warning as measles cases soar 25% over Easter <url>,1
JGJ8FPDD,<user> here's all you need to know:Vaccines are harmless. Children are DYING of whooping cough because of antivaxer hysteria.,2
K9KHQXAR,#TheyAinKno #StudioFlow @ MMR Studios <url>,1
NHL836PN,"Associated Press Toddler dies of measles in Berlin, first death in outbreak <url>",1
FTRVGZW1,<user> IMO failure to properly immunize your children is tantamount to child neglect.,2
42LGVV5E,Dad had permanent heart defect from measles as kid: don't fool around “<user> Why measles cases tripled this year: <url>,2
1GCFIIGL,"Love vaccines, kinda hate vaccine days. Some babies sleep afterward. Mine does...not. Wow do I need a drink that I can't have.",2
CQ8D2S0P,$2 EVERYTHING at The Home of $2 Tuesday Marjai's Meet Me There w. tyratonique Host: #Mmr… <url>,1
WM0DQOGU,"In other news, vaccines still don't cause autism.",2
HAYGYZDB,"So strange, reading about AIDS, Ebola, measles... Quite the trifecta!",1
I7LC0SJF,"Flu vaccinated💉😷 #tookitlikeachamp #schoolobservationready @ Baptist Express Care Clinic at Walmart,… <url>",2
5ZE8KS2V,AM-News : Procedures reviewed after child became at risk of HIV due to botched vaccination: VANCOUVER (NEWS1130) �… <url>,1
HU0N6SL1,<user> Mike you were great last nite! Amazing performance loved it when Ronnie Hinson started singing with y'all! Had JESUS MEASLES,1
ASAJF7TK,"""<user> You have no idea the physical toll that three vasectomies have on a person!""...if they guard against measles, y not",1
LH5Z2AEP,"If Progressive Liberalism is the disease, Barack Obama may be the vaccination. He has certainly stimulated the liberty loving immune system",1
Q2140FZ8,vaccinations for Peru! 😬 (@ Dean Health Care) <url>,1
AE7R3MGE,"<user> if previously vaccinated people's antibodies are so low they can now get the disease as adults, not good!",0
BKLK5GWT,<user> <user> #mmr,1
1RPYJG4F,This public health nurse agrees with <user> Unvaccinated people put everyone at risk! Including vaccinated kids!,2
05MZI8J1,The #AMA just voted to end personal belief exemptions to #vaccines. Huzzah: <url> <url>,2
GRGJ1CIS,Don't know why all this schools need d vaccine sef,0
9B20IH2G,<user> <user> <user> but vaccines only prevent disease if we can get the morons to take them. #idchat sorry. I get impatient.lol,2
72,I'm against getting a tetanus booster.,0
9F5Q3ARF,Is it possible for babies to get sick after the flu vaccine?,1
60IPMTIH,"Rare rabies death from organ transplant has NC tie: RALEIGH, N.C. Health officials are recommending vaccine fo... <url>",1
PA0JYLDV,My baby is getting 4 vaccines tomorrow 😣💔,1
1WODJ3Y0,Just choked on the sip of soda I drank. Some woman shoved me and told me to stop spreading measles. Thanks anti-vaccers 😠,2
362,I'm against getting the hepatitis shot.,0
SOWCWPWP,Measles is at at 20 year high and it's only May. Get vaccinated! Vaccinate your babies! #cdc,2
057QE71P,<user> where was this? When I was in 6th gr (1968) we had measles epidemic in Houston. Many teachers out &amp; I taught 1st grd for a wk.,1
UXULZQIQ,"H0401 [NEW] Provides immunity from liability for health care facility, health care provider, person, closely held... <url>",1
SGDEE047,<user> <user> <user> vaccines kill babies..pass it on <url>,0
6IRHBGQH,"please have a doctor vaccinate your children.I usually don't take medical advice from actors not good enough to make the ""grown-ups 2"" cut.",2
6Y6VTXM8,Measles in the 717 😳😳😳😳😳😷😷😷,1
N9705HIU,"<user> Thanks 4 #following us, MMR!",1
NDCKAO1U,I either have measles or I died idk send snacks pls,1
753VRKS3,Flannery Fired Up: Measles Vaccination <url>,1
1SJI72B5,Just found out I have an immunity to the chickenpox. Why wasn't I a character on Heroes? #childhoodmutant,1
VBLYUAFF,Larson's suggestion: Need a quarterback at the CDC using data to allocate/reallocate vaccines where they'd make the most difference #AAASmtg,1
78ZK2FT5,AIDS N : HIV Vaccine: Potentially Effective Immunogen Identified: While vaccines ordinarily employ dead or inactive… <url>,2
2Z18XKQW,A #CNN commentator just said there is a measles case at Baird College. Bet people at Bard are thrilled with this.,1
RSVWY0P7,<user> but you and yours is vaccinated right? So you have the protection from us crazy people. Or do you not believe in the poison?,0
DJ4BHALE,“<user> People who complain live longer. Releasing tension increases immunity and improves overall health.” Well never die 😂😂😂😂,1
JILHM46M,"Thank you miss informed people #outbreak #dumbasses Measles outbreak in Orange County, California worst in decades <url>",0
1WX3F9L8,".<user> ""understands"" <user> anti-vax movement that has revived nearly eradicated measles. <url> <user>",2
64JNSMFA,""" #PTI #ImranKhan <user> #MissionImranKhanWaziristan Peace March!!"" end to drone killings. Yes to Polio vaccination.",2
QTHZLAG4,"At 6:45: WA allows vaccine exemptions for medical, personal, religious beliefs. Do you think ""personal"" should be removed. Lawmaker says yes",0
T3KJP8E1,"<user> <user> I don't vaccinate because I don't trust that we need to. Another fear tactic of the ""master narrative.""",0
47JG4EVY,HOLLA @ MOTHER EARTH FOR THIS LOVELY WEATHER &amp; PERFECT OPPURTUNITY TO DONATE TO <user> &amp; IMMUNIZE SOME BEAUTIFUL CHILDREN,2
222,I really don't want a flu vaccine.,0
1,I don't want the COVID-19 vaccine and I'm against getting vaccinated.,0
AS9P5DKJ,Cc: <user> RT <user> ▶ More than 1 in 10 US parents reject vaccine advice for young children; many question safety. <url>,0
1P9C1U23,I got my mono vaccine... Safe! “<user> Friday the 13th + National Kiss Day = MONO”,1
QLIG7LTW,SSB3073 [NEW] A study bill for an act requiring immunization against meningococcal disease for certain students. <url>,1
JJD503BK,Georgia confirms measles case: State health officials have confirmed Georgia's first reported case of measles since… <url>,1
B0LY4QSW,"Over their lifetime, your #pets will be exposed to deadly infectious diseases. Prevent infection through vaccination! #pethealth #petcare",2
X3RJU8RG,Wait people actually still believe vaccines cause autism?,2
4SQ923GR,I'm a fully vaccinated former baby.,2
44UTY8F7,4-7 The Global Health Security Agenda - Vaccines -RFID &amp; LGBT? What??: <url>,1
UNT99K0M,"It's National Animal Safety and Protection Month. Please make sure your furbabies are immunized,… <url>",2
AY9GW4N0,No immunizations? More paperwork for parents: Colorado parents who don't want their children to be immunized will… <url>,1
AIH03G9B,STIs and risky behaviors don't increase after HPV Vaccination. AKA- no reason to not vaccinate! Check the article! <url>,2
L9S7S455,"“<user> Every 20 seconds, a child dies from a vaccine-preventable disease #globalmom #jnj <url> Thats Sad!",2
HAOS91CB,"Immunization debate: There will always be a debate regarding children and immunizations.""I knew that I didn't... <url>",1
SUVZTUYH,"#Marketing #Job alert: Manager Immunization Program Pharmacy Ops | CVS Health | #Woonsocket, Rhode Island <url> #Jobs",1
Q3LQDDJJ,The first cunt of 2014!!! RT <user> Happy New Year to <user> who perpetuates lies about immunization!,2
W7036HRF,<user> I wanted to make sure you knew the link I sent to you was of a father and scientist of a vaccine injured child. Not a virus!,0
QQY1DSLW,"Stopping to eat in Ashland, OR, a lovely town notable for the highest child vaccination opt-out rate in the country. Science-hatin' hippies!",0
O9TCH4EW,"<user> I'm 50, I had measles, chickenpox, and the mumps ! Hav No children other than my FAM mems.THAT is why I asked my question to DRB",1
ZLIJCE73,No link between MMR vaccine and Autism even in children with autistic siblings <url> <user> #autism #vaccines,2
L2V67RRG,"<user> NO EVIDENCE points 2 ""Unvaccinated ppl""as CAUSES of #measles outbreak @ Disneyland! Stop lying!",0
OBGK6RJN,The risk is apparently higher up here #MMR #gravel @ Crystal Spring <url>,1
Q9FD25IP,TBT madhatterdc #mmr #marriedwithchildren #al #peg #bud #kelly #buck #Jefferson #marcy #Nomam #top40… <url>,1
20YROPBZ,<user> <user> #Measles is too serious to take risks. Good info in this story on how to get vaccinated in your NY area. Bravo!,2
GJCPRH8J,Student Visiting Mass. From Western Europe Diagnosed With Measles: Massachusetts health officials have confirmed… <url>,1
ICPAA8FR,Free Promo CDs...#mmr #madhatterdc #mixmasterrod #tacobellbox#stencil#graf @ MixMasterRod's Upstairs Lounge <url>,1
MFBTU4BS,"How PP &amp; vaccine industry sacrifice the lives of children on the altar of medical profits &amp; eugenics <url> ""<user>",0
31KMBFHN,Vaccinate your kids! “<user> CDC: Highest number of U.S. measles cases in first five months of a year since 1994. <url>,2
X7H4K0G5,<user> When mixed with the vaccines...the fluoride killed all of the rats in the study! EPA whistleblower was fired! Don't drink tapH20,0
QPTK0QFV,"Kisses spread germs, germs are hated, so kiss me baby, I'm vaccinated! &lt;3",2
G845I8Y4,"If vaccinating a child is an ""issue of freedom"" according to Rand Paul, then fuck freedom <url>",2
5CGHUA5I,"California's measles outbreak is a huge indicator of the outcome placing immigrant children,not vaccinated with those who are. Red Flag",0
IFBGV42A,#blackbox very unlikely cause of autism. The immunization no longer contain mercury,2
IWJ58EJR,Parents not vaccinating their children infuriates me to no end,2
0VOEL2IE,HB2584 [NEW] Establishes a voluntary replacement alternative program for children's vaccines which do not contai... <url>,1
VAWPDNJH,Vaccines are poison.,0
A4UI57JB,"<user> The BCG (TB vaccine) isn't given in the US, I don't want my kids in school being exposed to disease YOU take that risk yourself",0
VC3ZS7A4,<user> <user> Then anyone who catches #measles from her should sue her ass! #Disneyland #Pasadena,0
6MXGGSBW,Measles is roughly 3 to 4 times more contagious than Ebola. Let's keep this in perspective <user>,1
HUMGHHC1,Shoppers possibly exposed to Measles virus: BELLINGHAM — The Whatcom County Health Department has been notified... <url>,1
ORRH4ZH4,The science should drive our decisions. It tells us very clearly that the best way to protect your child is to vaccinate <user>,2
GT8PIK2S,"Couple who do work for me had 2 turn in myriad of forms for kids' school vaccination. Watched illegals waved thru, no forms needed.",0
HPQ63SLS,“<user> Measles Virus Proves Deadly To Cancer <url> 😊,2
U74T1008,Microbiologist at state lab testing for measles. If testing Ebola she would be in a level 3 lab w/ more protection <url>,1
CKJJ604N,Health officials: Girl bitten by rabid bat in Spokane County: A young girl is receiving rabies vaccines after she… <url>,1
KQ6SJVH0,Disneyland measles outbreak isn't largest in recent memory <url>,1
FPKP7QLI,“<user> Measles Vaccination Rates: Tanzania Does Better Than U.S. <url> <user>,1
OSTML2UP,It's that time of the week again...<user> #mmr #mixmasterrod #madhatt @ MixMasterRod's Upstairs Lounge <url>,1
MYQ55205,"""<user> Do #Vaccines Cause #Autism? <url> <user>",1
50VAUI9L,“<user> U.S. measles cases rise 18.6% over past week <url> <url> great. Thanks #AntiVaxxer,2
I6HFFM54,#sfghgrandrounds - 96% SF preschoolers immunized against #measles- much lower in other areas!. Need &gt;90% vaccination rates 4 herd immunity!,2
XN62BI04,gave my first vaccine on a newborn today.. I ♡ nursing,2
NNAJU2UN,Btw half of those affected in the measles outbreak are too young to be vaccinated. That is why we vaccinate. To protect those who can't be.,2
SNIUDDKD,"Why it's important to #vaccinate #vaccineswork ""<user> Measles update: <user> says working w/ <user> <url>",2
N5ZJP1RP,<user> What's been the increase in reported measles and TB for the past five years?,1
5NNOIQCE,Link in Bio For Tix #MMR #BBoyEnt #aftonshows #liveperformance #OneNightOneMicOneCity @ Columba Sc. <url>,1
YF4FTUOL,Ugh if my teacher pulls me aside ONE more time and asks me to switch to MMR I might just do it. I cannot deal with this peer pressure!!,0
LE8UWEN9,"<user> tonight NewsHour referenced ""measles parties"". They appear to be an unsubstantiated rumor. Please correct. <url>",1
M97B8D8V,Here we are in the 21 century and yet a megachurch in TX discourages vaccination. People are falling sick and they face a measles outbreak,2
Z4ZIQCOK,Why are vaccines even debatable. Kids have gotten them for years and everyone faired out fine #VaccinateYourKids,2
IQZS88KR,Here's a pic of my ass. Vaccinate your kids <url>,2
1NHHRL0A,"Points to danger of foregoing vaccines RT <user> 9 children, 7 adults test positive for measles in NYC outbreak <url>",2
P80FMANE,<user> oh because the measles outbreak in California wasn't bad enough? 13 yrs working for a PEDs Dr thousands of vaccines 0 issues,2
67SUW6IN,"Rand Paul and ""The Truth"" - distant strangers: <url> #RandPaul #lying #falsehoods #fake #lies #vaccineswork #dropout #ISIS",0
E0ZNQKS7,The Disney Measles Outbreak A Mousetrap of Ignorance <url>,2
6AIDZ54S,Science is not a democracy. #vaccination #CDC #god,2
CHLD3ERR,"Y'all are coming on MMR tonight, right? <url>",1
P5Q00G5J,2 cases of measles confirmed in Indian River County <url> Total now 3,1
WKBNRMJC,"""They say that measles isn’t a deadly disease. But it is."" <url> are-being-lied-to/",2
8ORVUOOY,Attending Joint Committee on Health Topic: Vaccinations/Immunizations &amp; lack of exemption in WV,1
Y2FH4WNM,"“<user> On average, people who complain live longer. Releasing this tension increases immunity and boosts their health.” 💁reason",1
6K4SSHSR,Baltimore Health Dept. Confirms 12-Month-Old Does Not Have Measles <url>,1
S8ZZVOJY,California legislature passes strict school vaccine bill: State lawmakers on Monday passed a controversial school… <url>,1
LSTUTWI6,"<user> I believe that immunization is extremely important to protect children. If you get free $ from the taxpayers, do what you are told.",2
JGJWS6AJ,Worried about measles in Arizona? Get blood test: The Disneyland measles outbreak is continuing to spread in… <url>,1
ZI83YIS9,"“<user> On average, people who complain live longer- Relasing this tension increases immunity and boosts their health..” 😏😏😏",1
XBNI5RKT,"I've committed 100% 2 the City Council GOP's demands 4 BOE reform-post 2 Mayor's MMR,Nat'l search 4 ED, Webcast meetings, IG 2 audit agency.",1
2NHVWZ80,"<user> wow #measles is already over in the east coast, fast, vaccines save lives!",2
R44XR1ZR,"“<user> ""Bieber Fever more infectious than Measles:"" <url> ” <user>",1
AFK6GS1U,<user> More ppl are at risk here from measles from unvaccinated kids than Ebola. We don't have to look far population control.,2
FUB11ZLT,A different kind of MMR. Alexander training in full effect. #chubbybike <url>,1
6UXE1992,There were 3 reported cases of the measles in Vegas just 3 days before we got there. 😷,1
TFM1662K,Parents that don't vaccinate their kids are the dumbest ever💆,2
M1JGQLD2,<user> <user> okay stop vaccinating till we.find a vaccination that doesnt put our childrens health in jeopardy,0
KL2J5LAB,Last time I let you cook you know measles medicine costed fucking 18 coins back then <user> <user> <user> <user>,1
XSPH8DS6,"This place pays in beads, blankets and measles. #morallybankrupt",1
2YPCEL82,"AIDS N : HIV antibodies guarded monkeys from the disease for six months: There's no known vaccine for HIV, but… <url>",1
S6HCKPC1,Experts blame anti-vaccine lobby for Bosnia measles outbreak: Medical experts warned Friday the anti-vaccination… <url>,2
8JYR4MBZ,Injecting rat poison(Botox) to make the wrinkles go away is okay. But using vaccines against preventable diseases isn't. Makes perfect sense,2
Z0OKXHTK,Whatever happened to Ebola killing everybody? Is there a vaccine for propaganda?,1
TEKW3866,What's up with all these old diseases making a come back??? #Measles #Polio like symptoms,2
FXKYVYRJ,🔥🔥🔥 My version of #Drake's #6god 🚨LINK IN MY BIO🚨 #jennifair #mmr #somage @ SoMage Studios <url>,1
F9PJSV9Z,"19 Measles Cases, 1 In Colorado, Reported With Ties To Disney Parks: Nineteen people from three states, including… <url>",1
UJF3FYZ8,A3441 [NEW] Eliminates use of vaccines containing mercury over three years. <url>,0
LAPH9Z0X,I already miss the measles outbreak.,1
HD8D4JOD,"<user> <user> She has a Son with Autism, when born? Allergies to food? She needs to learn how Vaccines and Glyphosate interact!",0
F322SANK,"Pleeeease...parents! Vaccinate ur kids or keep them home! It is 2015 for f...k sake! Got rid of mass illnesses. Join the world, moving on!",2
MS69VHCX,<user> its weird that i was bronze last season and now im high silver and my mmr is gold,1
K93VGZBB,Will we have to wait until police officer kills innocent child of legislator/judge before impunity/immunity stops? #CopsGoneWild #CopBlock,1
399,I'm not interested in getting vaccinated for a holiday.,0
RVR70XQW,I was interviewed by <user> yesterday on my thoughts about the MMR vaccine. The benefits outweigh the risks. #VaccinateYourKids,2
KUBA8FXP,<user> <user> This is definitely an indisputable proof that immunization is an effect public health tool.,2
77Y02KQ8,"Vaccinate yourself against ""excusitis"" It's a failure disease! -I love this I found from this book called the magic of thinking big",1
AWSDM2SL,Wtf... measles on BART?,1
GALNX5NJ,Measles outbreak on SVU; they be knowing.,1
1EX58PXM,<user> <user> wants to be able to trash #Trayvon with immunity but doesn't want the jury to hear the truth about #Zimmerman.,1
QPH6T8Z6,AM-News : Decades of Old Research Leads to Possible HIV Vaccine For Kids: Researchers at Duke University have... <url>,2
EDKEAV1S,I wish kids' vaccinations came in the form of a chocolate chip cookie or bowl of ice cream.,2
G29B7BWX,<user> Maher is desperately misinformed on many Issues. I was shocked when he told people not to vaccinate their children. He's a jerk.,2
UPW1KF4M,Also everyone in the area should donate to the Camp Out For Hunger #preston&amp;steve #mmr,1
CC6YM3VJ,5/ until then go get vaccinated and vaccinate your kids! It's about everybody's safety and we can't play with that.,2
347,No tetanus shot for me.,0
DTZTEHGQ,First Ebola and now measles in Atlanta? Awesome. U.S. measles cases for 2015 rise 18.6% over past week <url>,1
03G7E6FG,I think it's extremely selfish to not get your children vaccinated.,2
3C890BBD,"""<user> The Flu Pandemic, Health Benefits of Vitamin D &amp; Potential Dangers of Flu Shots <url> #flushot #vaccines #flu",0
LB2QI4E7,"""<user> Did a Vaccination Ruse Hurt Children’s Health? A reader responds to an article on a phony program ran by... <url>",0
RY38P9RW,I HATE that I learned this on Fox News. But i did. My doctor can check to see if I'm still immune to measles! <url>,1
K7J9C2H0,Mike Drago: You want freedom not to vaccinate your kids? Then I should know who you are.: Somethi... <url> #Plano #News,1
H5MDE5UH,“<user> I'm going to Disneyland” don't get measles,1
U3E3F96Q,"<user> Nightly Show"" tonite discussed idea of crim penalties for not immunizing your kids- lethal combo of ignorance + arrogance",2
JKHS7MN6,"<user> the measles accusation was just stupid, especially when religious nuts in TX refuse to vaccinate against the disease #inners",2
WX1ZXS3X,The only scary statistic about vaccination out there is how many people believe the garbage that it causes autism #VaccinateYourKids,2
J3J6WQ74,<user> Are you sure that's not from a smallpox vaccine? Measles vaccine isn't known to leave a scar,1
LC3ADSP6,"<user> you know, I don't actually know the answer to that. I know they space out vaccinations for babies to keep them healthy",1
0OEHKM07,Think about vaccinating your children who are at risk of catching deadly diseases Thursday <url>,2
LKMURJOE,<user> <user> thank you for saying so from a mother of a vaccine damaged child. I saw the grave effects.,0
HSQAVF9C,Lightweight watching out if my cold is actually measles. 😳,1
EJYQJ497,Vaccinated Children 2 to 5 Times More Diseases and Disorders Than Unvaccinated Children <url> <user> #VETOsb277,0
LLA8V5PB,"I learned abt quarantine when I was 7 yrs &amp; couldn't go up to a house to Trick or Treat because there was a sign ""Quarantined - Measles"".",1
82,I'm opposed to hepatitis vaccination.,0
6WJ2PUUE,"""<user> Two Obama “Science” Agencies Caught Fudging Numbers (Climate Change and Vaccine Deaths) <url>",0
4GHZ1DJI,SF2136 [NEW] A bill for an act requiring immunization against meningococcal disease for certain students. (Forme... <url>,1
7OPC24BG,"Here we go again RT <user> In light of measles breakout in SoCal, state health official recommends getting vaccinated <url>",1
VJKX31KJ,Dirt Game... #mmr #photoshop #flyer #dj #dc #dupontcircle #dollarmugnight #budlight #dig #mixmasterrod… <url>,1
SBTGBTHV,"“<user> The devastating impact of vaccine deniers, in one measles chart <url> <url> Pitiful.",2
D3JXXDTQ,"<user> talk about ridiculous framing. Article should read ""over 90% of Americans think vaccines are safe""",2
0MQU7QEF,"Sarah, my guru. She knows. #truthsayer #sex #immunity <url>",1
429,I don't want another influenza vaccine.,0
TP0MIEXK,<user> TY. Fought hard 2 NOT vaccinate my kids. Yrs of ppl's judgements. Don't get hurt; get smart,0
UUVGM6UI,The amount of paperwork I need to do for school is INSANE #insurance #immunizations #fingerprints #backgroundchecks #childabusehistory,1
A0ITIBYG,people who don't vaccinate their kids because they believe in dumb conspiracy theories that have been proven to be untrue piss me off,2
RQ3O64DR,"""I'm dead"" ""Great, then I got the hepatitis vaccine for nothing!""",1
9NNZQ2FF,People not vaccinated for measles urged to avoid Disneyland <url>,1
D9RP0K4S,"<user> <user> The MMR was only needed once. Now twice? Money! My Daughter got Meningitis vaccine. Next day, couldn't walk!$$",0
8T892Q3A,Attention stupid people: vaccinate your children!!! <url> #vaccineswork,2
K2L5ER8C,<user> <user> vaccinations 4 babies starts it all up,0
TJRNXZSP,<user> his brothers wife told us that we needed to get the pertussis vaccine before we come to see the baby and if we couldn't get it,2
D25FARKI,EU drug regulator starts safety review of HPV vaccines: The European Medicines Agency says it has started a review… <url>,1
QVBLNE6M,"<user> <user> I am. Simple statistics and science. Vaccines aren't perfect. Much better than disease, however.",2
TLPJI4M8,"((Cada Dia)) Protect children from misguided parents: I had measles back in 1957, when I was a child. That was before the vaccine aga...",2
IBTVBMDR,Penn and Teller take on autism: why it's not linked to vaccinations. #autism #vaccines #PennandTeller via <user> <url>,2
2GLWULVO,Can't wait til my nigga <user> arrives. It's going down once that happens! Chitown to NYC. #MMR,1
7V0PLDY0,Since everyone else is posting about Measles these days... <url> I love intractable debates.,0
349,I don't support getting another tetanus booster.,0
BAONYLBR,"<user> anti-vaccine people want to control people with fear and weaken herd immunity...so if anyone knows about mind control, it's them",2
MSWL60XG,"<user> Can we please use Ebola to educate people that #vaccineswork #flu kills thousands. MMR, Polio can be vaccinated against!",2
S5RSAK5B,"Measles cases at 14-year high, mostly among those who aren’t vaccinated: Young boy with measles rash. (Credit:... <url>",1
B4VVTUGA,"<user> w/my 3rd child I went slow, 1 vaccine at a time. Began to see health probs, plus research enlightening me. We stopped.",0
8GCUZZH2,Sure vaccines may prevent disease but what about all the other shit in them?,0
7CIZTQ4F,<user> How can Nancy Snyderman discuss measles immunization when she wouldn't/couldn't stay quarantined for emboli??,1
IGE6VYMB,OMG. Rt <user> parents have been arrested in Pakistan for refusing their children’s polio vaccinations. <url>,1
XU0XQHCO,(Con't) that giving children vaccines according to the recommended timetable causes other problems such as autism. Glad that's resolved!,2
139,Vaccines are a hard no for me.,0
ZO6LPGBN,"“<user> Thanks Jenny McCarthy! <url> this is horrible, and terrifying for new mothers, please vaccinate your children!",2
TGWAJOF8,"RT ""<user> Video: Dr. Unloads On ‘Safe’ Vaccines - <url>",0
FV8FU127,"""<user> Savage: Disneyland measles part of Obama’s ‘medical genocide’ <url> via <user>",1
YHLSU9DC,"Hepatitis B virus (HBV) vaccination is recommended for all infants, older children and adolescents who… <url>",2
5EIPNJ8O,"C'mon internet. Jokes about measles and Disneyland are both unfunny and lazy. Stop it. Now, get creative.",1
UTYJ8VNA,"“<user> ""<user> <user> Children crying. Vaccine. Needle.""+ Thx luv” My pleasure. :)",1
D8TVG1ST,Facts RT <user> Yup RT <user> Lol RT <user> All these vaccines trigger diseases later on trust me,0
1ZF3CZGZ,+ 'bacterial translocation' promoting immunity has been practiced forever - Moms and wet nurses - chewing the food before giving to babies.,1
491,I'm saying no to the shingles shot.,0
391,I don't want vaccination requirements dictating what I do.,0
359,The tetanus vaccine isn't something I want.,0
109,I've made my choice to stay unvaccinated.,0
YA8OY2XV,"Clearly, nothing is happening in the news worth reporting considering we are talking about the measles, 24/7.",1
OWK29N7E,Are you vaccinated <user> ??? “<user> Passenger exposed riders to measles in San Francisco - <url>,2
26KW1EK6,People have been vaccinated to the truth parroting words out of context they don't even understand. Bless their heart but c'mon son!,0
456,I don't intend to get the HPV shot.,0
5IHX20TB,<user> he thinks vaccines cause autism.,0
9DSDWRKO,Forever mad at parents who don't vaccinate their children. You're not better than everyone else.,2
KRZMP25G,“<user> Dr. Oz is on tv spotlighting claims that vaccines cause autism. Reminder that everyone named Oz is a fraud.” <user> D:&gt;,2
J1I18N8M,“<user> MMR Vaccine Courts quietly confirm MMR Vaccine causes Autism <url> <url> proof!,0
M4YRGBVO,"Austerity is not a Vaccine to Crisis... It is a Parasite with Pandemic Potential! It Drains Life, Killing Slowly! #OccupyDC",1
256,HPV vaccination isn't for me.,0
FZ35HPSS,Senator Pan shares his concern about protecting those who cannot have immunizations such as babies. #PTA4KIDS <url>,2
RCIHYR5F,“<user> Pants on Fire! Rush #Limbaugh blames #measles outbreak on #immigrant children #TNTweeters #UniteBlue Stupidity is contagious,2
MLF0E2AV,"<user> yeah, but second question: is it undoing herd immunity and making people sick with previously cured diseases? Probably not.",2
SI3W8TXL,"Costa Rica warns about bringing back US measles: In a strange twist, Costa Rica is warning parents about the… <url>",1
2IDLZUC8,a confirmed measles person visited central Florida..But apparently didn't come to any of the theme parks. Disneys offering free backs to CMs,1
ZZJL8RZU,"""<user> People who complain live longer. Releasing tension increases immunity and improves overall health."" <user> im nvr dying",1
WLZYP2XR,Anti-vaxxers are defensive about the measles outbreak? What about ppl dependent on herd immunity? 1 bad jrnl article! <url>,2
AVVJW2VW,<user> Some of these children are better vaccinated than American children.Ebola is only found in Africa so stop trying to associate the two,1
YB1ETLOX,AIDS N : Q | HIV/AIDS Health Topics: Staying Healthy with HIV. Immunizations · Influenza · Information for… <url>,1
OERK7M4N,U.S. measles death rate was far lower prior to vaccination. Last decade no death: 80+ deaths from measles vaccine. #CDCwhistleblower,0
MUG4K0GY,Fine. Don't vaccinate your child. Homeschool them or do online school. Then we're cool.,2
P7XMZCUL,w/ my big bra <user> V.I.P $hit #FuckYoBigHomie #RRR #MMR #SRT10MG @ EpiCentre <url>,1
WHR9EROT,SWOG breast cancer committee now committed to develop a HER2 cancer vaccine trial for high risk HER2+ primary breast cancer. #swogonc,2
3SQM0TTI,#AloeVera prevents growth of #disease causing microorganisms: <url> #health #vitality #immunity #antibacterial #feelinggood,1
WHCFYV6G,Notice they don't mention if people who have it are vaccinated! OC High School Sends Non-Vaccinated Students Home. <url>,1
FH61CRPO,100 red dots on his body like he got the measles. Blow out your brains where you standin that's where we leave you. #SQUAAAAADDDD,1
ZGOOBBN9,And she said love is the vaccine. It gives you a cold to kill your disease.,1
X8S30I6F,A doctor finally discovered I had gotten #GuillamBared which is a virus found in #vaccines. #truth #life #awareness #vaccines,0
X8Y707Z2,California Vaccine Requirement Bill Gets First Public Debate: A bill requiring California schoolchildren to get… <url>,1
VC4GD3NO,"<user> How Could You Put Ur Child In So Much Danger? Most Of The Diseases That They Have Vaccines 4, I Had Measels17x. Vaccinate. SavesUS",2
FI7W7GQC,More cases of measles in January than in the last 20 years (<user> #Vaccinate,2
IY10ZK51,Measles and the Super Bowl arrive in AZ. Guess which one I'm here to cover. <url>,1
9H8D9XGT,Roald Dahl becomes sage of USA measles outbreak - <url>,1
423,I'm not a fan of flu vaccination and plan to skip it.,0
N2QDS0QD,3 New Measles Cases Reported In Suburban Chicago <url>,1
QJOI1T5J,<user> <user> Who're we hoping gets the measles?,0
M1A8GYIE,In Berlin Germany: about 600 cases of measles since the outbreak started in Oct.. Most recent death from this is an 18mo old.,1
CVXQN1P3,Spontaneous vaccinations! 💉💉💉 #flu #vaccine #health #ouch #medicine @ Walgreens <url>,2
8SI149NO,Arkansas just removed 100+ students from school that did not get there required immunizations. Good move AR. I rarely get to say that. :),2
ANNNG59T,There are now 51 confirmed cases of the highly contagious virus... <url> #VaccinesWork #vaccinate #Measles,2
4XJ45VKT,North Texas Student Immunization Information: School districts across North Texas will be welcoming students back... <url>,1
J4PU5WZI,Shots! 😣#Vaccinations @ Community Health Center of Central Wyoming <url>,1
38GPOXGD,Just ate at Bonzai hope I don't get the measles. 😂,1
590XNEZQ,California Is Now Safer Thanks to Mandatory Vaccination Law <url>,2
5YEAU0HT,<user> So now I am a child abuser? My 3 grown children R glad I didn't vaccinate them!,0
XFXZJGKU,Aww my poor baby got his vaccinations today &amp; he's crying in pain 😩😭😭😭,1
WBSBDHBQ,Dogs require tags as proof of vaccines but kids can run around infecting anyone/everyone just because THEIR parents are idiots. #saywhat,2
4TGFM4S8,<user> Absolutely brilliant! Let's protect all our kids; this T1D parent agrees!#vaccineswork #GrandmothersKnowBest #ready4hillary,2
204TR0US,Disneyland Measles Outbreak Linked to Places With Low Vaccination Rates <url>,2
KUQKSSSR,<user> are statements/discussions made prior to the debunking of vaccine-autism link all that relevant?,1
VL09UZY2,"<user> ...are babysitters allowed to refuse babysitting ""conscientious exemptions""...no IMMUNIZATIONS, no babysit?!? Thx",2
Y21OU1QR,"Next on 12 Monkeys, Cole goes back in time to stop a false study being published that links autism to vaccinations.",2
S1TCHNW2,"I'm at Orange County Health Care Agency - Travel Immunization Clinic in Santa Ana, CA <url>",1
OG7ZC96Y,Study: HPV vaccine not leading to risky teen sex: A new study shows that teens who have received a HPV vaccine do… <url>,1
ME64BPUV,<user> <user> ~can't expect inoculation to keep the flu away~not talking about measles~No we're talking about avoidable~eat garlic,0
QMJI33SP,"One couple spreads the measles during NFL weekend. I'm glad I didn't go down there, but now I have to play a hermit. Oh wait... #NoLife",1
1M5SRIMU,"Congestion, sinus headache, sore throat, body aches. Yep, the kiddos have temporarily defeated my immunity system. #cold #teacherproblems",1
LASIRKI9,“<user> Anti-vaccine mothers speak out amid backlash and #measlesoutbreak <url> vaccinate your children please,2
DW89N9YI,<url> U.S. Measles cases hit 20 year high.,1
L8WTNYDD,"Marin Dad, 21,000 Petition Signatures Head To Sacramento To Demand Mandatory Measles Vaccines: A Marin is among… <url>",2
SKR9HOXE,Who was the writer who decided to have the entire Panthers team get the measles? Has this ever happened in pee wee hockey?,1
W5K8I0HP,Why do people not vaccinate their kids I just don't get it,2
210,The COVID vaccine is something I've decided to avoid.,0
OK2IFDE9,😷😷😷😷 “<user> 70 measles cases linked to Disney theme parks <url> <url>,1
YU3W6TOU,The fact that I gotta go to school tomorrow 😩 only because I lost my immunization paper .,2
90ET0BA1,CDC - increased cancer risk from polio vaccine <url>,0
TUUJJDOK,<user> a tasty BLT with a side of MMRV vaccine! <url> #autism #vaccines #deadlybitchbabble,0
9LKLMD7J,<user> That used to be me. The sharp rise in autism doesn't align with drop in # of vaccinated. I ruled out vaccine/autism theory.,2
DQNHI0XN,What a day at work so many kids and crying with the vaccines I gave today 😩😩😩 now to do laundry then Walmart,1
JL894VSG,T1. Mine would be- are vaccines safe for individuals with autism? I definitely want to put this debate to rest! #hcsm,1
PVKWI7AD,#hpv vaccine a great safe sensible preventive measure for young women &amp; men. dont forget about it #stonybrook #PrimaryCare #cervicalcancer,2
0JG9ITML,"<user> nightmarish 1 in 68 autism % is environment ( pesticides, food additives, 100s more) + genetic.Vaccines MAY affect 7%. Not sole cause",2
H8LCYDX2,"the crazy part about it is that, this just the beginning !!!! #RRR #MMR #SRT10MG @ Charlotte Marriott… <url>",1
GS9O3T12,"<user> ""Measles Virus Entry Through SLAM Governs Efficacy of Mantle Cell Lymphoma Radiovirotherapy,"" = Viruses used to treat cancer.",1
W3IY9N7A,Nurse Nancy at the Weekly Breakfast Club on the issue of the need for vaccinations and the recent measles outbreak. <url>,1
0CYVWO4Q,“<user> BREAKING NEWS: Five babies at suburban Chicago daycare center diagnosed with measles - <url>,1
AZNYPR6F,Ebola vaccine trials set to begin in September: Officials at the World Health Organization said that the first... <url>,1
T61K8FTQ,"#InitialsOfPeopleThatMeanSomething DJN , MMR , AMM , TSW , JAB #NotVeryMany #OhWell #FeelSpecial",1
Q2FNR27Z,1st Adult Flu-Related Death Reported In Dallas County: A patient receives a flu vaccine. (credit: FRED... <url>,1
1493KD9O,Athletes are requesting bank charters to gain immunity from doping scandals.,1
UZA89HUW,I am going to SCREAM~~STUPIDFox News: Ebola is entering the U.S. via Muslim terror babies and Obama spent vaccine research $$$ on golf...,0
I43RDOU9,"LinkedIn employee infected with measles rides #BART last Wed, Thurs, Fri- exposing tens of thousands of riders #KTVU",1
OOSJBRI1,GET YOUR KIDS VACCINATED BYE,2
UV5B3XQE,Always get the facts from *legitimate* medical sources. Vaccinate yourself &amp; your kids. <url> #VaccinesSaveLives,2
OQYVIW8X,<user> measles,1
EQZVU0JM,“<user> #CDC reports decline in #HPV vaccinations <url> Not good. #preventHPV+cancers,0
1IFBGL6Q,"<user> no I think I still alive, no measles yet",1
7KLX6M13,Learn more about Measles by visiting: <url> <url>,1
102,I don't want to be vaccinated anymore.,0
5KBUFAOT,Stuff.co.nz: Measles outbreak sparks immunisation rush. Parents are rushing to get their children immunised followin... <url>,2
D1ERH10W,Turtle Power madhatterdc #mmr #dc #dj #retro #tmnt #michaelangelo #Leonardo #Raphael #Donatello… <url>,1
ADN2LJ0X,#ReasonsToNotVaccinate You live in Santa Monica &amp; your child is Far to busy @ the Toddler Pilates &amp; Gluten Free Day Camp to get vaccinated,2
9B3N8449,Report: 5 infants too young to get vaccinated contract #measles Nice work #AntiVaxxer you're so close to causing some deaths. <user>,2
A45PL46R,One new measles case announced Monday in Tarrant County: One new measles case in Tarrant County on Monday brought... <url>,1
924VBFSA,"Finally, the truth is coming out. This vaccine changed my life.. #investigatebeforeyouvacinate… <url>",0
K0CEXNCJ,Txting my bestfriend mmr his the only one that understand me sometimes loll,1
2FVH9MQX,“<user> Wondering how you caught the flu? CDC says this year's #flu vaccine is only 23 percent effective: <url>,1
36SE17EW,Study Explores Medical Exemptions From School Vaccination Requirements Across States: Findings suggest need to e... <url>,1
MWZJDREF,<user> <user> WHY WHY WHY are people so stupid??? Vaccinate your kids!!!,2
JQDLIV6K,"I love how #measles has the least intimidating name, but will still fuck your shit up.",1
MXA3PBHF,"<url> ""Open Letter"" Jay Z &amp; <user> #AWKIW VOL1 COMING SOON!! #MURDAGANG #215 #526 #MMR #PSP",1
R1NBXXBE,"""Measles at Simi High"" get your vaccinations, kids👍",2
4F3XQO7P,Scary stupid. <user> Chris Christie has come out in support of parents who choose not to vaccinate their kids: <url>,2
533,I don't intend to get vaccinated against meningococcal disease.,0
LZ54JZ7J,“<user> Now we're at 84 cases of measles in 14 states <url> via <user> arrogance and ignorance at work.,0
NTG7X0QP,"“<user> As measles spreads, so does anxiety <url> <url>",1
1JDU0JO5,I could have said I will be living and breathing measles until my dissertation is done but that would be awkward. Pub health faux pas.,1
NVQ8ZO8L,When did vaccinations for school children stop becoming mandatory?!? WHY WOULD YOU DO THAT?!? vaccinate your kids!!! Seriously!!,2
3UODZT8L,<user> no reason not to vaccinate your child. Should be required to go to public schools #badparenting,2
L7DJ9NXE,"<user> ""Gosh- I really hope I don't get the measles."" Me- ""Ummm- you were vaccinated."" Kinsey- ""Oh good."" 😜💉✔️",2
78XG1CG2,<user> anywhere without measles!!,1
TE40NOVB,<user> <user> I'm a proponent of identifying those at risk not blindly mandating vaccing everyone regardless of risk,0
5LYUD3C3,CDC: Kindergartners in Colorado have lowest measles vaccination rate in the nation: Some health experts say… <url>,1
UNAYWEP8,Mmr just in the hotel The Shining was based on! I hope I see something creepy!!!,1
Z0I531ZJ,"Is this 1892, why are the measles and mumps going around?",1
EH26DF2V,Baby got two vaccines today 🐶💉,2
VFIQ0QBW,do some research and you'll find that the doctor who said that vaccines and autism were linked did it so he could sue the vaccine companies,2
K0PI9KYB,Britain pledges over £800m for vaccines for children in poorer nations <url>,1
V44G0UAM,I hope you get measles <url>,1
3Z7BRB66,Every cause needs a champion - Dr Lucas Otieno. We see this every day in our amazing health workers. #vaccineswork <user>,2
JXCD3LO5,My daughter Isolated Autism 15 mos MMR #CDCwhistleblower #BreakABillion C Peds. note &amp; link <url> <url>,0
YMEBSR85,<user> VACCINES DONT CAUSE AUTISM,2
D4YUTOIN,New York City investigates measles outbreak - <url> <url> via <user>,1
RCS5Z8WH,Growing Number Of Families Opt Out Of Vaccines For Kids: BOSTON (CBS) – Vaccines have been proven to prevent... <url>,0
177,I don't support getting vaccinated with MMR.,0
MAHU1H0F,Flu vaccine proving to be less effective so far this season; state’s first death reported: The flu shot is proving… <url>,1
SB9E9JRC,I convinced jenny McCarthy vaccines cause autism #NaughtyListBecause <user>,0
4EEDH0NQ,With statistics like this I will never understand why people choose to not vaccinate their children. 😤 <url>,2
2E3NN1N1,This bitch seriously posted a picture on Facebook of her child with the measles. Likeeee took time to make it a collage picture,1
MWZHE56Q,"Vaccinations should be mandatory. If not just for the safety of your kid, definitely for the safety of others!",2
4STVF83A,Kicking off this session #studioflow #stillworkingonit #jennifair #somage #mmr #brooklyn #chicago… <url>,1
W1EQJYPN,Measles on the increase in San Diego county. Story tonight at 10 <user> #sdnews,1
NZPBGADS,I think it's absolutely absurd people won't vaccinate their kids 😂,2
58,I'm firmly against getting pneumococcal vaccination.,0
8P51VN1A,Just took advantage of the free children's immunizations that Thurston County gives each year. This is the way to go.,2
2U2MBG4F,Annual Childhood Flu Vaccines May Interfere With Development of Crossresistance: <url>,0
I32Z82IG,#Obama imported #ebola and #measles while at the same time giving Iran the nuclear option. Hmmm.,0
22GKOE2K,Advertising natural health but pushing immunizations that are not needed and unhealthy for my children strikes me as odd:/ Sorry,0
535,I'd rather skip the meningococcal vaccine.,0
BPI3X7HR,<url> Whistle blowing scientists report cdc covered up autism development due to vaccine correlation,0
V38ZF2BG,<user> Some kids have immune systems that won't allow for vaccinations. Vaccinations also aren't 100% effective.,1
41URLZBO,“<user> HB's going to give us measles” <user> <user> <user>,1
7Z82FKJB,"Measles are at an all-time high in the US for the first time in the 20 years. Get your kids vaccinated, yo. #ItWillNotCauseAutism",2
5ZVQNBPH,Oh no. RT <user> 14 infants quarantined after baby at Santa Monica day care diagnosed with measles. <url>,1
ZR9A08QH,"right when some new vaccines came out, so the cases of kids with autism rose as vaccinations rose, no actual correlation, but ppl r dum lol",2
P5ZCAUHT,<user> <user> When MN kids got admitted parents had new fear-their child would die of a VPD wondering Why didn't I vax?,2
9E7NXODZ,"people who don't believe in evolution, vaccines, and diversity can be elected, but your campaign is dead if you even say gun control 😤💩👎",1
2869G0F7,"""<user> Vaccine Injury Compensation Programs #CDCwhistleblower <url> #VaxTruth",0
1S475P7F,<user> flu shots have never been proven to protect you from getting the flu. The vaccine company uses it as a scare tactic.,0
1NP2A4RJ,TNF inhibitors and Measles... #ChronicLife #spoonie #spooniechat #ankylosing #spondylitis <url>,1
FCDGN2T3,"“On average, people who complain live longer - Releasing this tension increases immunity and boosts their health.” congrats <user>",1
OXP0G51P,<user> <user> followed you on MMR & nice ride Kevin!,1
2T642NYZ,"So there I was, MMR 1900, with a room full of people in the 1400s",1
ELZODN5P,THEY CANT KILL MY DREAM SO THEY ASSASSINATE MY CHARACTER..... #MindOfAMeanBoy #MBS #MMR #RRR @ MMR… <url>,1
QBN41M9B,"Am a bit nervous about traveling to Anaheim. Reading about measles outbreak from Disneyland, due to anti-vaccination parents.",1
2W171AND,Basic bitches. Annoy me so much more now that the immunity is gone from high school,1
445,I'm against receiving the HPV vaccine.,0
MCRTYR62,Pedagogy has advanced for over 400 years. Home schooling steps away from that. It is often like the anti-vaccination movement. #AJStream,2
T0FNCXRR,Plano ISD elementary student tests positive for measles <url>,1
RBYBGJP6,I think it is bullshit NY schools are requiring flu vaccinations. Whoever is in charge of that one is an asshole.,0
NYCXDJWR,JUST GET YOUR KIDS VACCINATED. IF YOURE ONLY WORRIED ABOUT YOUR KID AND NOT THOSE WHO WILL(or wont for that matter)BE AROUND YOUR KID..,2
5VJPD95Y,Studio time with my team. I need more of that. Killer team right here man <user> <user> <user> #MMR,1
9I04K697,Cat out of Bag! Measles Outbreak Chicago Suburb <url>,1
4OOKZNQ1,90% of pertussis (whooping cough) deaths are in infants too young to be vaccinated. Make sure everyone who touches your baby is vaccinated.,2
28MWBAEA,Pacool kids level 1 : got my vaccine shot hahaha <url>,2
SWVG5N1L,MRC - Fayette Co. Health Dept. Rabies Vaccination Clinic. (@ Fire Station #1: The Big House/ Headquarters) <url>,1
4GOBS3NO,<user> <user> believe me I'm fully aware. But are u aware the amount of mercury in vaccines injected to new borns is 4x FDA appr,0
QLQ2MDL1,VACCINATE YA FUCKING KIDS,2
W800D144,"If you don't vaccinate your children from preventable diseases, for whatever reason, you're a danger to us all. <url> #Fail",0
SQ5WPT6M,"""I want to live a simple life. I want to build hospitals in India &amp; vaccinate kids in Africa.""",2
48,"No shingles vaccine, thanks.",0
71,I don't want another tetanus shot.,0
XPFIYYXF,Jay Cutler isn't vaccinating his children because someone convinced him it causes autism. I would think better from a VU grad.,0
OQQLFWL0,"Flu now ‘widespread,’ County Health says time to get vaccinated: Hey, procrastinator (I said to myself) — It’s... <url>",2
QB6A0S9C,Maybe if Libitards vaccinated their kids and we didn't let the scum of the earth just walk across the border..measles wouldn't be an issue..,0
B8E5BG4T,"More info on #MeaslesOutbreak: If you have had measles, you are protected for life. Babies are at risk. This is from DR. Besser!",1
CGO9VZWM,Answer: more rapid detection &amp; vaccine... NEJM | Ebola — Underscoring the Global Disparities in Health Care Resources <url>,2
B440BX0X,How to Think About the Risk of #Autism <url> #vaccinesaresafe,2
BIA5HZZE,Nearly 340 Measles Cases Now Reported In Nine Ohio Counties: The measles outbreak in Ohio has reached 339 cases... <url>,1
O0Q9S6AM,when my baby gets vaccinated &lt;&lt;&lt;&lt;,2
Q6GO3GNM,2nd case of measles confirmed in King County: Public health officials have confirmed a second case of the measles in... <url>,1
4KTSCO07,: #FluVaccine is the most Dangerous #Vaccine in the U. S. based on Settled Cases for Injuries #health <url> <user>,0
F94I4925,Doctor versus doctor over whether to treat those children who's parents elect NOT to #vaccinate. <user> tonight,1
U5ALHOBN,“<user> what's life without the risks.”👌💯,1
9OTPD9LR,#MMR <url>,1
CDFY1QGD,BeefTalk: Start your calf vaccinations now <url> via <user> Good article on herd health!,2
KBOJUMFH,"""<user> People who complain live longer. Releasing tension increases immunity and improves overall health."" BAM we're good <user>",1
ACHTTN4X,Please vaccinate! Most of the anti vaxx crap is either straight up lies or people with a fundamental misunderstanding of statistics and math,2
R9L37XVI,Parents refusing vaccines for kids need doctor's signature: Parents in Illinois citing religious objections in… <url>,1
N64ALDBE,Why Childhood Vaccines Are Essential <url>,2
CG9X6VHB,Law makers need curb the appetite of unprofessional conduct of peace officers than force parents to vaccinate their children. Yes I said it!,0
LSV2FU81,"Go check out <user> new single ""Body Bag"" feat #Dreamchasers ""Omelly"" #Turnup 🔥🔥🔥#MMR #DC <user> <url>",1
LD7U7AZA,<user> Get and MMR booster before you come to Anaheim. Trust me. They had all the Cast Members get 'em.,2
98HLSIHZ,I'm your Muse tonight madhatterdc #mmr #clubbing #nightlife #photooftheday #partypeople #edm #top40… <url>,1
XHMIJEM6,"US Ag Secretary Tom Vilsack <user> the speed that deadly pig disease is spreading is concerning; we don't have pathway into US, a vaccine",1
RG2G1A75,“<user> 100 people go to Oxnard clinic for measles info <url> <url>,1
PCMAJRZ2,Get immunized TODAY!“<user> CDC: Measles Is Back and It's Spreading - <url>,2
Y9HIZWW1,Dept. Health Services: Fewer parents vaccinating children: The Department of Health Services said the number of... <url>,0
C01K4JMS,"Yay! RT<user> On average, people who complain live longer -- Releasing this tension increases immunity and boosts their health.",1
6W5YCJ6F,He that overcumeth shall be immunize unto the second death.,1
XUVTC7IW,<user> <user> vaccines KILL babies <url>,0
MM9S3QE1,Someone from the Cdc keeps calling me to find out if I've vaccinated my teenagers. I think I need to have a talk with myself.,1
52,I'm opposed to pneumococcal vaccination.,0
D53VHUFL,"Parec que fui a japon no mmr, sentimos que vinimos en coche <url>",1
9W04M06U,"Not only did this kid get vaccines today, but he is sick with a terrible cold. Somehow he is smiling… <url>",1
V0SKX7ZL,Watching pitch perfect and online shopping while possibly having measles makes an interesting night,1
16S6UPL0,Baltimore students have until Monday to be immunized or turned away from school. <url>,1
DLXUWTA2,Seneca County Confirms Measles Case: A student in Seneca County has the measles. A spokesperson for the Seneca C... <url>,1
ERTLPC6L,I will vaccinate my children right after their born #radkecd,2
G3F0D3O7,State health officials push flu vaccinations: The flu has arrived in Maryland and while cases aren't widespread... <url>,1
9ZD6951Q,Picking up food and a whooping cough vaccine (@ Safeway) <url>,2
21JFVNS8,<user> Flip flop much? Don't make parents VAX kids but #ebolanurse must be q'tined? Way bigger risk for measles spread than Ebola.,0
AHASIAPH,Public health policy fail. “<user> Measles on the rise as immunization falls - <url> <url>,0
GGO2U3XV,<user> <user> <user> <user> wasn't measles eradicated in 2000 ish?,1
89,I've made my decision not to get vaccinated for hepatitis.,0
6PZFSL80,“<user> Study: HPV vaccine safe but linked to fainting and skin infections <url> <user> <user>,1
377,I don't intend to get vaccinated for hepatitis.,0
D1VG2KWL,"a girl in health today asked ""if i get a vaccine shot thing then like it's gonna give me the disease right""",1
2NSMUT8D,"AIDS N : Ripley Co. Health Dept. Announces HIV Testing Clinic, Flu Vaccine Information <url>",1
S3D2KA1R,"Bitch, u got measles! #IDFWU",1
FBI1FLF6,Stricter screening restricts access to subsidized low-cost vaccines: Participants must be preregistered.The dead... <url>,2
KY1XP5DP,"Meet Mogul Kina of Kina's Lounge, new tables and chairs arrived. #Brooklyn @ MMR Kina Lounge <url>",1
R2OCLBEP,<user> <user> Get out in front on Measles message - the problem isn't Am kids not being vaccinated it's the illegals bringing it in!!,0
47XYNJQO,Do we even vaccinate deportees? If they agree to it? Seems like something we need to do for their safety and ours.,2
IDU6LF8K,"Harley X All Eazy ""Come Over"" #ManyMenRecords #MMR #WeMoving #NothingButHits 🔥🔥🔥🔥 <user> <user> <url>",1
Z2WRFA6A,"“<user> average, people who complain live longer Releasing this tension increases immunity and boosts their health.” I'll live 5ever",1
3JMMEG5O,#measles #Spokane #madeleines it was aa employee why can't <url> say that?,1
L8TY7ZOR,"I love how all this anti-vaccination crap comes from people who were vaccinated.... Just, come on guys. Don't be idiots. Vaccinate your kids",2
166,I'm not willing to get the HPV vaccine.,0
JEA3V06W,State issues measles alert after two cases confirmed at hospitals: The state is warning people who may have been... <url>,1
AV2MIRP6,Amazing stat of the day: “<user> The UN vaccinates 58% of the world's children. #VaxImpact”,2
K09AF161,<user> I have a sis in law that doesn't believe in vaccination. Her kids have tons of issues. #whyriskit,2
IMYYK6LB,Support our family <url> is now accepting donations to build their production company. #MMR,1
H0MFO2LL,Final vaccination and thus closing the book on last year's Amazon rainforest trip. (@ Passport Health Brooklyn) <url>,2
5SWIJ4BF,"Vaccinating schoolkids cuts flu in communities: Giving flu shots to schoolchildren also protects others, a new… <url>",2
X5J2T8PJ,"Personal Belief Exemptions For Vaccines Under Fire: A ""personal belief exemption"" can be used by a parent to… <url>",1
SUURL36Q,"""<user> Doctors Warn Against ‘Measles Parties’ <url> you would think ppl had common sense to nit do this…",2
3Y11LY6J,"Measles cases in California soar, concern growing elsewhere in U.S.: Last Wednesday, the number was 59. Nine days… <url>",1
K3OSTZJO,Omg!!! I just had to get the chickenpox vaccine!! I'm such a baby!! #neverhadem #dontwontto #idontdoshots,1
QTE3D6XA,“<user> Now they got a measles outbreak..” Been at Disney land,1
MBZU8RC3,VACCINATE YOUR CHILDREN PLEASE PLEASE,2
Z0OBE6YV,<user> completely agree. That being said this people who won't vaccinate their kids need to be flogged,2
NSRHQBCV,"<user> Seriuosly! ""Teen's death shows..."" Click-Bait Article states flu vaccine may not have saved her(!?). No autopsy yet. Amateur work.",0
UR03V01Y,<user> I'm watching the same one. Why would you not get your child vaccinated?!,2
CYI5NOOL,Trying to win back the kids' trust after I surprised them with vaccinations this afternoon. @ Molly… <url>,2
SG29HSKG,"Running late. Had to make kids look good for pics. Too bad I have 2 audits in office today, lab and vaccine",1
WSU3UXSR,"Day 5 No Booze Detox and pretty sure I have the measles. Thanks, Universe! Keep it comin'!",1
7GMFOQGY,"Vaccinate, people! “<user> All 15 Tarrant County #measles cases and five in Denton Co traced to megachurch <url>",2
6RG3NJ2V,Disneyland's measles just made the news here in NC.,1
BJXXCGMZ,Little info for the twitter world on how vaccines cause autism. <user> &amp; <user> should take note. <url>,2
QFRA4MOE,9months physical and vaccines! :/ (@ Kids &amp; Teens Medical Group) <url>,1
WFB0ADUY,"<user> she was like , "" that my dads like the plague however they do have vaccines for those type of infectious diseases .""",1
TDNUF4H3,I just want people to wear deodorant and vaccinate their kids.,2
X1HSXDVN,"US on track for most measles in decade: cases in 4 states, most linked to Africa, Europe, Asia <url>",1
DJ36Y7SZ,RT: <user> empowering the state to inject you against your will is a bigger threat than measles or any vaccine. #OpposeSB277,0
55Y1WQJF,Pushing a baby in the stroller is immunity to the kiosks in the middle of the mall. #fb,1
QM7HWZYZ,"Most won't say it, but I do not have to be politically correct: "" vaccinate your kids before they get the poliovirus,"" you idiots!",2
L1XRR3VI,42 measles cases linked to Disneyland: Happiness isn't the only contagious thing at Disneyland in… <url>,1
T4VPKAV4,"HB822 [NEW] In casualty insurance, providing for health insurance coverage for immunizations administered at a ph... <url>",1
VPKIJ8MG,Back-to-school vaccinations: While parents get their kids ready for back to school and buy last minute supplies... <url>,1
KWXJF3ZG,<user> my children had never gotten vaccinations. How can you poison your children!,0
JUN4IWKV,<user> U R A true HERO Thank u!!! 15 mos. Dr. Note MMR Autism IBD #CDCwhistleblower #BreakABillion #B1Less <url>,0
LFDUELMW,"If you think anthropogenic climate change isn't happening, the earth is &lt;10,000 yrs old, or that vaccines cause autism, you are anti-science",2
HG5JTVA4,Measles outbreak: California cases up by one to 92: The number of confirmed measles cases in California grew by… <url>,1
KQS5VTQG,What is the vaccination rate at your school? Explore the data. <url>,1
9NB8P5WA,<user> <user> I am just as passionate. Got vaccine for Pertussis when granddaughter was born. My kids were in HiB study at Kaiser.,2
8X6PE5KP,#MajorHeadsUp!!! Person contagious with measles visited several Portland locations <url>,1
MQR8SKTE,"Murphy rejects playing Cosby on SNL40. News at 11 for a response from ISIS, Putin, &amp; what this means for the recent Measles outbreak.",1
L6J2IFN4,Sick Child’s Father Seeks Vaccination Requirement in California - <url> – via <user> <url>,2
91YEZ9E2,SANDLER MOVIE SCRIPT LEAKED! Dadam Shandler: I pooped in my moccasins! Brob Schnieber: Vaccines are poison! Kavid Spabe: Can I borrow $20?,1
D4A3DOQS,How To Be a Responsible Parent Of Unvaccinated Kids by Boosting Natural Immunity <url> via <user> #fb,0
ESSWXLMQ,AIDS N : HIV: New vaccine which boosts body's immunity could lead to cure for disease: Researchers have said that a… <url>,2
78TFPJJB,"If only this could happen RT <user> Don't want to vaccinate your kid? You should get fined $5,000 <url>",2
2X6TSEUA,Health Officials: International Traveler Had Measles While In South Florida: The Florida Department of Health has… <url>,1
4XZ80CUS,"#pt See, this is what happens when you don't vaccinate! Diseases that are thought to be eliminated rise very quickly! #pleasevaccinate",2
QBKW74U9,"I had measles when I was 5, pre-vax; I still remember the misery. 60 years ago. Vax is a godsend, pls believe, don't condemn a single child.",2
KKNIYTJ4,What's the big deal? I think I had mumps measles and chicken pox?,1
7CZGRR15,"H1N1 vaccine has caused serious reactions, yet is included in all flu vaccines. Baby Owen's story: ""Bad luck, mom."" <url>",0
P656E41N,"If you don't vaccinate your kids, you're an idiot and I judge you so hard.",2
2GX3B4OI,"Screw you, Gov. Rick Perry! The vaccination of children is a decision that should be left up to parents, not the gov't! #mandatoryHPVvaccine",0
BCE8E4A9,CDC: 170 Measles Cases In US Since January: The number of US Measles cases this year is growing. The CDC says 170… <url>,1
NH5HHE0G,#measles #polio Why are these issues modern day topics? #vaccinations critical to First world status. How dumbed down is USA? #justasking,2
YRGE5VNZ,YES “<user> It’s time to set the record straight when it comes to parents who don’t vaccinate their children: <url>,2
54NSXY4J,"Never a boring day, this is just two days after the school sent an abundance of emails about measles.… <url>",1
I0PO6LGR,"I mean, is the notion of having an autistic child so awful that one would be willing to risk them DYING of a vaccine-preventable illness?",2
W1Y16KSE,<user> tonight was epitome of why pseudo affluent liberals are to blame for #Measles break. He is a science denier. #vaccineswork,2
3HKTRGDL,"Autism researcher Wakefield cana t sue UK journal, editor and reporter in Texas: Andrew Wakefield, who was strip... <url>",1
POFENRLP,"Listening to <user> ""Is it your inalienable right to catch and transmit deadly diseases?"" Answer is NO. #vaccineswork #AAP12",2
Z0SM0XLD,<user> you should have gotten vaccinated for meningitis prior to school however there is viral and bacterial which only is vaccinated for,2
EBA9S8EA,<url> Learn how 2 disect the Vaccination Debate frm <user> #Autism #ASD #SpecialNeeds #vaccines <url>,0
E4TFLPI5,<user> <user> no one's died of measles this year hon &amp; your irrational fears of godknowswhat don't make Americans afraid..,0
TZ6DN7EL,If you dont vaccinate your kids keep them at home. Do not risk Other people's babies.Saying you dont think you put anyone at risk is CRAZY!,2
PNGIMCDV,"<user> Quarantine Time! Can't bring a PBJ sandwich 2 school, but by all means bring in a case of Measles. #BackwardThinking",2
OO4R13XK,"16,000 flu vaccines headed to Safeway pharmacies: Tens of thousands of flu vaccines are headed to Safeway stores in... <url>",1
KQJ9VHZV,My Mr. Right [ MMR ] ☺,1
3N095LV3,Damn... How TF is Hugh Hefner still alive!?! Does Living with Sexy ass Bitches give u immunity to Death?,1
0P1N1PME,"I used to be skeptical about the connection between vaccines and autism, but then Rob Schneider tossed in his two-cents...",2
327,I'm not interested in getting vaccinated against meningococcal disease.,0
44DGTCM2,10 Watermelon 🍉 Health Benefits: 1. Boosts Immunity 2. Improves Heart Health 3. Relieves Muscle… <url>,1
81PFI5OA,<user> people who don't vaccinate their kids shouldn't have kids,2
HX72PYRS,MIT Scientist Shows What Can Happen To Children Who Receive Aluminum Containing Vaccines | Collective-Evolution <url>,0
6OAQZHCL,"<user> <user> <user> #roadto25 - also, still no <user> Smh. He coulda been 5k MMR by now... <url>",1
MV74H0WA,Have all players been vaccinated against measles? Is proof of immunity policy? Opportunity to encourage those previously misled #SuperBowl,2
GBW44VTH,"On average, people who complain live longer. Releasing this tension increases immunity and boosts their health. 5:15pm",1
Y436SC3J,Arizona Cardiologist Responds to Critics Regarding Measles and Vaccines <url> via <user> <user> <user>,1
WCSQVTOD,Jennifair #MMR Spring 2015 <url>,1
D8IZHAF6,#NEWSINGLE #smokendrink #manymenrecords 🔥🔥🔥 @ MMR Studios <url>,1
Z4WGWPQM,No no no yo mejor me boy de aki' ete #Mmr me tiene loko' #DileTuuuuuuu,1
ZQMHH2ZZ,<user> <user> Baby wants to know if McCarthy is going to try to leech the vaccines out if its blood.,2
JX76UI8F,"""<user> Connecticut Sen. Murphy Wants Parents Warned Of Vaccine Refusal Risks <url>",1
1E4DQ5J6,“People who complain actually live longer. Releasing tension increases immunity and improves your overall health.”<user>,1
ST2L8BVZ,"Sick of reading ""autism is awesome"" articles by pro-vaccinationists. U know what's more awesome? Not having autism.#CDCwhistleblower",0
VJMQALMI,<user> <user> I'm pissed. measles outbreak lets blame the American parents 4 not vaccinating.Root cause. Mexican illegal children?,0
TXQUTVZJ,#CoconutWater is amazing! #health #healing #healthy #immunity #digestion #longevity #wellness #natural… <url>,1
1N935YQK,Soapbox observation for the day: vaccinate yr damn kids and leave Bruce Jenner alone. Don't be stupid and don't be cruel. #growup,2
UBGBVJKK,Are you for or against getting your kids vaccinated? A bill makes it harder for parents to say no to shots. Talking to doc now,1
GSMEDVHP,"“<user> 627 Africans die of Ebola, the world says there is no cure. 2 Americans fall ill of the same disease, a vaccine pops up”",1
4P8TQQY3,"#ebola scare. We should ban flights from W. Africa, get vaccine or treatment protocols to Ebola victims there. #afraid of a U.S. epidemic",2
18V16H6G,China investigates vaccine maker after baby deaths: BEIJING — China has sent health experts to investigate a drug... <url>,0
H8EK63V4,"<user> good, I'm referring to you saying that regardless of truth people should believe what they want. Apply that to vaccines.",0
382,I'm not willing to get travel vaccinations.,0
B1V8IBOH,"MMR booster for G, return to target, school Valentine's distributed and now home. Hoping the kid will nap bc mama wants to!",2
1WATQGLQ,"Michigan's measles case: Oakland County adult has it; unclear if Disneyland outbreak is connected: DETROIT, MI --… <url>",1
AUDAGQU0,"Three-kid vaccine ""catch-up"" appt. Yay! (<user> I'm oversharenting)",2
CSVR9WC8,Health department offers hepatitis A vaccinations to patrons of SouthPark restaurant: The Mecklenburg County Health… <url>,1
4YFLRCX0,There might be a new baby boy entering the world today I'm so happy that I confirmed I have the whooping cough vaccine #cantwait #babywatch,2
4MOB7009,"if you don't vaccinate your kids, youre not allowed to make ""im so afraid of ebola and all its scariness"" comments because youre ridiculous.",2
NFUYEHRT,Updated shots!!!! No more vaccines until Im 65yrs of age. #Winning @ Chase Brexton Health Services <url>,2
XZ2KVK5H,“<user> Nine visitors to <user> have been infected with measles: <url> <url> <user>,1
CH2R6PR2,"AIDS N : Ripley Co. Health Dept. Announces HIV Testing Clinic, Flu Vaccine Information: (Versailles, Ind.) – The… <url>",1
ZEUFB8K4,The MMR is headed to New Mexico to take care of some business tonight &gt;:) #MMR #OrangePlumeBand,1
11YW9J2W,Had 3 shots of vaccines. And then school. And then home. Lol didn't rode the bus so everything's fine. I h8 riding the school bus.,2
T06ALLF0,Just got my last college vaccination. I hope Puigitis is on that list. The guys a disease. #VoteFreddie,1
QOBSX60B,"How some brought measles back by choice ""<user> Well: Putting Us All at Risk for Measles <url>",0
JIZO0OV9,How soon is too soon for building up your child's immunity to iocaine powder? #AskingForAFriend,1
XJASA1BQ,<user> Picard is in better health. Boschbergs vaccination caused Shingles will cause him fatigue,0
G29VX9KV,"German measles officially eliminated in North, South America: Health officials say the first region of the world to… <url>",1
FVYOX54W,Researching immunizations for a research paper. One article says they cause permanent death..... good example of a bad source. #uhhduh,2
6PT2R3T3,<url> What would it take for measles to return permanently.,1
0HII8A1W,Have you had your #workday / #schoolday vaccination yet? If not… <url>,1
FNU1Y1L6,Kids should not be forced to get vaccinations by schools!! <user> <user> they're not guinea pigs!!!,0
1QFLESAB,I better not get the measles <url>,1
3PSZGMMG,"Pakistan was close to eradicating polio, however conspiracy theory re: Americans using vaccines for eugenics decreased uptake. #globalissues",1
ULGJ0Z78,"2 Measles Cases in Marin Co.: Health Dept.: Two cases of measles have been confirmed in Marin County, the health… <url>",1
DWN49DJ6,"""I've read a ton of scary things out there"" did you read that measles are back? Asshole",2
61DWTBMO,The chickenpox vaccine wasnt introduced until 1995. We were among the first cluster of kids to be able to get the vaccine. How neat is that?,2
7ET6KM88,.“#EbolaOutbreak: Russian specialists prepare to test #Ebola vaccine on primates – Health Min <url> <url>,1
FROLBR9E,"People who say others are ""idiots"" for vaccinating their children are actual idiots.",2
D0NKIAQ2,<user> Good. I've been vaccinated against such infectious terribleness but you can never be too safe.,2
VG4962TX,"Training ground for 25,000 Confederate soldiers; some died in measles outbreak 1861-1862 #lifeofsusan… <url>",1
XQ9G3KIF,Vaccines important to health but need to be affordable for better access and implementation. <url>,2
8A83J3DJ,Obama says vaccinate your children. Thanks Obama. I had just put my 1st down payment on an iron lung. #really? #arrogantignorance,0
6UJBRRLD,Thanks<user> for being more crystal clear about the lack of evidence linking mmr to autism. I noticed :) #MeaslesOutbreak #autism,2
H6HE6VWS,Schedule your flu clinics ahead of time to ensure you and your employees get the vaccine. It's never to early. #health #WellnessWednesday,2
M8ZMH0HB,Do your kids have their #immunizations? They are doing them for FREE at Howard @ Howard University Hospital <url>,2
L2YD5P2B,He has a point there RT“<user> <user> Vaccines cause Autism. It's true. You can't win.”,0
G9N9AMPC,"<user> Anti-vaccination parents risk everybody's lives not just their own. I rarely call for behavior to be criminalized, but that does it.",2
GLLHQ3D2,"Vaccine: Know Your Rights and Risks Thirty, forty vaccinations before elementary school ends. If true, #notGood 🖖🏻 <url>",0
C0L0EIY8,"Lol I can't with people who don't vaccinate their children. God isn't going to save them, medicine is <url>",2
E9FVT7IT,What the hell I have to go to the hospital bc my roommate might have the measles,1
O4UB20DL,<user> Don't get Measles!,2
Q395QKW5,Colorado kindergartners have lowest measles vaccination rate: Colorado kindergartners have the lowest vaccine rates… <url>,1
PB10XN38,"We agree on this one! ""<user> Also: blaming autism for this massacre is like blaming vaccines for autism; zero science, 100% bs""",2
7V2HKAZY,<user> Fortunate to not have a child who was perfectly normal until vaccinations &amp; sudden autism takes over w/no other explanation.,0
FRMIAH2T,I need to go to Disneyland before my pass expires this week but my grandma doesn't want us to go bc of the measles outbreak. 😣,1
8CL3LFMV,I love how they say it's our choice whether or not to immunize but if I were to refuse I would get my kids taken from me 😂,0
7X67SK0A,California law makes it harder for parents to skip vaccinating their children.,2
6NOGQZ5Q,Listening to <user> ambassador of United Republic of Tanzania to US at <user> summit-It is a right for children to be vaccinated.,2
QCRMX4O6,I hate every person against vaccinating their children based on inconclusive research &amp; now causing outbreaks of once eradicated diseases.,2
KBMOEF3G,CDC And State Health Officials Confirm Suspected Case Of Measles At Princeton University: Princeton University says… <url>,1
O3E0E67W,<url> Childhood vaccines news,1
5XTRWZ1G,Mark Kendall: Demo: A needle-free vaccine patch that's safer and way cheaper <url>,2
A4ZNPQXB,I can't believe that there are people stupid enough to think that vaccinating their children will give them autism. #VaccinateYourChildren,2
IK7IDAW3,"They gave vaccinations that triggers autism&amp;stunt my growth, chicken pox so i can't travel to west to claim my wealth <user>",0
TI4XPTJA,#Typeyournamewithoutvowels mmr shkr lng ^_^,1
0VDVL8YO,<user> why isn't any1 wanting 2study my apparent #HIV-Immunity as determined by CDC/Emory/NIH #bo #mo see YouTube HIV-guy immune,1
YI09OBS7,"Marin Health Dept on 2 measles cases: ""The children had been exposed outside of Marin as part of the Disneyland outbreak..."" #mapit",1
3UP17TN1,<user> <user> Listened to your book on tape on trip. beautifully written. Do red dots indicate a certain # of cases of measles?,1
261,I'm not getting the MMR vaccine.,0
2MRGMMNU,Many of the health problems that people have today are due to vaccines and medicine. There is no quick fix to health. #shortsightedstupidity,0
AMMANIMQ,nintendo still thoroughly convinced they can have a competitive game with no mmr settings or rule voting,1
HNK5MLG9,So autism is comin from doctors vaccines .. I'm not surprised at all,0
KX034WEQ,“<user> People who complain live longer. Releasing tension increases immunity and improves overall health.” Well this is good news,1
BNHCNP1T,Survivor challenge old school style #immunitychallenge,1
AN3IVVZY,Hope we don't get the measles! :-) @ Disneyland <url>,1
KZNYZ6BJ,"<user> probably worse. Denying the Holocaust is hateful, but it doesn't put my kids at risk like not getting vaccinated does.",2
JY5FZ6BJ,<user> my daughter has never had a vaccination nor have I!!,0
AYIQUT6J,"<user> are u repeating what I just said or are you thinking ""HMM NO mmr va de mal en peor ese wey""",1
KBH62NE1,Advocacy Group Autism Speaks Urges Parents To Vaccinate Their Kids - <url>,2
FY5SHWZ7,"No autism/vaccine link, study finds: New study finds no link between autism and MMR vaccination, even in high-risk… <url>",2
N149N3U0,There are Amish missionaries? MT<user> How an Amish missionary started a large measles outbreak in 2014 <url>,1
6,I've made up my mind about the COVID shot: I'm saying no.,0
I2L3JHHJ,<user> there are also people that choose to believe vaccinations cause autism to this day... See what I'm saying?,1
6VG99UDS,Why we didn't vaccinate our child <url> #vaccinations #medicine #children,0
LEJ070TO,"Orgasms increase levels of the youth hormone DHEA, improving brain function, boosting immunity &amp; promoting skin #health",1
UHOUVEOF,"Million $ pledges to vaccinate world' kids: Britain $1,570 Norway $969 United States $800",2
K8NDJON8,#DYK 1 child dies every 20 secs from a vaccine-preventable disease? <user> works to give every child a shot at life. #vaccinesworks,2
HYDLOGP5,People from NY & Boston subjected in measles bowl village #outbreak 💉,1
GA2BE0RI,"""<user> Want MMR to come to your backyard? <url> <url> but don't think my 10x10 yard will work😏",1
JUPCYLTX,Managing EMS resources across multiple counties at MMR @ Mobile Medical Response <url>,1
ERL3HFEQ,<user> measles girl,1
HMVPFR8L,"Yikes! Vaccinate, people!! ""<user> Measles is extremely contagious. The virus can stay in the air for two hours, <user> says.”",2
9IFMM254,CVS caught lying about risks of high-dose flu vaccines pushed onto senior citizens with aggressive 'bribery' schemes <url>,0
T75U7XTS,"Since 1989, nearly 4,000 cases of #vaccine injury compensated by U.S. Fed Gov, totaling nearly $3 billion <url>",0
JL51Y4ZD,Congressman: Measles outbreak may be caused by ‘illegal aliens’ <url> <url>,0
GHCFK7TF,"Measles, polio, &amp; co. making a comeback?? Come on parents vaccinate your kids for crying out loud",2
SFBVDKRB,HB91 [Passed] An Act To Amend Title 14 Of The Delaware Code Relating To The Public School Enrollees' Immunizatio... <url>,1
T0F8KE8T,"I was anti-vax in '99, changed when presented with benefits of vaccinating my firsrborn...4th kid on the way, will be fully vaxed! #CDCvax",2
ALL5OPML,"Toddler dies of measles in Berlin, 1st death in outbreak: An 18-month-old boy has died of measles amid an outbreak… <url>",1
31NLZEXX,"Timing matters, <user> In 2008, the infamous vaccination / autism study had yet to be debunked. <url>",2
56MMCJSN,"If you don't vaccinate your children, you deserve to have them taken away from you.",2
M8MJUZBT,"There is a #vaccine against ignorance. It is called Statistics. Available at a college near you, but unfortunately not at many high schools.",2
Z345DGAA,<user> <user> This vaccine is called Gardicla vaccine &amp; is given 2 girls ages8-26 in USA. Gates was not trying 2 harm.Vaccine has,2
K6A6UUEE,"Measles? People are getting measles in Disney Land? Gut instinct is to blame anti-vaxxers, but let me research this a bit first.",1
9N46OULD,Marin vaccine skipping raises concerns of polio resurgence: The measles outbreak originating in Disneyland brought… <url>,2
334,I'm not willing to have the meningococcal shot.,0
1FHHAN1M,<user> Agreed <user> can educate on needed vaccines and make sure imm. record is available when getting sports physical.,2
TUR5WR8D,Measles cases in USA hit 20-year high <url> via <user>,1
7CRGCV2Z,"JudgeClayJ please share info on how to prevent influx of polio, small pox, measles etc with unvaccinated illegals.",1
8MCUWAP2,"I hate the way vaccines R being forced on us.If they were that safe &amp; effective,force would not B needed. <url> #medicine",0
MLYI6HOZ,Miners fight is on the field! Pregame is being learned fast! #MMR #UTEP,1
S4BCDJ5U,<user> on Thursday 👆👉<user> on Friday 👉<user> on Saturday #mmr #FLYORDIE Weekend !! <user>,1
I1YSPNCP,"Austerity is not a Vaccine to Crisis... It is a Parasite with Pandemic Potential! It Drains Life, Killing Slowly! #occupyLA",1
PC2E02DZ,Great to be able to spend Thanksgiving at home with the family. A little Extra thankful this thanksgiving! #MMR #blessed,1
LQ6WIZ9Q,"So if we get the measles, do we also get free or half priced tuition?",1
A6KRKOAV,"Hard Truth: My genes are likely the cause of my daughter’s Autism. Not vaccines, not random chance. My lineage. My sensory issues. My genes.",2
384,I'd rather change my travel plans than get a vaccine.,0
IHS5BEVU,"Geez, they got around... “<user> Person contagious with measles visited several Portland locations <url>",1
09B6SF4U,how come i can refuse to vaccinate my child but not my dog?,1
0JGB7LZN,<user> weight training boost immunity especially diseases from across the boarder #weightloss #fitness #Respect <url>,1
CQQLAEWG,<user> <user> Is Imus really telling people to chill until facts are out about Ebola? What about the fake vaccine-autism crap,2
PY6KX0E8,<user> <user> rewards #jennymccarthy for her disturbing delusional take on child #vaccinations <url>,2
7CPM3FKN,"<url> hello just spreading awareness, don't EVER be one of those people that doesn't get your kids vaccinated",2
3X6JBU5K,reminder to vaccinate your fucking children thank you,2
8PLIWTFH,"At the hospital....... Apparently Im patient zero for the reoccurrence of the measles, that's the best #yuck",1
V6IJATBE,Coughing extra on the shuttle and everyone thinks I have the measles. 😂 #VaccinateYourKids,2
MPJB6FX6,"MT bad ""<user> Worrisome data: OH measles outbreak is 68 cases, the highest # reported in any state since 1996. <url>",1
FF2362SB,"((ELB)) The next face of measles?: ""I am a healthy bouncing baby boy and I could be the next face of measles. I am to young to be vac...",1
TM348SJN,"I bet we could get some people to vaccinate their children if we sold doses as ""craft tinctures"" at the farmers market.",2
100,I don't support being vaccinated simply because I'm traveling.,0
405KYAFH,<user> (cont) how immigrants caused the measles outbreak,1
URRYTEDQ,"""Oh my God, I have the chicken measles,"" Ryleigh exclaimed.",1
5IF3TGGA,"World facing polio health emergency, risk even worse due to lack of vaccination. <url>",2
8664ZRYI,There is no reason we should have measles or mumps outbreaks in this country! WTF is wrong w/ people and specifically some parents? Vacinate,2
WRI3ODCO,Stuff.co.nz: Fear grows of #measles outbreak. Medical authorities fear a measles outbreak could spread to hundreds m... <url>,1
ADRIXQBB,"Shit I don't know if i'm the only one whose scared of Vaccines just by looking at that big, fat needle ! :o",0
66,I'm not going to get the meningococcal shot.,0
GGKCIZ33,Do you know someone who is opposed to vaccinating children? They'll want to watch today's News at 4. #13Now,0
IGGF56PI,<user> mmr has been over since November 😐,1
MUFFQP3V,<user> and ... You did not pass on MMR to those too young to be vax and those who can't get vax- thank you,2
KPPXO9TB,It is crazy that #POTUS and other officials still have to call on parents to vaccinate they children. Are we in the 21st century? #HealthYea,2
0O5G3ORP,Measles - A Texas Church is at the Center of a Measles Out break <url>,1
YNEFGANV,"Ultrasounds RT“<user> I AM NOT SAYING vaccines and the pill cause Autism. trying to find a cause, you look for different movers”",1
YUOQ6UZE,2 vaccines and 1 sore arm later we are cleared to travel! #Kenya Andre (@ Allen County Health Dept) <url>,2
TD0BWCG3,But AUTISM amirite? RT <user> Vaccines work. These 8 charts prove it: <url> <url>,2
GUFUPC3H,My mmr is so bad 😪,1
PFKM68LX,#Ebola Measles Cases Predicted to Almost Double in Ebola Epidemic Countries - Newswise (press release) <url>,1
1EJ1LR2N,#WaysToGetShot go to a local Safeway or Giant and ask for a flu vaccination,1
8D7A0V1L,<user> All diseases that are scarce due vaccinations can and will come back with a vengeance if vaccines R not utilized. HIB vaccine,2
3TVKOS7H,S405 [NEW] Provides immunity from liability for certain recreational activities and from injuries caused by acts ... <url>,1
QN0AKKUZ,<user> After putting mms of kids at risk for disease <user> backpedals <url> <user> #vaccines #PublicHealth,0
58I102GY,"<user> <user> yea, because measles is so awesome. Cancer, too.",2
LO6KLY0L,kendyl wont be allowed in school monday if i dont take her for a #varicella #immunization. WRONG DAY TO SCREW WITH ME.,1
Y4SCI93Y,<user> idiots don't vax their kids then wonder why measles become epidemic at Disneyland. #idiots,2
EMYYS0N5,<user> They'd also rather reduce herd immunity and have others' children die than risk their own child being autistic... #dolts,2
307,No pneumococcal vaccine for me.,0
ZJP9OLXH,Damn you anti-vaxxers. RT <user> BREAKING: Five babies at suburban Chicago daycare center diagnosed with measles: Chicago Tribune,2
7CG11DU1,Fire at southwest and someone is getting carried out by the MMR from the science building... great day at #svsu,1
BRYAJJJ9,<user> let's start worrying about getting freaking measles. #MeaslesOutbreak,1
FPF69LET,<user> 4 cases of measles linked to the MGM in Vegas.... <user> <user>,1
QJUU9SHN,"""<user> It's NOT Only a Coincidence! Click LIKE if agree. #vaccines <url> advocate <url>",0
GRC728PU,"""Tom Brady, you just won the Super Bowl. What are you going to do now?"" Brady: ""Sure as hell not going to Disneyland and get the measles!""",1
K3FMB142,Not doing the homeland homework being 11 steps ahead buying vaccinations from open pharmaceutical in Mexico like you can over the counter.,1
D2MZCRC1,"all I wanted was an opportunity, a bad bitch, and some immunity to keep a nigga safe from them snakes!",1
QS29800C,<user> <user> lies. ✋ lol when Dallas quit only jay and I were supposed to get immunity but drew paired you with us.,1
BBS52Y8W,“<user> Total number of measles cases linked to Disney theme parks: 26 people in 4 states <url> VACCINATE YOUR KIDS 😤😡😡,2
V4OJN66V,<user> u can catch it at any age but the infection is less severe as you get older unless you have lung disease or compromised immunity.,1
2KXTISSK,<user> you didn't get vaccinated as a child for it?,1
LG8Q7LDO,Parents who refuse to vaccinate their kids for measles! What do you think? 720 tomorrow.<user> <user>,1
1L2M35DZ,"Why the ""big mystery"" measles is spreading? Unvacinated, sick illegals were deliberately spread all over by #Obama and let into our schools.",2
DH2DQP5L,Baltimore-area doctors: Measles vaccines an 'obligation to one another': In response to a measles outbreak in… <url>,2
YQ08Z4HT,I hope her unvaccinated kid gives Jim Belushi measles. RT <user> <user> what about Jenny McCarthy?,2
4G2E5HP0,Shots on shots on shots. #immunizations #safetyfirst (@ The Village Doctors) <url>,2
1RZ5O9YX,"Suffer the Children: The Vaccination ""Debate"" Gets the Measles <url> /cì#mm",1
V81EJS9G,Kids can't bring PB crackers to school but OK to bring measles??? “<user> IN allows opt-outs for vaccinations. <url>,2
BW6PUVSA,#CDCwhistleblower in letter to Gerberding: “problematic” findings linking MMR timing to autism <url>,0
50QNF5B0,“<user> <user> Polio vaccine. It kept me from infecting and/or killing millions. #pathogenposse”. //I still vote yoga pants.,2
1Q5Y605G,"Also, I discovered that all of the 300+ children at his school are fully vaccinated. Benefits of being on a medical campus! :)",2
JZD7J1Q5,Out Of This World Set Tonight <user> #mmr #dc #dj #dmv #dcdj #dupontcircle #districofcolumbia… <url>,1
PK313VSZ,Would you rather have a kid dead from smallpox or a healthy autistic child? Just kidding vaccines don't cause autism win win!,2
MX2N2ODK,<user> haha! I've developed an immunity to such poisonous things! You can't get rid of meee~,1
L6FQ1XSW,<user> Step 1: Parents vaccinate their children. Step 2: ??? Step 3: GENOCIDE! #bwahhahhah <user> <user>,0
VPZEQX2R,"If you really want to fear something, fear flu vaccines. The ones we were to get at work made half the staff ill. For no reason.",0
BESZM8PJ,"<user> <user> My 8 kid's has been vaccine, and I don't like your attitude.",1
Y4I5PPRP,A cut in federal immunization programs despite the negative propaganda and measles out break via <user> <url>,1
WLVH34BD,"Must watch: Vaccines don't cause #autism, plus the study behind the #vaccine-autism panic is an authenticated fraud. <url>",2
SP8NP6BH,4 Month-Old Infant From Tennessee Passed Away After Given 7 Vaccines <url> they say it's just A COINCIDENCE,0
56GU2QFM,"AP Disney gave input on measles health messages: As the measles outbreak spread last month, Disneyland executives… <url>",1
273,I'm firmly against getting an MMR shot.,0
H7CBNQYY,"Somerville out of flu vaccine, remaining clinics canceled: SOMERVILLE, Mass. -- The City of Somerville Health... <url>",1
2TRCI5Z4,Scott Brown Rents Out Email List To Anti-Vaccine Conspiracy Theorist - <url>,0
EK3CX4V9,"<user> New discovery found that inject measles into cancerous tumors kills the Cancer, &amp; cures person! Natural immunity correlation?",1
568D4DIW,Measles outbreak reaches Cumberland PA <url>,1
CIYXKET3,"How can Rand Paul make the ""children as property"" argument for vaccines, but not accept it for abortion? The cognitive dissonance burns.",1
3N3JYDIK,"""<user> states [let] parents refuse to vaccinate their kids <url> <url> #6LazyStates#crackdown",0
NH32H68N,"So on this Rosa de Guadalupe, the parents don't want their kids to get the HIV vaccination lol",0
INRV2PIO,Raising Fear of a Vaccine and the Risk to the Public - <user> <url>,0
F8RFDMIX,So true. Antivaxxers are putting all of our kids at risk. #vaccineswork <url>,2
48LHYE0I,<user> <user> <user> Superstition again battles with truth. Vaccines have saved millions of lives!,2
IDJY7D6E,Yo <user> did you know vaccine refusal puts children at increased risk for developing pertussis and infecting other young children?,2
D4BU9KI0,Kenneth's immunization records (@ Barrow Co. Health Dept.) [pic]: <url>,1
NESKS9PV,The Government is spreading Ebola to create fear and cause people to get vaccines which will do more harm. You've been warned.,0
6CONZPZV,<user> that measles sense I mean I would you wish a happy birthday to people you hate?,1
5TTEQHU9,#vaccinations All they had when I was young was smallpox. Measles affected my eyes. Sister got polio like many others. Both preventable now,2
RJLGSNS8,"So only 20% of Americans believe in the Big Bang, 30% recognize evolution, and 51% know its safe to vaccinate. I'm gonna go cry now.",2
YCO7SE6P,parents needa get their kids vaccinated so they don't catch THESE HANDS,2
B27UGQI5,Pet rabies vaccines for $5: The Harford County Health Department is helping people afford rabies vaccinations... <url>,1
YLNPQMXP,Don't throw measles parties <url>,2
AQ5FF2JT,All this vaccination controversy is killing me. Please don't be ignorant,2
K3ZUWVBS,"paperwork ug (@ Orange County Health Care Agency - Travel Immunization Clinic in Santa Ana, CA) <url>",1
WCD8E6N2,"Tetanus arm surprisingly doesn't ache but the MMR arm I wish would fall off and let a new, less complaining one grow back",1
RZFJG4FF,"I've got it... The Breaking Dead. Walter White is a walker,but a super walker that can talk and stuff.And he has a vaccine to save survivors",1
0PIXHBGN,Watching <user> talk about vaccines at Harvard School of Public Health.,1
TILL5MH9,California measles outbreak grows to 68 cases: The measles outbreak in California is growing.The number of cases… <url>,1
6Q91OG6Z,This measles outbreak is scary. I don't wanna take my son nowhere,1
56PZ723Q,S2295 [NEW] Department Of Health--immunizations <url>,1
YKEGLXJY,"#Measles Rears Its Ugly Head In the US Again...About the Same Time #Obama Let all those So, Amer. Children into US...What's next? #FoxNews",0
E2ILJ0WY,"Every picture that Kristen Cav posts, half the comments are about vaccinating the kids. How does she not take the hint? #VaccinateTheCuttys",2
Y7YTEZO1,"Daycare owners say all workers and kids who come there must be vaccinated for whooping cough, scary new outbreak statistics",2
DKS73TZJ,How do you feel about parents who don't #vaccinate their kids? <url> #MeaslesOutbreak,2
Z8JTUMWP,"“<user> About 1.7M children died from vaccine-preventable diseases in 2008 before reaching their #5thBday"" <user>",2
PK5MVH6B,HB1251 [NEW] Providing for health insurance coverage for immunizations administered at a pharmacy by a pharmacist. <url>,1
CPFZOKWC,Free Back To School Immunizations Today: Back to school shots available today. <url>,1
D1A0MJI6,HB1043 [Passed] Vaccine protocol agreements; influenza; exempt activities conducted by a hospital or health syste... <url>,1
6QR8MWYM,"<user> would be a tragedy tho. I don't even like thinking of that hypothetical situation. ""A patient comes in with measles"" ""oh shit""",1
HFAYIMIW,Now to spend this gorgeous Friday afternoon in the health dept to get my 2nd set of immunizations for school 😑,2
94AUSJF1,"My opinion on people that won't vaccinate their kids: good, natural selection is happening. (Hint-you're not gonna be selected)",2
3QCBNUBK,"Is there a country that mandates #vaccinations ? If so, can I move there and watch you all die of #measles and other preventable diseases?",2
Q69YFGZM,"Sex is known to produce health benefits such as stress reduction, weight loss, increased immunity, and improved cardiovascular functioning.",1
PG3MFOH7,Free or Low-Cost Whooping Cough Vaccines Offered By Health Department: Add one more thing to your to-do list for... <url>,2
1CR2TDJU,People vaccinate your dirty kids...this means your grown ones going to college. Ain't nobody got time for no measles😠,2
OJXXI7UA,<user> MS parents are fighting to have a vaccine waiver &amp; philosophical exemption for their children. <url>,0
P0FYCQPO,Let It Rip Weekend: Civics exam for High School seniors and forced vaccinations for measles?: We debate if parents… <url>,1
T7AOTBNV,Is it normal to get deathly ill from vaccines lol,0
UPL00GCZ,Wealthy L.A. Schools' Vaccination Rates Are as Low as South Sudan's - Atlantic Mobile <url>,0
2AFA5M4B,<user> you have measles?,1
5UDA3MRE,<user> <user> more parents are choosing to not vaccinate their kids for a variety of reasons,1
KF6X7A2C,"<user> <user> vaccines are not 100% safe, nor 100% effective. But for the vast majority they are these things. If uncertainty scares you",2
7NMGEAVQ,"<user> I bet they told you the same thing about measles, in 1980 they told me infectious diseases were over #IDChat",1
4SAJAII0,"Tragic situation in #Somalia puts our ""recession"" into perspective. 600k starving children; dying from diarrhea, measles; no shelter. SMH",1
Y15Y0XOB,"CDC: Measles epidemic poses travel risks usat.ly/ixdtv1 Yes, very true but what about the Zombie Epidemic closing in on us?",1
5KRENYTF,"Measles are red, bottoms are blue, loading <user> now, and reading <user> too. #gayvday #singleandgay #hellomr #vdaygay",1
H2UV0RLJ,Dude with the measles went shopping at Winco by SHS 😳,1
IBL906O0,"<user> I get that I have three sons on the spectrum, and that the possibility that is a result of vaccine injury is very real.",0
U988MH2X,<user> I just recently got a Tetanus shot &amp; Meningitis vaccination for school. My insurance covers it why not lol,2
075IEFZ5,Don't forget to update those #Immunization cards for your babies. Mine go back to school next… <url>,2
EG27FCEE,ICYMI: British Journal Retracts Paper Linking Autism and Vaccines. <url>,1
PLWGAUGU,Tonight is an nite of bro bands. Milk music = bros. German Measles played their best set i seen. Wonder if ill make it to TOnstartssbandht.,1
WD0L3KLZ,“<user> Ohio measles outbreak is biggest in U.S. since 1996 <url>,1
8N0YV005,"""<user> #ECONOMY OF THE WORLD .... Can Shift Through ONE Disease. #ebola #measles #drMM #fb"" This is true.",1
289,I don't support getting the shingles vaccine.,0
457,I'm saying no to HPV vaccination.,0
DLFMACKH,via <user> How A Claim That A Childhood #Vaccine Prevents Leukemia Went Too Far <url>,1
U7BU1293,DOH Confirms Another Case Of Measles In Florida: Florida health officials have confirmed another case of the… <url>,1
KSS3YNGL,"Getting blood test to prove I have measles immunity. Geez (@ URMC Medical Labs in Rochester, NY) <url>",1
XVHW6NC7,"Wanted to stay of it, but I suck at that <url> #Measles #MeaslesOutbreak #vaccinations #VaccinateYourKids #vaccines",2
BQ135Y8U,Officials: Suspected Case Of Measles At Princeton University: Princeton University sent out an email Wednesday… <url>,1
UV24PIAJ,"YES. ""Measles Can Kill, And It's Spreading. Sue Parents Who Didn't Vaccinate? Absolutely. <url> via <user>",2
LA3GO2F4,"Lmao my dad just called me and asked if sammy had the measles, people don't understand sarcasm.",1
596,I don't want vaccination requirements influencing my travel plans.,0
4S2I8PPD,This bitch leaking Tatar sauce mayonnaise cottage cheese health dept need to be getting a vaccine stronger than Ebola bitch foh,1
WAIOBVMB,Parents against vaccination r sooo WRONG. It's an unfounded paranoid delusion. I agree w/schools that ban unvaccinated kids.💉,2
STKEZ7L7,More vaccinations for foreign countries! (with Megan at Kansas City Department Of Health) — <url>,2
VJXPI6OR,An interesting article on a small phase I <user> that utilized a modified measles strand to treat myeloma #mmsm <url>,1
F10LM162,Terrifying <user> 1 in 5 millennials thinks vaccines cause autism: <url>,1
7RS8LNRC,I had measles: I had measles when I was a kid. It wasn't all that bad - got to stay home from school for a cou... <url>,0
6LB9FGRY,Shit. <url> Coachella Valley has first confirmed case of measles,1
YRMC6KSW,380 kids die every day from measles. The vaccine costs $1. <user> raising $50K tonight <user> to save 50K kids.,2
ZTJK0ODJ,“<user> <user> <user> <user> paren de mmr #triodeseñoritas” trios los de las Tia's del abuelito esos sin son tríos,1
178,I'm saying no to the MMR shot.,0
WNOIOZE7,"<user> #Walking Dead, Rick finds a cure for the zombie virus, but won't give it to Carl because he believes vaccines aren't natural.",2
3P7DLPLR,The #face of someone who just completed her #first #live #Facebook #chat. cbschicago #measles… <url>,1
VKW10J0T,"People are shot the fuck out I'm too busy to deal with that,anyways shower time then mmr studio!",1
6YWL3A0H,"You dont even know whats in the vaccines, How can you argue the fact? Diseases in men and women are rising and rising.",0
E5DHQTAE,Right wing nutjob aunt sent me an email about autism and vaccines and my reply probably is enough to get me uninvited to family dinners.,2
ABTU0GHB,Meet me at #EscapeGentlemensClub Right Now‼️‼️ #JustTouchedDown #TheBreakupParty #MMR 😘 @ Escape… <url>,1
U3WPQXNF,Everyone keeps saying my rash is chicken pox or the measles 😑😂,1
DZIYA423,This female and her vaccinations!!!! I can't deal #Scandal <user>,1
IVGU16IW,I'm at the County Health office waiting for Yellow Fever vaccination. Looking forward to #taborwichita Bolivia,2
L1C1MJEJ,"“<user> On average, people who complain live longer. Releasing this tension increases immunity and boosts health.” I'll live forever then.",1
9YYZNXVV,"""On average, people who complain live longer. Releasing this tension increases immunity and boosts their health."" Guess who's living forever",1
KYU7L6V5,<user> <user> oh did we know to ask until after 2013? I didn't . Because #vaccines were safe. Right? #Hearus,0
304,I've decided against pneumococcal vaccination.,0
CF0R0NLT,Omg. They have a Kaiser thing at work giving measles shots lmao,1
OYSNOUB3,Study: parents' views on vaccines are shifting: Over the same time period that multiple outbreaks of measles and… <url>,2
P0PZBT5D,<user> <user> Damn those parents that make lame excuses not to vaccinate their children. Damn them all to Limbo¡,2
ZR8M04KB,<user> I hope ur vaccinated 4 measles if you’re going to Orlando!,2
XEHXA2FY,Just heard a lady talking about how she doesn't want to vaccinate her child. I'm going to just assume she's the dumbest person I've ever met,2
0JTP29C0,"""Maci, when you have kids... Get them fucking immunized."" -- words of wisdom from my mother #MeaslesProbs",2
8PZIEQO8,"<user> so where did the disease come from? An unvaccinated child would not produce The disease, but a vaccinated child could!",0
OUU6P0L8,#orgasm RT <user> Having #sex regularly can do AMAZING things for your health -- boosting immunity! <url>,1
GFUKJLQU,"Got the whooping cough vaccine, told husband he needed one too to prevent baby from getting it. His response #GigEm <url>",2
9OAF43CL,<user> 1st the bridge then Ebola and now measles. You are not presidential material #votenochrischrisiteforpresident,1
7H6UKNHI,Low cost vaccination day. Kids getting their annual shots. (@ Silicon Valley Animal Control Authority) <url>,2
R68G1VQI,Great study out about measles vaccine. What say anti-vaxxers now?? <url> <url>,2
U8D5PVML,Tea-ching kiddos how to stay healthy this winter with this Immuni-Tea...Clove and cinnamon make… <url>,2
WBDMHKVE,Wind blowin so damn hard and we in a tent thanks MMR,1
AKN06FV7,#followdatbag #followyourdreamsbutdontsleep my bro djhpnotiq #teamfollowdatbag #MMR #FDBDJ #datbag… <url>,1
Z9BQEGBT,Study of 1.3 Million Kids Reveals Vaccines Aren't Associated with Autism <url> cc <user> #healthcare #health,2
TBXWE1ME,You're telling me some degenerates honestly think vaccinating your kids is bad?,2
30FUT3IC,"“<user> welp, the CDC is now recommending that boys should get the HPV vaccination too. lol.” hahahahhaa",0
PWEVLE0C,"<user> <user> "" that period, 17 grantees reported coverage of ≥95% for four vaccines""",1
3Y7FV224,<user> IS HE RIGHT? RT <user> Lots of autism +vaccine response. Stop these (cont) <url>,0
UY1918GD,<user> Do they itch and have a little clear center like a blister? I say chicken pox or measles.,1
FLL71G8H,"Now I'm murdering in all my ranked games. Figures when season is over. Oh well, free MMR boost.",1
39RJI5QQ,<user> i thought it was mandatory law to get your children vaccinated...,1
O1LQ72U1,<url> Judge orders 10-year-old girl be vaccinated for measles against mom’s wishes. <url>,1
EBED84CK,If I find out you don't vaccinate your kids and don't live in the Third World I will slap your face.,2
316XV4QA,<user> Forcing anti-vaccination ignorance on innocent children is just sick. I'm glad you posted this.,2
WJSC52W3,Or I have measles. Lol,1
5WEL81UF,<user> <user> Travolta is a scientologist/was on Drs after Jett passed sharing he had autism &amp; had been injured by vaccine,0
M1YXZWK6,Y'all thought #Ebola was nasty? Check out the measles at #SuperBowlXLIX. #idiots,2
RHECY9N0,"<user> ""we cannot emphasize enough, the solution is simple and available: be vaccinated"" - YES, follow #publichealth officials! #measles #bart",2
MUGIECOU,Authorities report King County measles exposure: Authorities say an international traveler coming from central Asia… <url>,1
JCBVUNH8,Does anyone have a good (recent?) empirical citation about the importance of childhood immunizations?,1
NP8KX9EY,"<user> <user> Ppl Need 2 Immunize Their Kids. Do Research. Most Diseases WORSE THAN INOCULATION. STOP This Misguided Insanity, Shots!",2
CJAU6MVA,What to know about back to school immunizations: Back to school immunizations can literally be one of the most… <url>,2
B8SZWVQU,"""<user> Vaccinations don’t cause Autism <url>",2
YVGUOI73,Vaccinating Babies For Rotavirus Protects The Whole Family - <url>,2
B5SYRGOQ,I can't believe my MMR used to be plat III and now it's gold IV,1
YN1JHJR7,Maternal vaccination with influenza/other protects newborns who are too young to be vaccinated <user>,2
FHF6NJ16,"#UNCBBall, #autismspeaks Vaccinate your kids!",2
2DD1OM1Y,Used my Garmin and #MapmyRun (bottom) on my run today as an experiment. I'd rather believe the MMR… <url>,1
VKOP17J9,"CDC: Routine childhood vaccinations in US last 20y have prevented 322m illnesses 21m hospitalizations 732,000 deaths - h/t <user>",2
278Q453X,"People who don't vaccinate are idiots, but this is even more idiotic. #Health <url>",2
U81V7XUU,<user> <user> / People need to be reminded that good health can not be taken for granted. Get those vaccinations.,2
QXS0DQRT,<user> maybe Dahl will awaken them. Washington Post featured Death of Olivia. Shouldn't we demand IQ scores for elected officials? #measles,0
QVOFNHHE,<user> polio is not a major disease in the US because we immunize at such young ages to prevent kids from getting it.,2
D11W22W9,<user> I am amazed that there is any debate on whether or not to vaccinate against disease. What if we were talking about Ebola !,2
SPUB8TWT,VACCINATION NATIONAL CHAMPIONS RT <user> Which states are the best (and worst) at vaccinating their kids <url>,2
9EPH2CVU,“<user> A professor from Umass caught with missiles?” #lololololololololololololololololololololololololololololololol #measles,1
1Z3YVWO4,"“<user> Facebook is where my friends from college share baby tips, vaccine conspiracies, and stories from hoax news sites.” Seriously.",2
1KUXLE4A,"Great article <user> ""<user> Visualizing global progress in reducing the burden of #measles <url>",2
HQV347TN,“<user> Health officials encourage public to get Measles vaccine <url> 10 new cases confirmed in Ventura County”,2
IT3VWV5T,You look like you got the measles,1
NILFDC3F,"“<user> A leading CDC official says it's ""possibility"" that vaccines rarely trigger autism <url>",0
W4VAQIFH,Today's asinine comment RT <user> you can't convince me the disneyland measles outbreak isn't somehow attributable to corey perry.,1
5KDOWBMS,<user> don't vaccinate your children,0
53FMM3C5,Omaha Jackrabbit 2014 #nebraska #gravel #mmr #teamdundee @ Herman Park <url>,1
FAW1QWEN,A378 [NEW] Establishes civil immunity for damages arising out of birth injury or congenital defect for physicians... <url>,1
S7BDGAXX,“<user> An AIDS vaccine created at Oregon Health &amp; Science University may clear virus from body <url> #goducks,1
MMHWHA13,Do you think cooties are still the same as when we were kids or do you think we need to update the Circle-Circle-Dot-Dot vaccine?,1
T864GY50,<user> the #flu kills thousands a year. #MMR is making a comeback because parents refuse to #vaccinate,2
2ATEULFO,"En mi TL solo leo mmg, mmr, mmñ, mmgvs entre otras cosas.",1
IMA5FUPA,".<user> u threaten community as u dilute herd immunity, put weakest at risk. Same science that created Twitter BTW #vaccineswork",2
DSH5EFVW,<user> <user> and how it crosses the Blood Brain Barrier to cause encephalitis. Read the ingredients and side effects of Vaccines!,0
BXAHQP3G,We still talk about this? RT <user> New study reveals vaccines are NOT linked to long-term effects in kids <url>,2
Q884184O,<user> Great story. Measles vaccine attacks cancer in landmark study <url> via <user> ——by <user> Browser,2
0BPDPZZJ,The fact that diseases aren't as prominent is due to vaccination - they can and will return if we don't continue <url>,2
OUAUSW7S,"""Manners..? Are those like measles?""",1
121,Why should I get vaccinated? I'm not doing it.,0
AP8D8KXB,<user> maybe its our natural desire to immunize those we love. Like giving your kids chicken pocks.,2
4U8OB25X,neighbors are so cute jus woke up to #mmr blasting. They know what I'd be doing if I could pick my ugly bruise face up and put my gloves on☺,1
5IMDCDN9,IF immunity doesn't penetrate blood brain barrier how does meningitis get better?,0
XAVB078N,"<user> Yes, there is an exemption. There is no law requiring children not attending public or private school to be vaccinated.",1
TRSTUBJQ,Baby NORTE survived his 1st vaccines! This boo boo stayin in the Fam 💙#abkc #oldeenglishbulldogge #likes #love #cute <url>,2
4RBXLDWO,CDC Registry (IIS): Manufacturers and Trade Names of Vaccines Update <url>,1
RQX52938,#OneNiteOneMicOneCity #MMR #BBoyEnt #mixing #mastering #hiphop #indie #sessions #studio @ Orpheus… <url>,1
3R2E2J9Z,<user> it was originally gonna just be VACCINATE YO KIDS but it sounded better when I told everyone to hide their wives. i think.,2
FXOQF6BT,"""Women in the developing world know the power of vaccines; will walk 10 km with their child in the heat &amp; line up "" <url>",2
RS5MLI5A,Measles Surge Worries Health Officials: DENVER (CBS4) - The highest number of measles cases in 20 years has... <url>,1
VDQ08N4Q,How can we convince parents to vaccinate? Acknowledge their fears. <url> via <user> #autism #antivaxxer,2
QYVSME2U,"Type 1 diabetes ""reverse vaccine""? That disease really doesn't want to be associated with Paula Deen anymore",1
R0KEPOT6,".<user> U.S. #Measles Cases Hit 15-Year High. So far this year, 118 cases of measles have been reported in the Unit... <url>",1
884PX244,“<user> thnks fr th mmrs” easiest mmr of my life,1
C34T9V7R,<user> I don't claim 2 know all the answers. I chose 2 not vaccinate my 3 children. I am 4 choice.,1
16ZZDW9H,<user> Majority of Americans want vaccines to be required as measles outbreak grows <url> <user> <user> <user>,2
D69X8G1F,Cool place and great beer of course. Look forward to our beer on tap soon - Drinking a MMR at <user> - <url>,1
VJSOG4TZ,"I just saved a dog having an allergic reaction to its' vaccines, so it's safe to say I feel like a badass right now. ☺️",1
VMF6FYL1,"<user> <url> Hard data needed to support vaccine safety question. Vaccines beneficial, Roundup likely not.",2
7ZODVGXE,I think the creators of the vaccine HPV need to test it on all their little kids. Then their grandkids and great grand kids. Then maybe,1
BJKL8KS5,<user> <user> I'm referring specifically to the MMR vaccine but yes you should get vaccinated when living in areas of high risk.,2
8V3KFHUS,I hope every single kid who's parents didn't #vaccinate them gets the #measles. #vaccineswork #VaccinateYourKids,2
TMC0LY3H,"Shelter for immigrant kids receives flu vaccine to prevent outbreak: To prevent a flu outbreak, the state health... <url>",2
U2C7ZW96,<user> THIS IS SUICIDE FOR THE U. S. ! CDC wants patients blood for vaccine attempt.,0
05C3Q22Y,Another win for #vaccines &amp; public health! <url> #vaccineswork,2
EMHEMUD9,E.vy shot &amp; edit by <user> #MMR <url>,1
SYPXHEIT,<user> Adults with cancer can die after exposure to measles! Leaving behind families wondering why others don't vaccinate.,2
5AGVY5R9,<user> deep! Did u mention these vaccines given to kids at such young ages?? And any new college acceptance letters??,2
SHVY2GMM,#Ronanation I would like to put my name to the petition on vaccinations &amp; entering school.,2
ZFDWQ2U6,4 year vaccinations and school health forms - check! #kaiser #mom #momlife @ Kaiser <url>,2
0IQC9Q9Z,"<user> If U R parents of an infant or small child considering immunization, listen 2 a doctor not a fear monger like CHICKEN LITTLE.",2
Q9W6YKCH,"#MeaslesOutbreak Please immunize your children; I remember having to be quarantined, no vaccine when I was a child. <url>",2
IUKZMHPR,Mexico doesn't have a measles problem. This measles BS is 100% the fault of idiot anti-vaxxers. <user> <user>,2
TAYELLJZ,"The three M's...mumps, measles and midterms",1
OCT5W6QC,"<user> it's a kids disease like i.e measles, mumps u need to go to ENT",1
PGTS5K6H,"Parents opting out of immunizing kids: Protecting your child is a no brainer, but how parents do it is up for debate. <url>",1
TMF0AOPW,Company tests a way to deliver vaccines by a skin 'patch': Vaccines for infectious diseases and oncology have... <url>,1
7DVZHKD3,"[To roommate] We should go get flu vaccines."" Why? Well, the flu isn't a great a great disease."" The flu is fine. Ok.""",1
0GY120L8,RT <user> We can prevent another #measles outbreak from occurring through some simple steps. <user> <url>,1
0VD2B7ZS,All the vaccinations my kids are required to have by law...have mercury in them.,0
3DZVOT04,"Prevent the #flu""<user> Public Health nurses talk flu vaccine <url> #PublicHealth #News”",2
4DXPZAAZ,<user> there where 86 cases of measles in 2000. Your article is #bs. Find #realnews #checkfacts <url>,1
BTIWT2N2,“<user> People who complain live longer. Releasing tension increases immunity and improves overall health.” Damn...imma live long as hell!!,1
SKVIDGYP,Happy MLK Eve...We Are Open Til 2:30 Bring It <user> #mmr #mlk #washingtondc #dupontcircle… <url>,1
40NPN41T,How do politicians advocating for vaccination choice(a community health issue) protest a woman's personal right to choose? #HelpMeUnderstand,1
YVE1K0UP,Bring it on typhoid fever !! And all the other various exotic disease vaccines I just got. (at <user> <url>,2
PKY3MK70,<user> I want a mmr pants,2
6E4KZTPT,<user> But the Mercury was removed from the vaccines.,1
5L6YJYIT,"Parents, don't be idiots: “<user> Measles outbreak prompts health officials to take action in schools <url>",2
IZH134R1,Every child deserves a shot at life 💙Vaccinate! #vaccineswork <user> <url>,2
BXL06UTF,"If you don't believe in vaccinating your children, I don't believe you should be allowed to have any. #AntiVaxxer",2
521,I'm refusing the meningococcal vaccine.,0
0B5KK0CV,Trying not to Catch measles at the mall...,1
NI5D08FU,#APhA2014 operation immunization winner is University of Tennessee Health Science Center,2
AEHUTO40,<user> you are exactly right I don't know what this paranoia is that people have against vaccines they're paranoia is killing children!,2
DMKMF5ZQ,I got the vaccination 💉😂 RT“<user> Scared to catch feelings ..”,1
OFYYWANL,Vaccine increases disease-free survival for follicular lymphoma patients: Study on personalized therapy may lead to ... <url>,2
JGOO8W6U,"<user> <user> allow me to interrupt rq, Vaccines in no way shape or form are related to autism. <url>",2
XCPLICRG,"<user> I'm suspicious that the vaccine wears out way quicker than the current cdc guidelines suggest, too .",0
MDAQWW3A,"Life 5 builds and restores core intestinal health to enhance intestinal health, sustain energy and improve immunity. <url>",1
VNDJNWOY,Possible exposure to measles on the Fourth at Sea-Tac airport: An adoptee child who arrived from Beijing on the... <url>,1
0OKMOOLP,Measles Contamination Warning To East Bay Library Visitors: Health officials are warning of a possible threat of… <url>,1
PJFRAIYE,"Ask the 400,000,000 who died from Smallpox, if they had any concerns about a possible link to Autism. #vaccineswork <url>",2
VD4BBKEO,"<user> I've been saying this for years.They have low/No sanitary standards, not vaccinated, going to kill us and our kids. #NoIllegals",0
QUL5HBNB,<user> glad you're feeling better! Shut up German Measles!,1
9YLJNCE8,Vaccine exemption bill temporarily stalls in California Senate Education Committee: SACRAMENTO -- Facing a barrage… <url>,1
D45D5ZPX,It wasn't until Ebola exploded that vaccines escaped the limbo they were trapped in. Now other diseases lurk <url>,1
STLZP6XK,Nothing pisses me off more than young mothers who know nothing about microbiology or immunology refusing to vaccinate their child.,2
H7TIVDCV,"Oh, yeah-parents should be free to not vaccinate but women cannot make decisions about reproduction and health? #whenwillitend",2
F5GRUYEB,Vaccines will make your child become a manimal.,0
49H88U2J,"I am now vaccinated for HPV, Hep A &amp; B, and the flu. Yay my health. Boo my arms. 💉",2
1QABI7IR,Waiting for a vaccination so I can go back to school. This blows!! Number 20 and they're on 8! #fml,1
106,I'd refuse a vaccine if someone offered me one.,0
F0XWN4BZ,<user> I am a proud parent of an autistic child who believes in vaccinations. Thank you for your part! #vaccineswork #responsibility,2
VHYMSTXC,"“<user> On average, people who complain live longer, Releasing this tension increases immunity and boosts their health.” Why I complain",1
K6P2MJND,I look like i have measles,1
4Y75EP2E,<user> <user> there are plenty of NON CHRISTIANS that won't let their kids get vaccinated. Inc Orthodox Jews. Parents of Autism,0
Q9C5TABK,Access to Fitchburg school is limited amid measles scare <url> Most read by neighbors in #Fitchburg #MA,1
200,"For me, vaccination is simply not an option.",0
UX47OSL0,<user> <user> small pox is the ONLY disease that has been eradicated worldwide. Doubt vaccine was only reason.,0
83BK4JZQ,I've been exposed to the measles. #dayshift #mybossreadsmytweets (@ San Francisco General Hospital Emergency Room) <url>,1
5Y0FSD6N,Facts About the Measles Outbreak - <url> <url>,1
YQCPP2TM,Modified measles virus destroys cancer in early clinical - <url> can this turn measles into a new virus and cause pandemic,1
G8DBJET8,CDC recommends 16 vaccines for kids. Their best defense against diseases that can kill children! #ncga #ncpol,2
44I3PINC,Excellent talking points on the incredible value of vaccinations to society from the Center of Disease Control. <url>,2
1P32OKU1,"Parents not wanting their kids to have vaccines to go to school. Claim ""their"" kids r being held ""hostage"". What about mine sick from them?",0
TKYAOOW6,"<user> I had to give the highly non-specific ""we'll have business news on MMR in ten minutes"" 😜",1
4EO8JMLR,<user> I can't. My brother had an awful reaction. And my friends child developed autism after her first vaccines.,0
JNAKPYNH,That moment it's the last basketball game of the season...and two kids out with streptococcus and your kids 1 of 2 ...😥😡 #VACCINATEYOURKIDS,2
SIZ2CR2M,Very scary <user> the measles,1
6DOA90F4,<user> he been had a fever since Monday..den it went away &amp; came bck today..poor baby got measles..,1
OIB67WEP,"Overheard in cle. Woman 1 ""Wouldn't that be some shit if I got measles. Or rabies. That would suck."" Woman 2 ""rabies would be a bummer""",1
VELLK0CT,<user> <user> <user> <user> my understanding is if you could get individual shots instead of combo vaccines safer,0
J7KDK9FG,A mountain of evidence has shown no link btwn vaccines &amp; autism. Can a virus cause stupidity? I wouldn't doubt it. <url>,2
Z1DSIVKL,Health Department Rules Out Measles In Montgomery County Teen: A 15-year-old boy from Montgomery County who was… <url>,1
MUA68AZR,The flu has killed 13 people. For a total in the valley for 22 people. I got myself and son vaccinated yesterday just to be safe.,2
JXCJC2GS,People are dying from #vaccinations CNN interview <url> #ChildrensEPA #autism #GB #pregnancy #pediatrics,0
YQ0TCNTD,Bones #mmr #dc #dj #barcrawl #livemixing #serato #skulls #madhatterdc #dupontcircle #mixmasterrod… <url>,1
3QA8YFYE,Confusion about whether nasal flu vaccine works for children: We’re seeing minimal flu cases in Colorado right now.… <url>,1
EGQENNI5,"State working to contain measles, 1 person at a time: Arizona public health officials are working to contain… <url>",1
STU2AC36,Iowa dept of public health calls me and says I was exposed to measles on my recent flight but that I SHOULD be ok. Ummm ok.,1
K5W75Z7G,"Austerity is not a Vaccine to Crisis... It is a Parasite with Pandemic Potential! It Drains Life, Killing Slowly! #occupyphilly",1
R0OURA1A,<user> yep.. Me too.. better to be vaccinated though. Just in case. work in the health field so it's sorta mandatory.,2
W922V1Y4,#extremeguidetoparenting Do whatever weird thing u want BUT vaccinate your baby. If ur so certain go visit a country with disease.,2
OPWQNZ4F,“<user> Many deaths #preventable. About 90% of flu-related pediatric deaths occur in #those didn’t get vaccine. #fluvaxstats” site paper!,2
7AIJX76B,Measles 'wake up call' issued in Baltimore <url>,1
UZ2LDU15,"OH: ""Would a heart disease vaccine be possible?"" Yes, there are many already. They're called vegetables.",1
CWP9TUSX,#Vaccines Are Not Safe:Can Cause #Autism (Neuro Surgeon) Dr. Russell Blaylock.: <url>,0
LU9JBXKU,A <user> classic on <user> Measles and the media: Are parents are being duped? <url>,1
DFCXI1UN,"""<user> Measles outbreak traced back to a single unvaccinated child. #stopavn #avn <url>",2
MUX9DGVC,"1st Obama gave us Ebola and now it's measles, He will do everything he can to destroy our country.",1
C1BQSBKZ,Autism Family Losing Our Home . Click to Donate: <url> via <user> #autism #autismawareness # vaccine injury,0
I cannot believe in this day and age some parents could be so oblivious to reality as to not #vaccinate their child.,1,1
NY0TAPH2,#Azhley mmr,1
0VU4L0ZF,Today's a new day. Make sure to get your kids vaccinated in case you haven't yet. #dontforget,2
S0VPKXS3,I *think* I got an adult MMR 3 years ago but will have to wait til tomorrow to call that dic and ask. T may have had one too bc of greencard,1
M42RRC3Y,Possible Measles Exposure at Berkeley Restaurant: Patrons of La Mediterranee restaurant in Berkeley may have been… <url>,1
174QX1C8,Camarillo Citibank Customers May Have Been Exposed To Measles <url>,1
JO7MVZ4Y,"Me: oh, Jenny McCarthy is here. <user> hide your children! She might take away their vaccines. It's funny because it's true.",2
YFK817S9,"<user> Herd immunity is for too young or immunocompromised to vacc. Vaccines can have side effects, but so do cars: relative risk is low",2
Q0SK794K,"<user> <user> I mean, we are the country that let measles make a comeback bc we placate stupidity.",2
7L18GQJ4,"Mayor of Bethany OK compares flu vaccine to mercury emissions, SMH",0
PNOOX3CL,Or measles or mumps,1
JIQMKCOS,Immunity Boost! #vegetarian #kidissick #BeBold #teamblackberry (@ Jamba Juice w/ 2 others) [pic]: <url>,1
PWCQCA0S,"Love is like the measles, all the worse when it comes late. #NAME? #quote",1
CTTQFSDB,<user> being tired for a long time will make me sick at the end cuz my immunity for diseases will weaken,1
3QJ27VJM,Jenny McCarthy has blood on her hands RT <user> Mother Warns Parents To Vaccinate After Baby’s Near Death <url>,2
1AI0N43L,<user> I know I've got like typhoid fever and the measles and mumps and maybe a case of the black plague. I'm the illest.,1
MJNGKTU2,<user> That's it!!!! I found out I seizured when I got my MMR. Maybe that's why I'm so screwed up. :),0
HN8KBV0K,SB121 [Enroll] Meningococcal disease-pupils to be immunized against at recommended age <url>,1
VUWAOCL8,"I'm at a supermarket, not truly by choice, with my measles. I feel like acting like a lizard if anyone stares.",1
ALQH1X24,My Official Birthday Celebration 1/30 #WavyBash🏄🌊🌊 <user> ‼️ #Hot97 #MMR #GFBOE #HardestOut… <url>,1
Z9RDIQXZ,Measles on the rise. Thanks #non-vaccinators.,2
308,I'm choosing not to get pneumococcal vaccination.,0
FE3DAH3G,Now they will try to discredit her! Vaccines and autism: a new scientific review <url>,0
7JBQ8S5U,#900 tweets leggo bout to go on a midnight mountain run #mmr <user>,1
U6QQ2VXL,Mogul Caribbean Resturant almost completed. #Brooklyn #MMR he sporting old style Street Mogul shirt <url>,1
KUEYGLBH,See vaccination rates at local California elementary schools <url>,1
AHIW6V0L,"Vaccinate your damn kids! ""<user> Stay tuned for more info on the spread of whooping cough in sd<user> <url>",2
UZH36Z83,At Michigan Annual Meeting Vaccine update Karen Mitchel MD How to increase your adult and childhood immunizations rates <user> #FMRevolution,2
QBPT1964,Tarrant County Student Immunization Information: FORT WORTH (CBSDFW&gt;COM) – School districts across North Texas... <url>,1
4D4088QE,S/o to <user> for covering Sen. Correas' immunization efforts for the health of us Huskers! <url> <url>,2
FOI5OWII,<user> you need vaccines to go to school. You must send your kids to some type of school. You need vaccines to work most places. Force,0
MQNYZU6M,"Please keep my cousins baby girl in your prayers,sweet baby girls immunity is down that caused a flu virus, in Cincinatti children's ,",1
AWTH5755,Someone got measles at Target in the spectrum.. Beware,1
101,"Honestly, I'm done with vaccines.",0
WTSBIHQE,Aldine Youth Center Back To School Fair **Free Immunizations ** Texas Children's Hospital Super Kids Mobile Unit. <url>,2
HSB42SCR,"18 children dead from flu this season , 17 yr old boy dead w/o vaccine #sosad #getvaccinated",2
1DS6IBLZ,<user> Yo se #MMR,1
441,I'm not going to get the HPV vaccine.,0
5OGDH7P4,"I'm not really shocked that the measles spread so fast at Disneyland. I mean, it is a small world after all.",1
5HOY9TVL,Went to the health center. They told me I only needed one vaccine. Ended up getting 3 shots. This is why I have trust issues,0
X3ZG8C9N,"“<user> Dear parents of unvaccinated child who exposed my cancer-stricken daughter to the measles, thanks! <url>",2
ZLVY7M0V,"Still no Measles cases in IA, state health director reports; asks for continued vigilance from providers. 🏥 <url>",2
0XDBUFU4,Just got a free flu #vaccine (thanks #Obamacare!) at #Target. So when does the #Autism and #ebola set in??,2
4E5N4V80,"<user> RT <user> Two confirmed cases of measles in the Denver area. C’mon, folks. <url>",2
DK7XPZCJ,"""I Don’t Vaccinate My Child Because It’s My Right To Decide What Eliminated Diseases Come Roaring Back"" <url> <user>",1
DBFVYMVF,Worst tweet “<user> How do vaccines protect babies? Discover the answers on #vaccinesNOVA on 9/10 <user> on PBS <url>,0
EBLFYXVH,I have to get like 5 vaccines to be able to go to school in Hawaii 😳 lol,1
371,The hepatitis vaccine is something I plan to decline.,0
8E1XBZXG,<user> measles? I'm no where near Disneyland! #badjoke,1
2QAOYO2I,"<user> Grampy, why did you say that? Don't bring me measles that's just what I don't need now!",1
T5PK1ZEP,"""Oh I dont want to vaccinate my child."" Have fun taking care of your child when the common cold becomes a fucking death sentence",2
CRRDTIH0,#nwo #Guest Vaccine Pandemic Targets the Innocent <url> #conspiracy,0
R80SL26M,"The article I just RTed if u choose to not get vaccinated you're being ignorant and just don't even give me the whole ""they cause autism""",2
0VX20OLY,THIS is why childhood vaccinations are important! RT <user> Today #India celebrates a year (cont) <url>,2
OYL51MZ0,“<user> Map shows the spread of Measles linked to Disney land. (<user> <url>,1
VL48F58U,Luke Greeves: Red Cross and partners vaccinated 1.8 billion kids for measles since 2001!! <user> #Measles2015 <url>,2
WGVFT59U,"Vaccinations save lives! ""<user> #Measles moves into #Kansas, here's who needs a vaccination. <user> <url>",2
HQ3O2UK5,I've got the measles I think that's the problem,1
SKJQ3YA7,RT <user> Vital Signs: Prevention: Shingles Vaccine Is Shown to Be Very Safe <url>,2
RECBKU63,"As Fall Arrives, CDC Recommends Flu Vaccine: The CDC recommends that everyone 6 months and older take steps to… <url>",2
I2O9RVUV,"Actress Jenny McCarthy: don't #vaccinate your kids, but ""absolutely loves"" Botox injections. #disconnect",0
T4QSIF3J,<user> Not getting vaccinated and ignoring traffic laws - both endanger the lives and health of others. We only debate one. Why?,2
PRW2ITRQ,Measles were eradicated in the USA in 2000. Thanks to Anti-Vaccine advocates it is back. Took these idiots 14 years. Thanks Jenny McCarthy.,2
2A4SF4K7,"<user> <user> Waldorf schools are notorious for their low vaccination rates. We won't set foot in one, even for public hearings.",2
W48Z91DF,<user> <user> <user> eMTs have a greater risk of catching measles then we get a bola same cautions,1
NR4M6RTM,Vax exemption rates are high in some AZ schools RT <user> New study wades into the debate over vaccinations <url>,1
Z1PK4BQH,Why wouldn't u vaccinate your child? Why would u not want to protect ur child from life-threatening diseases &amp; put other kids in danger?,2
2XKS4CGM,Children's Health Day at Almeda Mall! #noexcuses #vaccinations #healthscreenings #giveaways… <url>,2
5M4KP51N,Angry Parents Show Up At Middle School Parents Questioning Why Their Kids Were Sent Home Ahead Of Vaccination Law:… <url>,1
CRQUFMVH,"Measles Outbreak: New Case In Georgia, But Surrounding States Say They Are Prepared <url>",1
VFEHHLWD,Kids immunized by Feb. 20 or face exclusion from school/daycare <url>,1
THEW2XXI,"If Your Doctor Insists That Vaccines Are Safe, Have Them Sign This Form <url>",0
20915771,<user> I just showed you study that autism may be diagnosed during pregnancy. #StoptheLies #vaccinesdontcauseautism #vaccinesNOVA,2
6OM04K9S,people who don't believe in vaccinating their kids should live on Mercury,2
4GAJ5FEQ,"<user> with a little tweaking, though, that Nationwide ad would be an awesome pro-vax PSA. ""I'll never grow up, I caught measles""",2
0CUJLJYB,I'M FUDGING COMING DOWN W A COLD ON TOP OF ALL THIS... I HOPE I DON'T GET #MEASLES,1
T9R2UVYG,<user> are talking about getting different vaccines to protect yourself from diseases &amp; illnesses. Watch #TheDoctors #GetVaccinated💉💊😷🏥,2
8KESC1R2,Last round of Vacs for Montana. It really is that easy. Please #vaccinate your kids. #antivaxers - <url>,2
WGEEXUFA,<user> <user> <user> <user> <user> <user> <user> 13 confirmed vaccinated had measles. Patient 0? CDC?,0
7YTLJX7C,So it's not just you...Federal health officials face tough questions on why flu vaccine ineffective. <url>,1
NKS1VNMB,Measles Outbreak: Doctor Says Kids Who Haven’t Been Vaccinated Should Avoid Major Public Places <url>,1
3SW380CP,Fucking measles outbreak are we in the 18th century what is this,1
O7ESQRAJ,America's largest group of physicians just made a huge move towards ending personal vaccine exemptions <url> <user>,2
IKU81W3T,"Dear stupid, please just shut up already and vaccinate you child. #health #vaccinate #scotland",2
K52YJWA1,"Sometimes I'm pretty sure the anti-vaccine movement will kill me. Not of like, measles or anything, but probably from exploding of rage",2
IEYZ2371,Two confirmed cases of measles in Tarrant County: Health officials did not give any details on the two people who... <url>,1
AFBVGR1W,Passaic High School Will Provide Vaccinations After Confirmed Case Of Hepatitis A: Teachers and employees at… <url>,1
98PRCJOI,<user> Truth! And there is no vaccination for it either. Just avoidance.,1
WLZ5R9L8,"""<user> Mercury contamination in California to last 10,000 years <url> Yet they find mercury in vaccines smh",0
XVYEGF3Z,I just beat Brady AND Christine it's like a tag team and they just lost to measles little me,1
PEM9KSVV,"<user> @ this point I have 2 text, butw/Bon Jovi cover playin @ Alibi's hope U can come out 2 MMR BBQ<user> will b there!",1
20M3ME93,"Austin can't be indicted in the case until counter suit is heard. State says immunity was revoked, because he wasn't truthful #HollyBobo",1
XLJOYIO6,14 babies who were too young to get vaccinated now have measles b/c a bunch of selfish dumb fucks didn't have their kids vaccinated!,2
7F2QWS4N,"""With immunizations... Diseases disappear."" <user> <user> #RESULTSconf",2
RUJUGL8C,Getting my immunizations to green level today :/ 💉💉 (@ Memorial Occupational Health) <url>,1
YJ6G592T,<user> <user> I have enough to deal with with parents not vaccinating their kids. Now I've got race cars. He would go nuts!,2
M406FG1C,Baby with fever &amp; diarrhea from vaccinations = lots of BF'ing today. Which explains why I just inhailed a whole pizza. #starving,1
GLR6IYR1,Canadian HIV vaccine researcher explores ways to engage at-risk youth <url> via <user>,1
5IMTY6RT,I Know I'm Late AF But Happy #RichDay To My Brutha <user> Turn Up Lil Bro ! 💯 #MMR @ I-75 South… <url>,1
E88JJ8X0,"Health Department To Conduct Flu Shot Clinic, School Vaccinations <url> via <url>",1
AANPKP2Q,CDC: Flu strain is dangerous this year — and vaccine may be a dud: Federal health officials are warning that a… <url>,1
JMBTR1B9,"""<user> On average, people who complain live longer -- Releasing this tension increases immunity and boosts their health."" / ME!!",1
QJMJ0A3L,Sip N Shop Come thru right now #Marjais #PopularNobodies #MMR 🙌🙌🙌🙌 @ Marjais SipNShop <url>,1
KZ2SX6YN,"Hearing from my favorite boys 😭💌 I love Elder Brown, Elder Measles &amp; Elder Heninger so much. Their testimonies are amazing &amp; make my day! ❤️",1
07M7Y5JS,Killing kids! RT:<user> I am being proven right about massive vaccinations—the doctors lied. Save our children &amp; their future.,0
ECG25NCG,To the assholes that refuse to vaccinate their children: you do NOT have the right to put other people's children @ risk for your stupidity,2
YPFDQWC6,"3 new measles cases confirmed in Cook County, officials say: Three additional cases of measles have been confirmed… <url>",1
PKWJSMW9,"<user> <user> my question is if vaccines work and kids are immune, how are measles a threat? Seems a contradiction.",0
K6HUEMFM,From child porn to a measles outbreak &amp; coverup on <user> whoa! #SVUGoesViral #InBarbaWeTrust #getvaccinated,2
VIXXMXH1,#WhenIWasAKid my mom got me vaccinated because she understood diseases are #InvisibleThreat #vaccinesNOVA #thanksmom #nomeaslesforme!,2
6PGO92Q3,CDC offices empty due to gov shut down. Do u think ecoli or the measles or the flu are having a party saying 'this is our chance!',1
69YG0WX2,"<user> <user> don't kid yourself, it mutates @ high rate, no vaccine! People are global mobile. Predict &gt;&gt;&gt; rapidly",0
WT4J91U2,#onetime my kids got their vaccines and started walking the next day #truestory #thanksvaccines #vaccinesNOVA,2
7D5JA9H8,2014 has seen the highest incidence of measles in 20 years. Dr. Green #natco1,1
R0BQD0BE,"Going to school with +50,000 people means lots of flu spreading around this season 😷 #vaccinatedontprocrastinate #UT",2
HDKR9U3N,"Now just 4 countries where #polio transmission has never been stopped: #India, #Nigeria, #Pakistan & #Afghanistan. #Disease #vaccines",1
7HGGVLMG,MT <user> What is #measles? What are symptoms? Find answers to these Q' s &amp; more ... <url> <url>,1
UARA5ZAH,"AIDS N : HIV, AIDS Cure &amp; Treatment: New Findings on Vaccine Response Out : Latinos Health News ...: LOS ANGELES,… <url>",1
252,I don't plan to get vaccinated against HPV.,0
HX1J5HLC,<user> Wow. We agree on something. I'm a firm believer in vaccines. Both of my children are up to date and on time.,2
IVAOILVP,"AM-News : Week Ahead: EHR in the ER, HIV News, Docs on Measles Vaccine: Week Ahead: EHR in the ER, HIV News, Docs… <url>",1
444,The HPV vaccine is something I'll be avoiding.,0
36KZG020,<user> <user> Would never miss an episode!! I am so in awe of all the talent and mMr WESTMORE 's critiques.He makes the show,1
N2DB0UAI,"Man who contracted measles traveled in Clallam, King counties while contagious <url>",1
AELDACS5,"<user> lucky some of us have already had it ""childhood diseases"" can also affect adults dnt let #measles crp up on u <url>",1
5IMDGIYS,Number of Tarrant County measles cases increases to 10: Health officials said Monday nearly all of the measles... <url>,1
9L6EVA73,<user> please get your children vaccinated! Not worth the risk of them infecting others. Or enduring the pain it causes to your child,2
IB60TSMZ,...This <user> #mmr #mixmasterrod #dc #dj #live #photoshop #instadc #saturday #madhatterdc… <url>,1
8ZGNOF6M,We have a tap change today - MMR Brown Ale is back. You tapped out GoodTimes Amber Lager last night. Stop in for this delightful treat!,1
F2EK5D9K,Imagine giving this to your child's doctor like 😏😁🙌 <url> #doyourresearch #comeatme #vaccinesaregross,0
EWRX81RQ,Not with my mom thinking I have the measles just because I went to Disneyland 😒😒,1
1W7CNW8B,"Seriously I don't get annoyed about much on here but saying ""my child, my choice "" regarding vaccinations is so beyond ignorant.",2
WSIC3MGI,“This is a highly contagious disease:” Health officials urge community to get vaccinated at free clinics: Doctors… <url>,2
QNGX780X,<user> thanks for the RT! #flu #prevention #health #Vaccinate,2
VOTCLOF3,<user> The Columbia Health Department plans on holding community clinics as long as it has some type of vaccination.,1
HXLL1Q23,"+ climate change <user> Dolphin die-off is likely due to measles-like virus, NOAA officials say <url>",1
KR1MKHR7,<user> I would be very interested in hearing your opinion after I know you have educated yourself on vaccination poisoning and Autism.,0
37381CK5,<user> <user> calling something controversial doesn't make it controversial. HPV vaccine works and is safe. Shame on you,2
UYWTAU1T,“<user> <user> <user> <user> ” there hasn't been mercury in vaccines in more than 13 years.,2
DA6FV8JJ,Medical Examiner: HPV vaccine did not cause death of 12-year-old Waukesha girl: WAUKESHA (WITI) — The Wauksha… <url>,1
VFJ51M62,All of my babies. 💞 At the vet for check up and Leia's first set of vaccines. 🐕😺😘 <url>,2
SIE3LFPG,“<user> Obama welcomes a flood of illegal immigrant kids and now we have a measles outbreak? No kidding? Is Polio or Mumps next?”,0
JH1PPU4L,"Dallas legislator wants to reduce vaccine exemptions: State Rep. Jason Villalba, R-Dallas, said the goal is to… <url>",2
MHH4JCBQ,"Sad week for ethics in media. ""<user> CNN Publishes Story Denying Vaccine-Autism Link... <url> #CDCwhistleblower",0
8SX94HPN,"Drive-thru Vaccinations, are you kidding me?",0
TK525OEI,Love's like the measles-all the worse when it comes late in life...,1
BZGJTV09,<user> If you get a chance ask <user> about his views on childhood vaccinations. I asked him once via Twitter but got no response.,1
HQ6LK5KP,"Not to be a downer, but that kid should be home. Just had chemo and has little to no immunity.",1
SWWOVCWS,"<user> <user> <user> People hear one debunked doctor say that autism is linked to vaccines, ignorance ensues.",2
DGFLKBDC,"""We eliminated the measles and for some... reason brought them back again""",1
ACT6P9OW,"I love that the news about the newest vaccine study is basically ""Yeah vaccines STILL don't cause autism""",2
RV3R5JGO,Tonight on <user> - should you vaccinate your child? A <user> doctor weighs in. #vaccinations <url>,1
CQJ51Y1O,No shots at all. MMR vaccine included #87 <user> <user>,1
5HTOE6GV,Wait. So there's a measles outbreak in the country now? I'm sure those fucks not vaccinating their kids have got nothing to do with it.,2
8DCF83WI,Stop being seduced by people and things that are poison. Vaccinate your spirit so you are not moved by their presence.,1
6RKOAWFQ,"For someone who's in college studying immunology, vaccinate your fucking children",2
EGYKBJG6,#Anti-vaccine #hoaxer #AndrewWakefield really should stand trial for what he's done. <url> #IMHO #measles,2
CHO1BNH0,Mumps &amp; measles. In idaho. In 2015.,1
537,The meningococcal vaccine is off the table for me.,0
C1TRN6O0,Baby with Measles prompts closing of day care in California. Update at 10.,1
IXI2LWYH,<user> <user> measles are bad. Mumps are bad. Rubella is bad. Why not vaccinate? SMH,2
EQZKVS7U,Moms in the developing world are desperate to get their children vaccinated. #vaccineswork #shotatlife,2
PO2CHSK3,Let's help vaccinate children in need! I ran 2.060 <user> to help <user> #EveryMileMatters,2
JUJEIGAT,<user> My husband was paralyzed by Guillian Barre' caused by the flu #vaccine. GB was listed on shot disclaimer.,0
7A1IBEIB,i will forever be against parents not vaccinating there children,2
ZCIAST69,#Vaccinate or Not? Did you regret having your kids vaccinated? Just seeing where everyone is at on this!,1
TD15203T,"Arrest the driver for felony child endangerment, offer immunity if he tells, ""who hired you?"" Follow the squeals to the White House!",1
C04YE8RB,Clark County reports fifth measles case: An infant has become the fifth confirmed measles case in Clark County this… <url>,1
VQON2E1J,Last vaccine! (@ Aurora Health Care - Occupational Health) <url>,1
8DFBRBZ1,Measles-Hit Santa Monica Day Care Reopens <url>,1
HS8Z51CS,.<user> <user> so a bunch of NYC parents are hoping like hell other parents vaccinate their kids? We heart herd immunity.,2
HS873E7E,Do they already have a cure for Measles?,1
8YKWJ9G6,"On average, people who complain live longer -- Releasing this tension increases immunity and boosts their health. <user>",1
5SDX984X,"<user> Next-measles!""<user> India has officially done the impossible and eradicated polio - <user> <url>",2
M4GEDINN,Gov Christy needs to stop practicing medicine without a license whether EBOLA OR MEASLES. what a dumb ass.,1
GQTRBMUB,"After further investigation, my assassin is an idiot. Ive spent the last five years building up an immunity to iocaine powder and rat poison",1
XKA5W2SJ,"""If you take this toxin or vaccine, you'll get cancer, or autism and you won't like hugs..."" #thefence #timminchin #everythingischemical",0
199,I'm completely unwilling to get vaccinated.,0
7YE0WW6U,"<user> News you might've missed, from <user> No. 5: 400 million children get immunized: <url> #vaccineswork",2
QW2SH0OJ,#ACR13 small study shows in 10 pts with lupus shingles vaccine safe. Needs to be confirmed with larger study <url>,2
E9DWA3W6,More than 230 Noblesville students not immunized against measles -Fox 59 <url> #Clare #Noblesville #IN,1
839Z6Z43,"If parents stopped feeding their children thinking it was unhealthy, they'd be charged with neglect. Why can't we do the same with vaccines?",2
3BKPAFFR,Health: Researchers Testing New Vaccine That Could Lower Blood Pressure: A new way to lower blood pressure might be… <url>,1
4R0UCZKO,it's 2015 and our president has to tell parents to vaccinate their children - pro life! Let these dumbasses reproduce!!,2
J9SG11Q7,<user> Bitch has measles.,1
94YII52M,<user> <user> this is me every time I lose a dota game. Rip mmr #doto #dota2 #mmrhell,1
SX5JG59J,<user> why has there been no coverage of #CDCwhistleblower? #EndMediaBlackout to honor Vaccine Injury Awareness Month #VaxTruth,0
I5YWTRE1,<user> I'm sorry but that is 100% inaccurate. Please look at what is inside of vaccines. It's toxic. And there are SO MANY diff,0
YJWP1KKZ,"Diane Griffin, Prof <user> --measles very contagious, needs high level of population immunity for control <url>",2
Z5YTJO3M,<user> Whoopie should say get the damn vaccinations for your kids....,2
RPKPEZ3U,Told yah it's measles. I get the credit. MUHAHAHAHA!! Merry Christmas daddy ching baluuuut <user> 🐣🎅🎄🎁,1
DZJHM1FN,Cold War Kids and The Vaccines with <user> #flashbackfriday #thiswas3daysago @ Rams Head Live <url>,1
5NVGPWM1,"I hope everyone will be getting the Flu shot! It has 4 diff vaccines, the most common this flu season, this year they're expecting deaths..",2
WK6EUXA4,"Lots of kids not #vaccinated in CO. I found 12% in Denver public schools, 18% in Boulder not to date or no records <url>",1
BUC1WGE9,If half of the country doesn't believe in vaccinations and climate change then how is Big Bang theory winning awards all the time,2
7M6FPKW1,"“On average, people who complain live longer - Releasing this tension increases immunity and boosts their health.” I'm going to live forever",1
T0COWD9I,SB108 [NEW] Require notice if certain immunizations contain more than trace amounts of mercury. <url>,1
YC6PBIND,Measles Explained — Do You Really Need To Vaccinate?: <url>,0
CGQ5A4SR,<user> but dont vaccines give kids autism? #sarcasm,2
FMM7WM67,"Health Officials Urge New Vaccination for Gay Men: Chicago health officials on Wednesday urged gay men,… <url>",1
X5TWRTHE,<user> vaccine injury occurs but not to the degree they say,0
FOIL7ZKQ,The UK study done in 1998 that claimed #vaccines caused autism had been retracted and the doctor lost his medical license #vaccineswork,2
3M07O2A6,<user> #HearThisWell Vaccines r linked 2 autism IBD Peds Note MMR 15 mos #CDCwhistleblower #BreakABillion #B1Less <url>,0
ROPZII5T,"<user> <user> ""Mayo Clinic knocked widespread blood cancer into remission with a blast of measles vaccine <url>",2
N45HNE1H,"“<user> <user> awww, thank you!!!! #MMR #mogulwins” No Doubt we on the same side ma!",2
1VRW4HCA,Getting four month vaccines because I want all kids to have a chance. <user>,2
451MWPD6,<user> ‘Legal’ #Kidnapping By The State To Cover Up #Vaccine Injuries | <url> <url> #parenting,0
MHACZZCM,You couldn't pay me enough to vaccinate my child. No way In hell. #notachance,0
B5YHXQNP,After their disastrous military and economic adventures republicans are now ready to attack public health #Iraq #trickledown #vaccinations,0
KNBI57AP,“<user> US govt continues to pay for new vaccine injuries/deaths every week <url> #vaxfax” #RobSchneider,0
H745DH91,Vaccination paperwork delivered. No more shots needed :-) (@ Shippensburg Area Middle School) <url>,2
K5M3KUUF,Come Turn Up a @ SOB's this Monday !!! #RRR #MMR #SRT10MG @ Charlotte Marriott City Center <url>,1
ZHE0Y956,"Be a #dragoncon superhero that fights deadly diseases like whooping cough, flu and zombyism by going to Marriott M109 for a free vaccine.",2
45PYS286,The government flaw with these virus immunizations y'all be safe bc you never know what they really given you,0
R5BS5EBD,Measles warning for BART riders in SF. WTF. <url>,1
7NASHXUQ,"<user> Hospitals will know. Follow measles, other disease outbreaks in schools &amp; statistical blips in social assistance claims",1
A3W81QVQ,Anti-Vaccine Mom Would Rather Lose Baby Than Vaccinate - via <user> <url>,0
104EGTOJ,"It's official, the paper connecting vaccines and autism has been retracted. <url>",2
G988R1SS,"It's cuz @ the same time in the 1970's the law passed 4all school age kids,prego women,n infants 2b mandatory vaccines,coincidence? Nope!!!!",0
15W1SV3W,We have to remember how effective vaccines are. They save lives. Risks are real but extremely rare. #vaccinesworj,2
V3U1MS2J,Health officials urge vaccinations after flu hits Maryland. Rick Ritter reports. <url>,1
KR9171SS,Amazing how news people attack about child vaccination rather than the economy or our borders,0
OM1NZI9W,"""<user> Disneyland #Measles Declared Over <url> <url> We can endure ""It's a Small World"" ride again. Fab.",1
A7FBR4HP,Gov. Christie: Parents Should Have Some Choice On Whether Or Not To Vaccinate Their Kids <url>,0
142,I'm saying no to another COVID vaccination.,0
6EARJHLO,“<user> just keep swimming <url> meanwhile children in Africa still can't get life saving vaccines,2
236,I'd turn down the flu shot if someone offered it.,0
EJB2TMCI,S413 [NEW] Requires insurers and State health care coverage programs to cover cost of HIV vaccine. <url>,2
1JP9A3RK,Prosecutor Ken Ervin: I want to know how recklessly killing an individual fell under the scope of his federal immunity.,1
SCTLGGH9,I hope they find a vaccine for this disease since Hypopituitarism is becoming an epidemic diseases these days💔💔 <url>,2
9KUXG4UK,Austrialia to deny benefits to families that don't vaccinate their kids <url>,1
H66VOR2R,2 Tube Flow #SelfishWitTheHookah #PalaceOnSunday #MMR @ The Palace <url>,1
ACCWOW1D,I know I only have like two followers but... Vaccinate your children dammit! I'm so sick of this crap.,2
59IIKZ5R,Don't go to Disneyland...your going to catch the measles.,1
372,I'm saying no to hepatitis vaccination.,0
MXA4YY2H,Measles and Your Family: Texas Health Allen Shares Information to Help Parents <url>,1
LONT99W3,Family Members Of Measles-Infected BART Rider Fall Ill <url> #Vaccinate.,2
N8BY3OJW,I thought doctors and nurses only lie to kids. She said my left arm will be sore tomorrow due to vaccinations. It is sore like a bitch NOW,1
IVNK4DU2,<user> #JennyAsks: Why are there so many green dots? #Autism #WhoopingCough #vaccineswork <url>,2
4V9ESLN8,"State confiscates newborn over vaccinations <url> is very scary, please read & educate urselfs to be prepared!",1
YDDVP1SB,The Vaccine-Autism Court Document Every American Should Read <url> via <user>,0
KHAKLPEY,"<user> Vaccinate your kids, Mike. <url>",2
3KWQKP1S,#LH4Mi measles coming back because parents don't do #mmr #vaccination on their kids cuz of fear about false study w/#autism,2
78BIFAOH,Finally!! Someone explains it in a way everyone can understand. So how do vaccines cause Autism? <url>,0
5VPTC5UL,Measles outbreak prompts vaccination debate: A political debate rages as the measles outbreak spreads to more than… <url>,1
AL9CI2E0,"Yep! ""<user> I'm hoping that someone who injects botulism into her forehead tells us how harmful vaccinations are. #Oscars2015""",2
M627J9FA,Common Infant Vaccine Tied to Slight Rise in Risk for Bowel Complication <url>,0
XHF3FZ2R,"Back-to-school can mean vaccines for tweens, teens <url>",2
B47LVCR9,"BART Riders, Patrons Possibly Exposed to Measles: Officials in Northern California warn Bay Area Rapid Transit… <url>",1
R45IFMM4,"SIUE MMR visit (@ Rise Sushi &amp; Sake Lounge in Chicago, IL) <url>",1
LV4RU7OY,Hundreds Of Berkeley Diners Possibly Exposed To Measles: A person infected with measles who ate at a Berkeley… <url>,1
JH52PMR4,“<user> Two experimental #Ebola vaccines pass safety test in African trial. <url> 💃👏 way to go science,2
0Y56ZZKS,"""<user> On average, people who complain live longer -- Releasing this tension increases immunity and boosts their health.""<user>",1
1349T83V,<user> <user> <user> it impacts stats health care laws. Reporting immunizations etc.,1
P9E3XE9N,Stuffing my brain with 3 chapters worth of immunity responses and infection. #procrastinationgamesostrong,1
2WJNFNTG,Drop In Vaccinations Linked To Spikes In Preventable Diseases Around The World: <url>,1
405,I've had enough of COVID shots. I'm done.,0
E80FYBRG,Thanks to our awesome school nurses and student services staff for getting students in compliance with the new immunization requirements!,2
LEX5BYIS,"👍""<user> Doctor to parents: Vaccinate your kids or GTFO <url> <url>",2
0WXLXI5G,"BBC News - 'Milestone' for child malaria vaccine <url> It's not THE vaccine for malaria, but it is A vaccine for malaria.",2
II5IDT3W,<user> why are you so concerned with employer health insurance covering women's birth control and not other things like Viagra and vaccines,2
SC6N1IG5,Measles outbreak reported in 2 NC counties: Public health officials from the N.C. Department of Health and Human... <url>,1
L435WQZ5,#California #officials warn of #measles #exposure <url>,1
6Y4SMELK,"It's world #AIDS day! May we find a vaccination for this devastating disease. Love those affected, and educate those to about #safesex",2
QVHU1D68,"AIDS N : Why Patients With HIV May Need Additional MMR Immunization: Even with vaccination, children with HIV may… <url>",1
3T7O85CX,<user> wow xD I've got like 6 guys xD that's 30 pounds! :D And 6 vaccines~ and 6 saves children~&lt;3,2
R45YYXBX,"""What's the measles tho? Is that a Jamaican band?"" -<user>",1
FQK01QVI,Parents trying to reverse kids’ autism by ‘flushing out’ vaccines with bogus ‘miracle’ bleach enemas <url> Bat Sh*t Crazy,0
OS5IPA2C,If you dont want to vaccinate your children home school them.,2
P7A2KKJW,Second hand <user> vapor cures autism!!!! Ask Jenny McCarthy!!!! #vaccineswork,2
VEOUHS3Q,Cosmic Wolf Set Tonight <user> #mmr #dc #dmv #washingtondc #dupontcircle #nightlife #downtown… <url>,1
HWUUDGIL,"<user> Parvo is a disease killing our dogs,it has vaccines that protect dogs! Passed from any other animal w the disease!Get the PARVO",2
D0NKL11G,Read.“<user> #vaccination and the irresponsibility of those who choose not to vaccinate their kids <url>,2
3ZK67VH6,To all the idiot parents refusing to get their kids vaccinated despite the measles outbreak at Disneyland <url>,2
Q48LUFK9,<user> <user> International Business Times What's Causing Measles Cases To Spike In The US? <url>,1
COX6E34T,<user> <user> / There is no gray area in this issue. Measles are highly contagious. Vaccinate.,2
20KX6K2D,LA Co. Health officials say 15 patients diagnosed with measles had contact with 700 people while infectious. <url>,1
IFM5A5T5,“<user> I grieved over the widespread deaths of those by the poisons intentionally placed in vaccines #Farrakhan #TheTime”,0
98C8W3MP,I thought whooping cough was something only Texas aggies could get. Vaccinate your kids!,2
1IFVRERY,<user> I felt if <user> is going to tag you in posts you should realize she's a Liar cause no one died of measles last decade,0
BX8YFRVI,I don't have my vaccines. Does that make me autistic?,1
PLA835Q1,"With their snowflakes getting sick, anti-vaxxers start getting their kids vaccinated. Just kidding. <url>",2
7SM4VBQT,travel vaccinations. #kenyabound @ King County Public Health Clinic <url>,2
T4G3RB04,<user> Disney land has measles,1
WBKLF5SX,"Measles is all like: ""Yo Ebola, you're welcome!"" #MeaslesTruth <user>",1
409,I'm tired of being encouraged to get COVID vaccines. I don't want one.,0
H4VJI4FU,Bloomberg - The Cost of Measles: Who Foots the Bill for Outbreaks? <url>,1
GQTGE1GJ,Should parents be required to vaccinate their kids? <url>,1
765OLGMB,"2015 Trends for Assholes Current: meninism Upcoming: hetrophobia, cismisandry, antigentileism, allosexual erasure, the measles",1
JHJZ1DIZ,Vaccines do not cause autism 😡😡😡,2
4Z02SWJL,Political support crucial to reach ‘the fifth child’ with vaccines. <url>,2
W1N5ITHL,HPV is a safe anti-cancer vaccine. Safe. ANTI- CANCER. Don't hesitate! #MNVaxChat,2
QV7LUC76,"<user> <user> Having had meningitis 3 times, they think I have shingles on my brain, I am a big advocate of the vaccine.",2
8YVWBVV1,"“Grapefruit, cabbage, watermelon &amp; almonds are immunity boosting foods which can help you stay well in the coming winter months” #health",1
283,Shingles vaccination isn't for me.,0
N01D9LS2,#karma Whoopi had whooping cough sitting next to Jenny who scared parents into NOT vaccinating their children,2
AK55YXRS,<user> <user> <user> 3.) Diseases were on the decline before the intro of vaccines. Thanks to better sanitation practices,0
OJ9O9W5B,<user> <user> Actually it's ten in a million. Still no peer reviewed study showing vaccines cause any diseases. I'll be here waiting.,2
DDN0AN2H,"in shauna's world, molasses &amp; measles are the same thing. oh. <user>",1
AB31TOZ2,“<user> We’re pleased to support <user> in its mission to bring lifesaving #vaccines to millions of children: <url>,2
PX9SU16F,Rubella measles officially eliminated from the Americas: Health officials say the first region of the world to rid… <url>,2
2DD250VN,<user> no. I was properly immunized prior to the performance. The kid puts on a legit show I will say.,1
M38M0KFB,<user> Yes measles was wiped out &amp; because new moms didn't see new cases they didn't vaccinate their children! Now they have no defense!,2
AE6SB49Q,“<user> About half of all measles cases in California involve unvaccinated patients. <url> and who's fault is that??,2
2VW3QD48,<user> YAS! The argument for it not being medically necessary to vaccinate a child relies solely on everyone else vaccinating theirs.,2
39CT5UPM,"Health Specialist (Measles and Emergencies), New York, (P-4) UNICEF <user> #jobs <url>",1
OE6LBHIA,<user> <user> Hopefully we can have a national policy that requires every one to get immunize unless it poses a health risk to them,2
ST2J3AR9,Looks like I'm not going to Buffalo Wild Wings for a while.... Measles outbreak at the palisades mall,1
Q1R1YJHD,"“<user> Calif. officials say children and others not immunized against measles should avoid Disneyland after outbreak"" or VACCINATE???",2
CB2MBLB7,<user> <user> A vaccine for tick-borne encephalitis is given to infants at 13 months of age in Austria. Symbiosis with deer?🌍,1
3NFF69L4,<user> <user> Para nada majo. Que desde que te he comenzado a seguir <user> no es #masterchef sin tus tuits. #MMR,1
HW3YZVAD,Shout out to the MMR Preston & Steve black listnas! (@ Burbon Blue) <url>,1
0DCTR0U9,&quot;<user> RT <user> CDC recommends #HPV vaccination for boys: <url> #cancer&quot;,2
WLB830DZ,Malaria Vaccine Shows Promise in Shielding African Children <url>,1
DPV7NEPE,"Those who do not vaccinate are ""free riding"" on the herd immunity of the vaccinated. So if unvax behavior causes harm, liable? <user>",2
3K9D06VA,"When they won't let me go to school because ""I'm not full vaccinated"" <url>",0
ESEVBTFN,"<user> thx for posting vaccinations are imperative. A dear puppy I know died of Parvo, a terrible death. Humans wise up.",2
C97A2UUE,WHO: Thousands of Ebola vaccine doses in coming months <url> #health,1
UTKEOJ5U,"Like the measles, love is most dangerous when it comes late in life.",1
F9AQYZQ8,Immunizations That Most Schools Require <url>,1
CFIF9RPO,Measles scare at Sharp Grossmont Hospital ER <url>,1
455,I'm refusing the HPV vaccine.,0
LWVS6B0Z,"""<user> On average, people who complain live longer. Releasing this tension increases immunity and boosts their health.""",1
N16YKKMK,The vaccine-autism myth // <url>,2
CZ82X7RQ,"Shameful, sad, completely avoidable #Vaccination safe, saves lives. #HealthyKids <url>",2
NC13TDJR,<user> Measles outbreak at Disneyland linked to non-vaccinations <url> it's reckless and dangerous,2
1H2FO31P,"<user> This is how that measles thing started, didn't it.",1
S06JE0C1,<user> <user> this is #CDC chart that PROVES #measles #vaccine is effective on site U linked to <url>,2
0IUEC7W0,There is none? “<user> <user> what do you say to the science that the vaccine causes measles ?”,0
LZ08IW9T,"AM-News : Ebola Can be Contained Through Vaccination, Says American Virologist: �Though the fear of Ebola is… <url>",2
J5IL5OEK,Giving children vaccines is giving them their rights - Dr. Mkopi. <user> <user>,2
7SHM37SI,The right wing hysteria that illegals are the reason for the measles outbreak is absurd. Put the blame where it belongs. #JennyMcCarthy,2
A2JBK2XV,Vaccinate your kids!!! “<user> Measles At A Rock Concert Goes Viral In A Bad Way <url>,2
R4H85MTK,“<user> The whole gang is back from a week off. Going live on MMR in just a few minutes!” HURRY UP!!!!!!,1
TFV9B8LP,"""<user> WAIT, SMASH MOUTH STILL EXISTS?!"" &gt;And yet some parents won't vaccinate their kids. Wait... Are we on the same page?",2
C7OJCRG0,"My professor is telling us about how bad it was wen kids used to get measles more oftn, blows my mind tht parents r still anti-vaccination",2
X0DE3HUA,<user> Yes- this destruction seems senseless. Let's go back to measles.,2
DIHD705Q,The scariest fact about the Disneyland measles outbreak <url> via <user>,1
PQ2UCYTR,"Ya ready con <user> pala caravana de #houston,texas saludos a too #tura y un gran abrazo #MMR and #MBC <user> <user> #TED",1
SJZTSIEF,Ohio's measles vaccination rate among lowest in country <url>,1
46,I don't plan to get vaccinated against shingles.,0
QPRCJK66,HERE'S THE PROOF. THE MMR MEASLES VACCINE INSERT SAYS IT CAUSES MEASLES ...: <url>,0
VDYSAGFQ,If God wanted me to vaccinate my kids... <url> #monotheism #ignorance,0
VWYA07BR,<user> <user> yeah I'd like to see one proven link between autism and vaccines. Oh wait....#VaccinateYourKids,2
F7E094GZ,"""<user> Don't vaccinate your kids #WorstAdviceEver"" 👍",2
CPR4DS78,"Disney FINALLY introduced their first Latina Princess. They would have done it sooner, but she's been sick with the measles.",1
6RJB47ST,<user> use mix of incentives (<user> home counseling to reduce fears of #vaccination. How do we do that here? #learnfromindia,2
575,I'm not willing to receive hepatitis vaccination.,0
J94KPVN4,ZERO legit med reason not 2 #vaccinate yr kids; wrong 4 them &amp; any1 they're in contact w/ <user> <url> <user>,2
JONKWMJ2,My niggaz so sick got tha Measles Thiz for my Niggaz Trapping in Regals <user>,1
K3F80FTZ,<user> hopefully! A case was diagnosed at my office today + I'm waiting in DR's office now for an MMR shot—I have a newborn @ home,2
QMFS3JB5,<user> and where does that mention vaccines being a cause of autism? This is antivaccine rallying looking for anything to bite onto,2
59FMV4QJ,"Muppets, Marvel, Star Wars- now measles? Disney owns everything!",1
UNCOVMNM,70 Preschoolers Tested for Measles in Simi Valley <url>,1
432,I plan to decline the flu vaccine.,0
HHJXLPQF,"When I hear about the measles outbreak at Disney I just think ""thank god I didn't get it"" considering I was at Disney right before.",1
2WOWQ3C3,"Great day, had fun at my first ever college football game. My first ever football game in #MMR looking forward for this season! #GoUTEP",1
8386A82E,Measles Confirmed In Oakland County Adult; First Michigan Case Of 2015: Michigan health officials have confirmed… <url>,1
2CDLGZYN,"HR187 [NEW] Recognizing the week of April 18 through 25, 2015, as ""National Infant Immunization Week"" in Pennsylv... <url>",2
MRV3WZPV,I don't care how many articles you post. I'm still getting my future children vaccinated.,2
KJH4WZCK,MMR playing South of Heaven. Nice. #Slayer,1
YAIWEFQI,<user> but have you covered (the politics of) childhood vaccines? Amazing the point we've reached there..too,1
BE2C90J6,"“On average, people who complain live longer -- Releasing this tension increases immunity and boosts their health.” I'm gonna live forever",1
XKN6LH8H,Fucking vaccinate your fucking children for fucking sake! IDIOTS!,2
BSXQ54OW,So Jenny McCarthy thinks that vaccines caused her sons autism?! If that's the case then shouldnt anybody who has been vaccinated have autism,0
K9BGFIM5,<user> <user> <user> MMR rocks.,2
B5YRCXCJ,<user> free vaccines for kids 2-18 low income homes check health dist to find one near you,2
5UHKNT8V,Vaccines are the craziest thing how do you ever think of making a person not get sick by injecting the disease into them lmao,0
TDF2ZOMX,AM-News : Vaccine can save children: ST GEORGE'S—Internationally-renowned biomedical researcher and HIV-1 pioneer... <url>,2
DLDZ75IH,Yeah because our babies need more vaccines. Up to 10 vaccines on one day that makes no sense what so ever. <url>,0
NI2XZ0R6,Infectious-Disease Expert Debunks Common Vaccine Myths <url>,2
390,I'd decline any vaccination offered for my trip.,0
3R7L52PT,"People ridicule Mississippi &amp; West Virginia, but they're ahead of all other states re: vaccine exemption. #vaccineswork #aap12",2
1HEGC749,((Cada Dia)) Protect Your Family: I was given the vaccine in school as protection from the measles virus that was around in the 60s. ...,2
JOW3IM6Q,"This Ekocenter creates a Hub for a <user> safe H2O, AND storage for vaccines in remote areas abroad. #BIF10 <url>",2
PSBTR7C9,"MT ""<user> Adults Mostly Getting Measles <url> Sing the Vaccination song. <url>",2
HS66UJ0N,The uptight children that have piano practice after my normal kid. I can't. Go back to the country your diplomatic immunity is derived from.,1
YYBC8DXV,Worried about measles at Disney? Blame low vaccination rates: A Boston Children's Hospital researcher has… <url>,2
PPZC548D,<user> parents have an illusion that vaccines are a problem. It is all a witch hunt. The lack of vaccination is already killing babies,2
ZCN8RWWO,"“<user> Thank you, vaccines, for making the world a safer place (pic <user> Leon Farrant): <url> 🙌🙌",2
255FB0Q2,"#TheDoctors I had measles as a child, very scary Why put your child through that?",2
HXVQSPF9,These people are lunatics RT “<user> What anti-vaccinators are saying online about the Disneyland measles outbreak: <url>,2
K64SSBSM,<user> mmr de plat 4 smells elojob,1
52FN9T1J,<user> because it has been shown to help immunity of whooping cough in newborn babies.,2
XWNASOAB,Yolo County offer clinics to meet school requirement for whooping cough immunization <url>,1
5X2WREPX,There is a Broth Festival in NYC this week. Measles in LA and Broth in Ny. The Victorian Era is back!,1
JTNN2ZUM,Clearly anyone who overlooks the privilege to play at UGA was not vaccinated as a kid. Auburn has enough measles dammit,2
M3J3R2A2,<user> <user> koalas in San Diego zoo are all vaccinated for all diseases upon birth,1
KLN6YETQ,Health Officials Confirm Case Of Measles In Northern Suburbs <url>,1
2ADVM2U8,My j.o.b. made me get a MMR shot a week ago...feeling the effects frm it. Not wasté @ all...,0
O8L0GVFU,Vaccine Critics Turn Defensive Over Measles <url> And all because of a study proven false.,2
OA9W0GIE,The #1 acidic food that decreases your immunity and increases the growth of disease &amp; illness in your body is SUGAR!!!!!,1
468,I don't want MMR vaccination for myself.,0
WIU5VGRH,CNN: Schools have closed the 10th of February 2015 due to a measles outbreak. Check to see if your school is closed. <url>,1
0PT06IG0,They are in top notch condition because they are pros yet there is no such thing as immunity from injury!,1
A0ORM4CD,"""<user> Watch: Volunteers are risking their lives to vaccinate children in areas held by ISIS <url>",2
0MUSBCCB,"We know how to kill zombies, why not measles? Why I use games to teach science. #scicomm <url>",1
I0RS4UHJ,"""<user> Religious vaccination exemptions wll completely end in Aus <url> <url> DEATH 2 ILLUMINATI",0
8VN9QHOB,"<user> Good to hear you still have the non-poisoned touch! ...or an immunity to iocaine powder, either way.",1
BFYZT5R9,GradNite better not be cancelled because of the measles outbreak! 😡😡,1
CAA43CSE,CDC Responds: Admits Omitting Vaccine Data: <url>,0
39,No MMR vaccination for me.,0
QHHSUX66,AMF + MMR = beautiful-ness lol,1
HY79NXW3,"""Why Your Dog Can Get Vaccinated Against Lyme Disease And You Can’t."" (Hint: Anti-vaxx idiots.) <url>",2
Y5HQZDOK,Walt is getting his vaccinations and I can hear him meowing for help. 😿 I'm sorry baby,1
WRV2N3R9,I still can't believe that people think vaccination causes autism. Like what? What are u doing? Shut ur mouth,2
184,I'd rather skip shingles vaccination.,0
2CISWC47,"Though Rand Paul has views I agree with, he is DEAD WRONG about vaccines. They are a proven defense against disease.",2
QNMJUWI8,<user> I'm convinced you don't need vaccines to stay healthy...because of my experience &amp; research..(GoodLuck with taking your poison,0
L4XCM5KA,Measles outbreak at Disneyland.. yikes thank god I don't like Disney lmao,1
NKMUP2XU,<user> cause if you have a severe allergy to something it's wise to avoid it. Dumb question. Vaccinate or keep your kids at home.,2
VM3B757U,And I 100% blame people not vaccinating their children as a reason why different illnesses are making a come back.,2
51NNQKTB,"“<user> On average, people who complain live longer - Releasing this tension increases immunity and boosts their health.” I AM IMMORTAL",1
9O0B89T2,#walgreens customer service failure. Do they provide #measles #vaccinations? I'm still waiting for an answer. <url>,1
HKO0ZVSS,<user> honestly it is near impossible to get out of low mmr.,1
MWLHW2WB,"Two unvaccinated adults in Indian River County have confirmed cases of measles, health officials say.",1
M5W4H5X6,<user> So the fact that Polio rubella and all these other diseases are almost eradicated has nothing to do with vaccines?,2
MCTCZOLG,I have a very worn out puppy on my hands. He's going to be even more worn out after his vaccination. Poor baby! 😥,1
LGAPA743,"Warning about possible measles exposure in Seattle, Kirkland, Mercer Island: SEATTLE — Public health officials on... <url>",2
SDKR38PH,"As the parent of an autistic child, I can assure you that I'd vaccinate again because I'm a grown man not living in the dark ages. Not real.",2
BMJNVM6R,Malaria Vaccine A Letdown For Infants. <url>,1
1UCY6JWW,"Guys it's happening, vaccines are officially linked to major diseases as well as the Monday blues/stubbing your toe",2
JWMG6XSS,"<user> <user> Also the CDC doesn't sell drugs, big pharma does. CDC tests diseases. The FDA tests vaccines.",1
KVHCQMUU,"""<user> THIS LADY TOLD U DONT VACCINATE UR KIDS <url> Never Forget #StayWoke",0
KA143GJS,<user> vaccine truth: <url>,0
0L606329,Please vaccinate your children. The Vaccine Lunacy <url> #vaccinessavelives,2
W9YXQ8RC,<user> meanwhile I had to get proof of MMR vaccination AND antibody titre to enrol at UT. Only req'd for int'l students...,1
XTCOUQR7,My baby got his 4 months old vaccinations today. He's a sleepy lil man now. #precious #baby #ouch… <url>,1
ZIQKEDR1,"MCHD Back to School event tomorrow in parking lot. Catch up your kids immunizations, sports physicals &amp; get free school supplies 8:30-12pm",2
6GV1DSNP,Pray for <user> and <user> ! They got the measles! Hope they get better soon! #prayforsammyandmoe,1
LCVWU6WR,<user> just saw the mmr love van in center city!,2
1Q9ZT9ZI,"""Lena Dunham helps me decide what vaccines to give my children"" - mom #girls",0
CD3AWSKA,A vaccine to kill God in your brain: <url> Uh yea I got nothing this is nuts.,1
26PNSJFC,Health department packed. Chyy y'all better get y'all child immunization shot.,2
GA6NQ604,Nevada health officials update legislators on measles outbreak <url>,1
071DYIT4,"“<user> ""The benefits of having measles"" RT <user> How is this real? <url> <url> oh, no.",0
DA3Y6WDW,Help UNICEF Make Full Immunization for the World's Children a Reality - The Hunger Site <url> via <user>,2
3DLRK6OR,Chicago-area measles cases put spotlight on day care centers <url>,1
RRUZRTKP,<user> <user> I don't have measles,1
UEI3BPR6,"I will map Measles herd immunity, it will be useful and first of its kind. <user> <user>",1
HFB1VYW8,Nmsu got a taste of Texas tonight :P #MMR #UTEP #42to0,1
G2RZQXZG,If only it was ethical to eliminate anti-vaccine and anti-GMO folks our world would be safer,2
239,I'm not willing to get vaccinated against influenza.,0
1IRWQUMT,A169 [NEW] Permits exemption from mandatory immunization for students in writing for any reason. <url>,1
7KHL38SH,"""True Love is like the measles you only get it once"" - 7 brides for 7 brothers",1
RRJ8MMCO,"#Flu vaccine may soon be required for up to 150,000 kids in NYC. Details up next on <user>",1
ABHUNK1M,In a store listening to a narcissist explain why she isn't vaccinating her kids even though she knows it endangers other children.,2
WTFXXPJZ,She too geeked 😸she about to start 🏫 school #immunizations @ Unity… <url>,2
7ZD1WIO8,New App for your phone <user> for busy parents to get reliable info about vaccines <url> #parenting #vaccine,2
HF9F9PZY,Measles free! So far... amandita77 <user> #fireballministry @ Disneyland <url>,1
BL800GDX,<user> CDPH warns that intentional exposure to measles could result in measles. <url>,1
9SUIDRL0,<user> had the chicken pox vaccine when I was a kid. Got the pox when I was 27,0
13EO2HMV,Day of dead...<user> #mmr #mixmasterrod #dc #madhatterdc #yup @ MixMasterRod's Upstairs Lounge <url>,1
GQLLZF1N,"Seattle Times, page one: 300 schools failed to report vaccinations as required, state says. <url> story by <user>",1
J1HLNEYH,Help prevent overdose deaths by calling 911.WA law provides immunity from possession charges <url>,1
S16RAG5L,Come Stay Warm <user> #mmr #dc #dj #dmv #djflyer #downtowndc #dcnightlife #downtowndc… <url>,1
0P9SW4NZ,If you don't vaccinate your kids IDFWU,2
68SGYYBE,<user> that maybe you shouldn't give those babies vaccines until they are more developed? Ya think?,0
MHXJO11Y,VACCINATE YOUR KIDS FTLOG.,2
762O38IJ,Measles outbreak: Father asks California school district to ban children who haven’t been immunized: Rhett Krawitt… <url>,2
RYRCIY6X,Study: Military Kids More Likely To Be Missing Out On Routine Vaccinations: New research reveals kids in military… <url>,1
V6VQNL03,"<user> I mean, being the oppressed isn't an immunity from criticism is it. We know chivalry is dead &amp; men only respond to women's wants",1
0J229Z39,“<user> Lololololol RT <user> He eat ass but don't want health vaccinations 😭😂😂😂😂” 😂😂😂😂😂😂,2
FZ3VBE69,"<user> Speaking of hard work, I would enjoy your critique of my story on our campus' readiness for #measles. <url>",1
A3EH83E1,"We have all but eradicated terrible diseases with the use of vaccines, yet people are still stupid enough to refuse them for their kids..",2
240,I've decided to skip influenza vaccination.,0
M47IB2JK,Great documentary on PBS right now on vaccine refusal and effects on public health/outbreaks #vaccinesNOVA #vaccineswork,2
238,My decision is simple: no flu shot.,0
20FC9DJG,<user> <user> more harm than good I think they deliberately put the wrong stuff in the vaccine 😢😱,0
86EWXZGR,See Vaccine Exemptions in Texas by School District: The heavily Democratic and rapidly growing Travis County… <url>,1
6CUZZWYL,5 million kids per year still die from diarrheal disease. As a pediatric GI Fasano was working on a vaccine for cholera. It was 1989.,2
7Q010JAK,"“<user> <user> #HealthcareClinic has Prevention &amp; Wellness vaccines, physicals, &amp; health screening/testing” great resource!",2
3OMN5PG3,"<user> #theview it's not funny! It's serious, they actually said they don't know, (cdc) but measles will kill, autism doesn't",2
LOSMUTST,"#Republican LaLa land nuts calling for vaccines to be optional,means no vaccines then no school,no public places,put them with stupid GOP",2
MY9M70FN,"Flu Epidemic in US?: Philadelphia Health Director, Don Schwarz, says the flu vaccine is the first line of defense in... <url>",2
1Y0WOMK1,#AntiVaxxers should not exist. #sorrynotsorry #measles,2
X8KV468O,"Walgreens sign: ""College vaccination shots available!"" Huh. I wonder which schools it works against.",1
2RKFX9VQ,<url> <user> #BOOTHWORK #BOMBSEASON #MMR,1
H2P9I8WG,Oh! RT <user> Australia to cut benefits for parents who don't vaccinate their children: <url> <url>,2
997L3YNX,I know what vaccinations are for. I was responding to a tweet about children being sick adults without vaccines <user> <user>,1
453,I'm completely opposed to getting the HPV shot.,0
97C6R84Q,Measles Case Under Investigation in Amador County <url>,1
LC5DM9V3,If <user> doesn't make people vaccinate their kids idk what will.,2
N772R83F,When you're whole crew gets measles 👌,1
41HCR431,“<user> Safety testing of an Ebola vaccine will begin soon <url> WTH !,2
450,I'm choosing to pass on the HPV shot.,0
VO6S5SG1,"Something about the super bowl , Katy perry and vaccinations . Katy Perry was giving children vaccines at halftime? Idk I stay relevant.",1
KCYTEC5V,9 Measles Cases Linked to Disneyland <url> via <user> seriously #vaccinate ur kids. +1 4 #publicschools requiring it,2
TU913J4C,"Vaccines don't cause autism, #2048 does.",2
WOUP1SHH,RT <user> Real history: Vaccines not responsible for halting infectious diseases of 20th century <url>,0
01WVQ80N,"""<user> Measles is so contagious that if 1 person has it, 9 in 10 of the people nearby will get infected if not protected. #getvaccinated""",2
PC9PCTXT,"BdNwz! Measles kiddie parties is a thing! GdNwz! So is ""I have The Most Misinformed, Arrogant Parents of the Year Awards""!",0
JMCJJ8OL,No mmr :O,0
MBL9V4Y6,"<user> veganism is the way. Vaccines contain more mercury or ""thimerosal"" than a pregnant woman can consume.",0
FUQDMZDH,"MMR TIME! (@ Virginia Mason University Village Medical Center in Seattle, WA w/ <user> <url>",2
NCNUT9O0,State confirms first case of measles this year: Massachusetts health officials confirm the state's first case of… <url>,1
8EYRM6A5,Denton County officials urge residents to get measles vaccine: More than 16 cases have been confirmed around... <url>,1
4HPRNLHP,Are ppl aware that the majority of kids who got measles at Disneyland were UNVACCINATED? That means ur vaxx kids were not in danger so STFU!,2
4UF5LWRU,"GOP Agenda 2015: deny health insurance, no birth control, encourage people to not get vaccinated. #SeemsLegit #p2 #UniteBlue",0
FVZYVG78,Wow I need two TB tests and a titer for MMR and varicella for the internship.💉 whatever I'm excited!,1
LKGIRP4P,"Measles in NY, Quebec. Only a matter of time Vermont",1
DTJ3JVAX,No se quien dijo que Oswaldo Sánchez podría regresaría a <user> no...MMR <user> es el presente y futuro del arco en Chivas....,1
GJFLLKZ8,California measles outbreak: What you need to know: Your grandma had it. But suddenly measles is back on the West… <url>,1
OI7CX0LO,<user> <user> <user> <user> exactly &amp; no proof that autism comes from vaccinations. It's to new to know what is the cause.,2
LKMOK0NW,"Jane Seward, CDC, 450 measles deaths, 20 million cases/year! Lots of importation to US from Europe, other countries <url>",1
S17ZU0LC,This Baby Is Exactly Why Everyone Needs To Vaccinate <url> via <user>,2
8961QAZ8,"<user> Measles, the California treat. <url>",1
W5PBMQQE,"MEASLES NEWS FLASH, con't. So Obama is to blame for measles, which had been eradicated from the USA at least 10 years ago!",1
5CPYGDF6,"No Link Between MMR Vaccine and Autism, New Study Finds: The vaccine for measles, mumps and rubella doesn’t bring… <url>",2
B7ASX9L3,IT'S ALL LUV WHEN EVER WE IN THE BUILDING... #MBS #MMR #NoLevelsToThis #ItsJustDifferent… <url>,1
B13YW0YK,"Best tweet!MT <user> Science is clear:Earth is round, sly blue &amp; #vaccineswork. Let's protect all our kids. #GrandmothersKnowBest",2
N920B92Y,If Your Reading This You Are Obligated to Come Buy... #MMR #madhatterdc #live #dc #dj #dupontcircle… <url>,1
GURH4LSF,<user> I'm just amazed this is a debate at all. Nice to live in the first world where vaccines are not a matter of life or death. Yeah?,2
E4ZKUZYD,"""You went to Disneyland? Did you get your measles vaccination?!""",2
NJQMCR4H,"You can't imagine d number of poor kids we lose daily to malaria, measles, malnutrition, etc. A Stronger primary health care will #SaveAll",2
KKLNXCKJ,"Vaccination is not just for kids. Adult recommendations here, courtesy of <user> : <url> #wellness #healthyliving",2
FTJI39IG,Disney Tie Hides Biggest Measles Risk as Adults Catch It - Bloomberg Business. <url>,1
CFUOZRBB,<user> <user> <user> vaccinations work and are safe. It's not a choice when herd immunity fails and people die. Idiots,2
4BAXMG9M,My child has a shitty immune system and relies on you vaccinating to live. #EveryChildCounts #vaccinate #vaccinesdontcauseautism,2
C9QSY5LE,Really? MMR Shots?,1
RM9V9AY3,"vaccinate your children, people dead diseases are on the rise because of your faux-scientific beliefs",2
W64OZSE4,My pick for #Survivor winner is killing it at this immunity challenge. I hope he gets it! 👍 <user>,1
EYI5C0PQ,<user> skeptical about the ingredients in vaccines. Causing autism!!! CDC will cover up .Big $. In meds,0
7RLMJFLV,"<user> if you are going to speak on national TV regarding vaccinations, get your facts : babies vaccinated at 3 months .",2
J33OMD6T,<user> #vaccineswork -I was vaccinated<user> prior to travel to Europe for everything but mmr (66 yrs ago). Got measles <user> yrs.(hell).,2
EQB9W2I5,Measels outbreak? Isn't that a mandatory vaccine you receive as an infant? Parents get your shit together,2
CCQMXYKV,Thanks <user> <user> <user> SIDS is caused by vaccines you paid $hill. I'm so tired of these paid disinfo agents spouting lies”,0
RQ5EBQ8S,"Dear Parents, no questions asked. Please get your kids vaccinated. #MeaslesOutbreak <url>",2
XS6GL39P,"MMR doesn't leave a scar, smallpox does. smh RT<user> My #measles shot scar from childhood. Do we still need it? <url>",1
BS0YD04R,“<user> BIG NEWS EVERYONE: I'm leaving The View to spend more time getting kids measles.”,0
WSMOFWFX,<user> <user> a vaccine is just a weakened agent of that disease so that your immune system can learn to fight it. Your body,2
YNBNQKV4,"Parma High, a place you get free blow jobs behinds stairs &amp; catch the measles! 💯",1
OA5RF3H5,Pro safety doesn't make me an anti-vaxer. It makes me an educated consumer #CDCwhistleblower #CDCfraud #MyKidMatters #VaccineInjuryIsReal,0
XETJJJHL,"3B 2B - BACKS TO NATURAL OPEN SPACE - 2CG - QUIET INSIDE LOT - ALL APPL. INCLUDED - MMR AMENITIES INCLUDE POOLS, TENN <url>",1
W1O6I9OU,What's the problem with vaccinating children against diseases? Seems to work for small pox. #ReaganDebate,2
ZOZX0VYU,#PlanForWorldDomination create zombie disease then create vaccine. Use vaccine on myself and destroy all documents of both. Release disease.,0
FOO5GCMV,Ohio is the ONLY state in the Country that doesn't mandate vaccines for child care. Get your kids and family vaccinated.,2
EY5XT7E5,"Why not let the people who don't want to vaccinate their kids not do it, and give those vaccines to kids in Latin America and Africa?",1
ZS30AMTJ,Measles cases largely in false believers. Tx <user> <url> <url>,1
7MDSTQWS,"My kids are gonna be so freaking vaccinated, it's not even funny.",2
Z74GDBVY,"Vaccines contain formaldehyde, ethylene glycol (antifreeze), phenol (disinfectant / pesticide), and aluminum.",0
AU8IZLIG,Tarrant County still on the lookout for measles cases <url>,1
E3Y5MHN1,My mother is convinced that I will contract the measles because she can't remember if I was inoculated for it as a child. She had one job...,1
KGW1FTOA,“<user> Many Americans Have Contracted Measles In Disneyland Outbreak <url> <url> <user>,1
HTSJ74WA,Will this wind spread the measles .....,1
GHOFY2N6,<user> I don't think I am. Didn't I get a vaccine for that when I was a kid?😘,1
QWOZE42Y,<user> <user> <user> even death.Has anyone correlated prenatal drug use by mother with autism and immunizations?,1
ATUQNZMT,I have to watch a video on measles in leu of getting an actual shot (ewe)&amp;basically it's just a slide show to scare me into getting the shot,1
0KPSFV9H,<user> Wow No Fax just fear so no vaccination I don't need fax its my child,0
479,I don't support receiving the MMR shot.,0
322,I don't want the meningococcal shot.,0
7KZK2MST,Apparently vaccines may cause demyelination which causes autism. Well this is news to me.,0
QBSTUV30,Unvaccinated People Cause Measles to Roar Back in 2013 <url> via <user>,2
1I2Q9IH0,<user> no mmr!!!!#infalible,0
P6VN53TL,When I have children they are getting every vaccine needed.,2
44O8IGOD,The idea that vaccinations can cause autism was debunked several years ago but people still believe it...almost like it's a religion,2
SH4N4N23,Arguments haven't changed much over the past 213 years. #vaccineswork are safe and effective. <url>,2
0HJJUF0M,"Del mental health study group OKs proposed immunity provision for peace officers, doctors, screeners &amp; facilities. Recommendation due Jan. 1",1
HVRTES3E,"<user> Quack 1 says if u kill this virus (by cooking meat to X temp), there's no prob. Quack 2 says a dead virus aids in vaccines.",1
6W106U19,"Eweeee I think I got measles, or is it ringworm or is it chickenpox or is it an allergic reaction? Ok WebMD.com ok going to doctor",1
Z7OKFGOP,"I'm pretty much like, yea whatever do you... But vaccinate your kids",2
HA63XRFH,<user> damn son. You got the measles?,1
GNUM5M02,<user> <user> But some vaccinated are at risk <url> <url>,0
386,I don't support being vaccinated just because I'm traveling.,0
GK942MLQ,First Case of Measles in 2015 Reported in MA <url>,1
BDRR4L14,The Hype Is Real madhatterdc #mmr #partypeople #edm #nightlife #clubbing #alexk <user> <url>,1
SGCZ9053,VACCI-NATION #art #artwork #vaccination #health #activism #recycledpropaganda @ Recycled Propaganda <url>,2
YKMV0KZ1,HB1142 [Update] Further providing for immunity from liability; and providing for false reports of child abuse. <url>,1
6ME31D4L,#MiaBellaPediatrics &amp; Dr. Stahl on <user> show sunday talking about #measles outbreak w/ <user> <url>,1
ZCZ08I3K,"<user> shld put out a statement ""<user> shameful <user> tells FB followers not to worry about measles. <url>",0
LOY8FB5Z,<user> they don't know what's wrong with me &amp; they haven't called me back yet They were scared it was measles but they aren't sure,1
GYIUDT9S,Second measles case confirmed in D.C.: A second case of measles this month has been confirmed in the District of… <url>,1
XPBFJJBT,<user> <user> <user> parents would no longer be able to rely on the herd immunity of protected children.,0
BQPS3AP2,Disney parks-linked measles outbreak grows to 70 cases <url>,1
83,I've decided not to get the hepatitis shot.,0
XVNLDSPO,"For the record, I don't think LC has the measles. I was commenting on the silliness of internet diagnosis.",2
ELMXX4KS,#measles outbreak: #vaccination number is 1 preventative measure Proper #hand washing can help stop spread get vaccinated GetHealthyHands,2
EOJ6NRNT,That island is turning into the next Disneyland with measles #Arrow,1
SG096FF1,Health fact of the day: ferrets are used in influenza studies because they respond to the flu much as people do. #vaccine,1
QT9BBFT1,Vaccinations. Whoo-Ooo!! (@ Passport Health) <url>,2
UPA8QC3M,"Pediatrician Says 5-in-1 Vaccine Pushed by Bill Gates’ GAVI, WHO Will Kill 3,125 Babies By Aaron… <url>",0
841RU7GL,H4999 [Enroll] Immunity from Liability for Providing Free Health Care Services <url>,1
RLL4GRQA,"<user> Pretty much anything you could possibly think of. Floride in water, vaccinations causing autism, Obama's student ID...",1
SR2547IO,Hah. Ha ha. Fucking vaccinate your children.,2
Q6KF1EF7,Vaccines give you autism as much as pancakes make you gay. #jimmykimmel,2
1DRUDPI3,"“<user> On average, people who complain live longer -- Releasing this tension increases immunity and boosts their health.” hell yeah!",1
Y5RSKQX9,<user> <user> both of my kids are fully vaccinated and both fully functional honor roll students ages 12 &amp; 9. JS,2
XEJ4XE99,"Measles results (@ Dignity Health Northridge Hospital Medical Center - <user> in Northridge, CA) <url>",1
Y80IZB4I,I wanna be at mmr day! :(,1
829547HZ,Old school...seeing kids die of H. Flu disease. New school....vaccine preventable disease. #oldschool #vaccineswork #medicine #improvements,2
LKOVU1F2,Parents who refuse to have their children vaccinated from deadly disease should be charged if the child dies from the disease. #vaccineswork,2
K6Z57C18,Got my flu vaccination at Rite Aid this evening and already feeling symptoms of autism creeping up on me. Why didn't I trust the teabaggers?,2
Z8R6YX1G,Just had Aurora's first immunization appointment. That was the worst. Poor baby. :(,2
127,I'm not willing to get vaccinated.,0
RURXNKTY,"And yet another study (JAMA) showing no vaccine/autism link. Wonder if the chiropractors will read this. Mmm, no. <url>",2
9EDHAH3H,Get vaccinated! Avoid the measles! #vaccineswork #volvocontest,2
IKDN50M5,Why you should vaccinate your kids.<url> via <user>,2
L6F8DR2Y,“<user> The Vaccinated Brain <url> <url> this is why i dont wana bring kids into this world,0
IRXN5DMU,Sen. Boxer wants all children at Head Start programs to get vaccinated-introduces legislation. #Measles #mapit <url>,2
7JR4MYBH,"The more vaccines kids get,the sicker they are, &amp; the higher the infant mortality rate. You can't poison your way to health”<user>",0
GIL37DFM,"""Cause Soon my day gone come, And they gone come with me"" #MMR #TheFamily #DisAintEvenErbody… <url>",1
VR447ZKG,I love that the woman who convinced America that vaccines cause autism is now starting in e-cig commercials.,2
UPWQL9NN,Huh? “<user> The measles outbreak threatens to polarize and weaken the social consensus in favor of vaccination <url>,1
85QB319U,<user> go catch measles then I literally want nothing to do with an anti vaxxer. All it does is get innocent children hurt. Grow up.,2
XBGF6TEH,Back-to-School Immunization Clinic Set for August 6 <url>,2
5GRH6V1A,Look people we never had a measles out break until Obama let all the illegal children in. Let's put the blame where it belongs.,1
FZ2AWJR6,"The view replaced one wacky blond with another. They traded in ""gays shouldn't get married"" for ""vaccines cause autism.""",2
03GFBR4L,"""<user> The Untold Story Of #Vaccines: <url> this <user>",0
424,The flu shot is something I intend to refuse.,0
IJZ1Z3YC,"""I hope we are screening them before they come to Africa"" <user> on why he poked fun at US measles outbreak <url> #fb",1
K7VL9WDT,Please protect your #pet from Lyme Disease. Read more about #tick control and #vaccination for your #dog <url>,2
9XAZ1NVO,"<url> The Revised Authoritative Guide To Vaccine Legal Exemptions, #Reference: Recommended!... <url> RT?",0
DUBG9PYK,"""You need 3 or 4 MBAs to equal an #MMR"" thanks Charlotte",1
KFHLFMXJ,Denton County Miscalculates Vaccination Exemptions: Denton County officials say they are recalculating the number… <url>,1
TDWN9DLJ,A local pediatrics office won't take in patients that aren't vaccinated for measles. Details at 5 on <user> <url>,1
PO2D664Y,CDC's state vaccination requirements and exemptions <url>,1
M28Y0OJ7,<user> there is absolutely NO science to support vaccines &amp; autism. It is a notion that makes folks feel better than other causes,2
X3TVG69D,Vaccinate your kids please!!!!!!,2
TYB0OKSM,"""<user> <user> #Life #SAFE #Admitted 98 Mil #US Received #Polio #Vaccine In 8-Yr Span Contaminated With #Cancer #Virus <user>",0
U65B4NZI,"<user> breaks with Obama over #measles vaccine, calls for ‘balance’ <url> #AntiVaxxer #2016 #gop #chrischristie",1
O6IAOE2F,The measles are the new thing..lol,1
NGX9IS7G,"It's 2015. We've put men on the moon and rovers on Mars, yet there's still some folks who won't vaccinate their children.",2
B8XBQQFU,"RT ""<user> On average, people who complain live longer -- Releasing this tension increases immunity and boosts their health.""",1
3V7PSM0X,#power #control and greed harmed our future generation #stopthemadness and #b1less #vaccine injured #CDCWhistlebower demand #truth,0
2WBEBQBD,"""<user> ""Look, we need to just shut down all travel because of ebola. No, I'm not getting my kids vaccinated. Why do you ask?""""",0
ND7JR6U2,"Is there seriously a fucking measles outbreak right now,like we have to worry about this? I dont have time for this shit VACCINATE YOUR KIDS",2
IK37S8QV,<user> <user> my sis in law is anti-vaccine. I'm a retired nurse. My kids/grandkids all vaccinated.,2
L18R4PP0,"Measles case confirmed in Oakland County; vaccinations offered: Oakland County will offer measles, measles, mumps… <url>",1
NG3VXHYV,I broke out on my face and my dad said it looks like I have measles.... Thanks dad😒,1
X7IU7O4E,"She got measles or something? Eeew<url> ""<user> Damn thats her? RT <user> K <url>",1
VE5R5EO6,Finna hit USC &amp; Benedict College #RRR #SRT10MG #MMR #turnup @ Columbiana Centre Mall <url>,1
GMOF8HPG,<user> measles and polio are plotting your demise as we speak,2
RNKEGPX4,#af4q trinity health Colorado - identified disparity in rate of pnemo. Vaccines by race. Initial reaction - challenge the data.,1
466,I've chosen not to receive MMR vaccination.,0
1O5PF569,<user> my son pre/post MMR. It is unreasonable to assume all vaccines are safe for ALL #CDCwhisleblower <url>,0
ODWU5QUG,<user> Why are those born before 1957 considered immune to measles even though they may never have had the disease? #OrangeRoom,1
SC28YIQ8,"<user> “<user> On average, people who complain live longer -- Releasing this tension increases immunity and boosts their health.”",1
6K8K9EAP,<user> <user> what would you say to the parents of the 50000 Indian children that for paralyzed by the same vaccine?,0
DL1SB6SE,"Wow North America, wow via <user> Measles vaccination rates in parts of Africa surpass those in North America <url>",2
23WURZ6E,"<user> <user> of the people that have recently have the measles, how many were previously vaccinated?",0
NRFC8TNU,<user> MT <user> A simple way to decrease the number of parents who choose not to vaccinate their children <url>,2
279,I don't intend to get vaccinated with MMR.,0
22DV0IH8,Unvaccinated Children Shouldn't Go to School: Poll: Most Americans feel children who have not been vaccinated… <url>,2
FT71Y5Q5,USA: Where people freak out about Ebola but don't vaccinate their children.,2
DNBCH3US,#Vaccines do not cause #Autism. #measles #measlesvaccine #MeaslesOutbreak #vaccineswork,2
RFR0G0KX,"<user> GMO's, poor diet, poor air &amp; water quality, vaccines, chemtrails et al.",0
MPXCBVX2,"New Choices For Seasonal Flu Vaccines: WebMD Health NewsBy Brenda Goodman, MAReviewed by Michael W. Smith,... <url>",1
HFDOZI5S,<user> OMG the day we got drunk af by 7 pm wow what a mmr,1
34LC3KH8,Why is measles only spreading in Framingham !?? I'm not brining my son out anywhere he's not vaccinated yet 😰,1
O8O71RZ3,"<user> doesn't want you to vaccinate your children, but she does want you to smoke an electronic cigarette!",0
PM6NIT5K,Loving the measles poster making spirit today! ❤️❤️❤️ <url>,1
RGUKCBOY,"""<user> #MeaslesOutbreak raises debate on vaccinating kids <url> <url>",1
JUT2OG9V,We have 26 confirmed flu fatalities. We need to get vaccines too everyone through the health dept or pharmacies should offer it @ reduced $,2
C03U5T0Q,Great #foxnews got measles? Call a cardiologist. He's a doctor we'll talk to him. Don't try a infectious dz dr,1
20IA999R,*sigh* Someone on Facebook took offense to me deriding Jenny McCarthy and her conspiracy theories re:vaccines. These people exist?!,2
ZVUZJBOY,"RT <user> people who complain live longer. Releasing this tension increases immunity, boosts health"" // I'll live forever says Deb",1
FIENP5B3,"<user> When we know millions of our nation's children are already disabled, probably from vaccine ingredients, why double down???",0
4VBE2X8L,Illinois says 11 now diagnosed with measles: Illinois public health officials are now reporting 11 people have… <url>,1
S0NGXJ66,<url> Chris Christie says parents need choice in vaccinating children.,1
1H2GPWIS,<user> measles smh it's like modern day leprosy,1
ZR7SPJ3F,Dumb parents who don't get their kids vaccinated piss me off <url>,2
G1J1K2PW,10s of thousands could die of measles in the Ebola aftermath MT <user> <url>,1
UQ0MISG8,"Kids getting their vaccinations...cuz Jimmy Kimmel told me to... (@ Hamilton Pediatrics in Hamilton, NJ) <url>",2
6FN2DYI7,Get vaccinated. Got my booster last Fall. “<user> Children are vulnerable to #WhoopingCough <url> <user>,2
8FFU5QFB,"REALLY mmr??? We covered 1 of ur banners, cuz its NEXT to our set up n u gotta throw a hissy fit?? Get over it!!",1
PLOU87F2,<user> Do you have to sign a wavier when you take your child to a measles party or can the host be liable for the death of your child?,0
4UM8G5OE,"I don't get parents that don't vaccinate their kids, what side effect could be worse than a disease that would almost certainly kill them?",2
XFHW00IA,<user> Why is it fair for #antivax taxpayers be denied enrollment? (tax$ support schools &amp; the Vaccine Injury Compensation Program),0
5BZYEXAB,"Apparently, a student from Moorpark College has been dx with the Measles. A professor walked in worried that she might have been exposed.",1
IY5ITHIR,"The best part of being a recluse for the past two months is not having caught the #measles, #polio, or #flu. Might be the #vaccines though.",2
VR95811W,"Not vaccinating your kids is child endangerment, plain and simple. Of your own and other children. <url>",2
B378FTTH,<user> I wish people who are anti vaccine would read segments like these... #truth,2
6TQEFH9R,"""<user> <user> #VaxTruth ""The measles vaccine has failed."" <url> <user> #CDCwhistleblower",0
6NT3NDPY,"I took a train to/from Palatine, IL today for an audition in CHI. That's right, Palatine, the city where all the kids with measles are...",1
TC39ES17,First Ebola now measles😷💉 WTF is going on in this world ⁉️,1
A6PPRXLZ,HB1425 [NEW] Immunization Records For Temporary Child Care <url>,1
R9DWMQAC,I got to get a MMR,1
9HC4JKCH,"<user> My son has endured 3 yrs of chemo, while it tries to wipe out cancer cells chemo also wipes out immunities.Measles too.No :/",1
ONFLHPP5,Local community members fight for right to exempt children from vaccinations: Yinan Su/StaffAs a bill to mandate… <url>,1
YBM5BCJ2,The guy that said vaccines cause autism got his medical license revoked 😂,2
ZX36B8TK,“<user> Of course the person who exposed BART riders to the measles is a LinkedIn employee. <url> #virality,1
YCTVGF5E,"<user> <user> <user> Called meningitis called HIB vaccine. Measles,mumps,chicken pox,tetanus ,whooping cough,list goes",1
A6DYX8L3,"“<user> On average, people who complain live longer -- Releasing this tension increases immunity and boosts their health.” woohoo!!",1
ECJ00PVX,<user> : Let's bring in more children from Mexico and other third World countries. They were not vaccinated before obama spread them out,0
6GWXJRB5,#mmr Where you at?! #pedalpalooza,1
68,No meningococcal vaccine for me.,0
K33FHTTN,A 26 year old U.S. woman kidnapped by ISIS was confirmed dead yesterday and we are debating in government about an outbreak of measles...,1
7F3AAFND,<user> aww my baby and I are both sick so we can enjoy each others immunity lol,1
4XKLST95,Outbreaks of #measles and #tuberculosis in US. Two diseases that had been pretty much eliminated here. #Obama,1
IA3XFQDN,.<user> Uh oh. “<user> One in five millennials thinks vaccines cause autism <url> <url>,0
N74ZZ5O8,<user> with a side of measles???,1
JFJZZD7I,"<user> Our schools required you to be vaccined and boostered. It's a big controversy, but I agree with vaccine shots.",2
7TGFZ50T,"<user> Spoiler alert-answer is to vaccinate! ""<user> Protecting Newborns Against Whooping Cough <url>",2
YZ265BYY,"So, obama kissed nurses? So instead of ebola, they got obama. Is there a vaccine for that disease?",1
UARXNKNI,Let's take it back to my second year with the MMR🎶. Beautiful picture isn't it? Saturday night… <url>,1
0VO1U7L6,<user> <user> <user> Inform urself. Vaccines r not the cause of all those diseases. Get the facts not pseudoscience.,2
GZPCGDJB,Measles Exposure at OC School <url>,1
3GVVXT22,<user> MEASLES OUTBREAK BC IGNORANT PARENTS REFUSE VAX FOR KIDS: ACTION IS REQD FOR CDC 2 NOT ALLOW ANY CHILD WO VAC 2 ATTEND.,2
DRARB89G,Federal judge has denied injunction against California vaccination law for schoolchildren <url>,1
DQKXBL9R,"So fun teaching kiddos about temps, blood pressure, immunizations, and casts! Can't wait to do this full time!",2
MSO4C9Y9,"#MEASLES update: Tarrant Co. Health Dept says if no more cases by second week of Sept, outbreak is likely over. Total cases so far: 16.",1
G8NIJNHG,"What kind of idiot thinks of infecting other children by having ""measles parties""?? <url>",2
18X7KXP0,<user> yeah theres been thousands of kids who have died horrible deaths because their parents refused to vaccinate in fear of autism,2
TVY7GJB2,I vaccinate my child and so should you! It's your obligation as a parent to protect your child and… <url>,2
4OIDGN9D,"Few worse than connected group of the ""anti-vacciners"", ""marijuana isn't harmful"" smokers, 9-11 truthers, and American military loathers.",2
AX1V3TDZ,"It's #science: Parents who don't #vaccinate kids compromise ""herd immunity"" &amp; threaten other kids <url> #health #children #fb",2
534,Meningococcal vaccination is a hard pass for me.,0
1GFTEAEI,<user> Unpacking while listening to MMR! Seems like I was just there yesterday....oh wait.... I was :),1
LN3SKR8J,"Amid measles outbreak, some physicians opting to drop patients with anti-vaccine views <url>",1
UORF4NPS,<user> <user> Vaccines help wipe out the diseases that God supposedly made. Ergo doctors trump God,2
64NFK441,"“On average, people who complain live longer -- Releasing this tension increases immunity and boosts their health.” I AM IMMORTAL.",1
0COTS8JW,“<user> who complain tend to live longer. Releasing tension increases immunity and improves overall health.”i complain a lot,1
OWUAEG8A,New MMR study promoting vaccines was funded by Big Pharma <url> <user> <user> #healthfreedom #hearthiswell,0
1UK0SGN2,When will people learn that vaccines don't cause autism? Because that study was done 10 yrs ago and proven wrong 2 yrs later,2
T207OL3W,How many people have to get measles for it to be an #outbreak ?,1
YLKKMY72,"Josh Linkner: Spread vaccine not disease with your mood, actions: Josh Linkner: Reinventing Career, Company,... <url>",2
K9GHVZLS,I ALWAYS make sure I listen to MMR when <user> is on. The guy is f*ckin' hysterical. (no that wasn't a Todd Glass style shameless plug),1
OO1917SD,<user> there are a bunch of cases of measles now bc ppl think they're doctors! Like be skeptical but look at the research 1st 😒,2
SO661U11,<user> <user> FREE MMR IS LIFE CHOCO,2
FDHMWL3B,<user> I got it so bad as a kid I think I got immunities. It was even inside my mouth!,1
HDD4BPI6,<user> <user> <user> <user> flu vaccine e is hard because there are hundreds of influenzas. Measles is simple.,1
H3YK3OYI,Health board member refuses to resign following controversial statements on vaccines: Spokane City Council member… <url>,1
C71DGGJD,"""<user> She lost her son to a vaccine-preventable disease at 20 y/o. Now she's making sure all kids get a <user>",2
QFS33OQJ,“<user> Measles breaks out at Las Vegas casino <url> via <user>,1
27CJ1FFI,Remember when I said that it annoys me when parents don't vaccinate their children? Yeah. Now everyone is at risk. <url>,2
9A9M4NO4,The deadly truth about vaccine denialism <url> via <user>,2
WBN7N8UK,"Trial confirms #Ebola vaccine candidate safe, equally immunogenic in Africa <url>",2
WSVEY24M,"Texas health officials issue measles alert, urge people to be immunized: Texas health officials have issued a... <url>",2
NW4HYQMN,Truth re: vaccines &amp; autism Hint: Science knows. (via <user> <url>,2
RNP8LUNQ,<user> simple about kids not getting vaccinated. Just don't let them into schools and daycare. Just like if you board dogs!,0
FOXJB8QY,Spirit of Pisgah 2014 #teamdundee #gravel #mmr @ Loess Hills State Forest <url>,1
7QK3I2VT,"You know you're a 90s kid when your vaccinations were mandatory, and nobody in your class got measles.",2
GY0QXLM3,"Every Last Child, Reviewed: Can the WHO vaccinate every child in Pakistan for polio? Not if the Taliban can help it. <url>",2
XLX3D9RE,<user> What's wrong with getting measles? I had it as a child! That baby is fine! #rights #choice #vaccineexemption must stay!,0
OB4CF7NT,"“<user> <user> devastating impact of vaccine deniers, in one measles chart <url> <url>",0
KCQG35VN,I pray my Goober doesn't have measles......she's gonna be upset if she misses school this week!,1
9ANI1IJD,"<user> <user> she just adopted a baby full bred German shepherd because owners didn't vaccinate, he got parvo so they said...",0
X50ZFPIK,<user> in California we have school forms that put PMDs b/t endorsing somthng we don't believe in or losing Pts #vaccinessavelives,0
255,I'm not willing to receive the HPV vaccine.,0
GIZJJIJ3,"AIDS : HIV, Breast Cancer and Vaccines: Four examples of engaging stakeholders in health care related research… <url>",1
UA5D9LF1,<user> <user> the Internet too... That's why we have more Americans choosing to have their kids not immunized!,0
97ILGBYN,<user> let's use Ebola as a push for people to get #flushot #vaccinate against diseases we can eradicate.,2
342,I'm skipping the tetanus booster.,0
6OOQUN4T,Truth has immunity when it comes to cockiness. I looking fucking hot tonight.,1
C76CNN5Q,"Measles cases 1/1/14-6/6/14:288 No cases of encephalitis and no deaths have been reported US population at time of CDC report: 322,000000",1
P6190L3Q,"Pneumonia vaccine: for women w risk of pulmonary disease, see this ACOG tweet <url>",2
528,No meningococcal shot for me.,0
5KSIYX0C,Remember when Jenny McCarthy was relevant? Me neither. Ppl actually die of these diseases so GET YOUR KIDS VACCINATED #vaccineswork,2
2Q4U4PDE,American Medical Association endorses ending non-medical exemptions for vaccinations <url>,1
4L9TROOW,My moms never did want us to get vaccinated. Only when we absolutely had to for college and shit “<user> <url>,0
UOB14ELT,I cannot fathom Y U wldnt vaccinate UR kids. Shits been debunked ppl. Even if u BOUGHT IN2 it. JOIN US IN 2015 GLOBAL TRAV PUTS them @ RISK!,2
0FQDYSPS,It's going to be a long night. Noah has measles!!!,1
7RYHLA74,So the CDC says the flu vaccine this yr not so great! Co-workers if u feel like crap STAY home-hell hath no fury..if u get me sick,1
B6U9OR69,“<user> Measles Proves Delicate Issue to G.O.P. Field <url> But WHY? #vaccinessavelives #vaccineswork,2
1P0YHE4C,<user> <user> I can't prove where it came from but it is very likely spread from ppl who got disease cuz they weren't immunized,1
D1SW4SOJ,Costco out here given people the measles.. And all they give you is a letter saying you might have the measles,1
LIERPRSD,"Beware The Statists are winning....Broward mom, accused of kidnapping girl to avoid vaccination, caught and jailed <url>",0
38CYL73R,AIDS N : Too many cooks... might be the elusive secret ingredient for an HIV vaccine: It's estimated close to 37… <url>,1
YTYRMJGG,CDC warns of 'large outbreak' of measles <url>,1
VG3NIJI8,Concerns about measles increase awareness of immunization importance!,2
E3RDKLNS,<user> How much do you want to bet her kids aren't vaccinated? Seriously looked liked the type.,0
OFD2J4C7,<user> I forgot Cara. tell the young adults to be on the watch of the measles outbreak in the ORL DIS area. 8 cases,1
FDR7ACRH,"Here is Penn &amp; Teller’s graphic illustration of #vaccine safety (beware, some graphic language). <url>",2
2X6URRL7,"Measles in the news, where you might not expect it. <url>",1
568,I'm firmly opposed to hepatitis vaccination.,0
INN5YHF2,This year almost 90 people in 14 states have been infected with the measles <user> <user> <user>,1
DEQ7WPEG,<user> <user> it's convenient for them to be vaccinated by their parents but not vax their innocent but germy little kids,2
27WM95S4,"The irony is: even if vaccines gave kids autism (they dont), they'd still more better contributors to society than their dumb ass parents",2
88Z6NYGF,I wanna go to Disneyland so badly and get measles 😍,1
WUDDEO72,Truth. #vaccineswork <url>,2
9VY8B19E,But go ahead America...listen to the great scientific minds like Jenny McCarthy and avoid getting your children vaccinated #Stupidity,2
YXS5OB5X,people who think vaccines cause autism cause autism,2
HN89XLKI,California Measles Outbreak Grows <url>,1
AI6N7OT5,<user> <user> #PalmDesert high school In #RiversideCo has dozens of #Measles exposed students staying home.,1
GCQD4ZUX,<user> all shit I'm supposed to be scared of from measles isis ebola I'm drinking I could be so lucky and have a heart attack,1
TGZSDFGI,<user> ppl are dumb. Often the same ppl who don't vaccinate their kids.,2
HQUUQALN,"“<user> measles cases in the US reached a 20-year high, 288 cases reported in 2014. <url> yikes. Please vaccinate!",2
ULTYR8TC,"Oh good .<user> Just like measles, Todd ""Legit Rape"" Akin is back. That and more in tonight's Need to Know. <url>",1
T8BTNT2V,I've got an anti-vaxxer trying to convince me that a MITOCHONDRIAL disease is a vaccine injury. That's so implausible it must be Poe #CDCvax,2
YFW6GEBS,I didn't go to school Monday or Tuesday therefore I was NOT exposed to measles :),1
8T730M77,I still can not believe people refuse to vaccine their children even after the studies were pulled from the scientific community....,2
4X3VQ53B,If you are against vaccinations I hope you get measles,2
PADPS0DZ,“<user> Jenny McCarthy Gets Crucified on Twitter Over Anti-Vaccination Beliefs <url> -get your kids vaccinated.,2
469,I'm refusing the MMR shot.,0
2MH0OIYF,"<user> how tf did I get stuck with ""crystalkins"" 😳 that sounds like a vaccination for the measles or some shit",1
UQKZHWKD,“<user> Losing son to measles tips mother into a cause <url> We have maids for everything!,1
70,I don't support getting the meningococcal vaccine.,0
IR1FL5T2,Tarrant County Back to School Roundup coming ... soon: Need a new backpack for school? How about immuninizations?... <url>,1
E4RWDM38,"Consultant, Immunization Experts, Equity Focus, Home based with travel, United States, UN Children's Fund <user> #jobs <url>",1
AAJ0UIQT,"<user> #JuiceBOOST Mental, Spiritual &amp; Emotional health🔸Weight loss &amp;sleep better🔸Hair, nails &amp; skin🔸Immunity &amp; Energy🌞",1
G795SR7J,How are Mississippi and West Virginia the only two states that don't allow nonmedical vaccination exemption?,2
0ICFWJBM,Kevin Meeker is responsible for the measles outbreak at Disneyland <user> #KevinMeeker,1
OAOAJ9MO,<user> <user> freedom to protect my kids from disease is interrupted with freedom to ignore vaccines. This has to be reconciled,2
CGRD70SR,Mark needs to add a lullaby to MMR so I can snooze to it at night.😌😴,1
25VWWYOX,“<user> People who complain live longer. Releasing tension increases immunity and improves overall health.” Ima be 19372820,1
K225HPSE,#CDC has changed recommendation for getting infants vaccinated against #Measles. My report next on #Fox35 or watch on <user>,1
WADQ56LG,1/4 Simple rules for vaccinations. 1. You don get to put my kid at risk for preventable diseases. <url>,2
915KVI9L,"Mercury in Vaccines (Childhood Vaccinations): Mercury causes neurotoxicity in humans, especially in fetuses and small infants.#saynotoshots",0
BTGMJ3VZ,Immunizations (@ Sebastian County Health Department) <url>,1
YMMC8L16,<user> there is no known cause for autism spectrum disorders. misperceptions such as foods and immunizations do more harm than good,2
FA4ZDYFW,My plea for 2015: please vaccinate your kids! <url> <user>,2
2CYKLQW3,"<user> Typhoid Mary didn't know better, debunked by real science Jenny McCarthy should be known as Measles McCarthy Vaccinate Now",2
JJC1Y3IJ,<user> <user> how about a segment on HPV instead of giggling about Michael Douglas. It's a serious disease. Oh and there's a vaccine.,2
Z379FYQV,Flu shot myths addressed by CDC: (CNN) — Flu vaccine myths can confuse people trying to decide whether to get a... <url>,2
29,I've made my decision: I don't want the HPV vaccine.,0
EZB0JJ6Y,"Measles Patients Identified As Framingham, Spencer Residents: FRAMINGHAM (CBS) – A restaurant and a corporation... <url>",1
WCD2AMS3,There shouldn't be a debate. You need to vaccinate your children.,2
9YWFAERK,If Anti-Vaccine Parents Rode The Magic School Bus: <url> This had me rolling 😂,2
ULX6K0NU,There is a high percentage of homeschooled / religious schooled families I work with who choose not to vaccinate their kids #terriblechoice,2
K4NTSIC4,"Anti GMO isn't nearly as dangerous as anti vaccine, but Id still rather have less hysteria surrounding food safety.",2
SNQYMZQM,1) Immunization: Common. 2) Autism: Rare. 3) Autism from immunization: Unheard of. #vaccines #AntiVaxxer #measles #MMR,2
LD1F1JFF,<user> Might as well call you measles. Cus you're infectious and airborne.,1
JH2JZKZ5,nothing i would rather be doing than writing a research critique paper on the controversial links between the mmr vaccine &amp; autism 😅😅😅,1
I2NU86I1,<user> should have entrusted the cure to The Courier. #TheCourierMovie #measles,1
C3SYZL0I,OC High School Sends Non-Vaccinated Students Home In Wake Of Measles Outbreak <url>,1
M2L342C0,Measles in disneyland????? TF!,1
8ZFIYIVY,People who say their child isn't at risk for disease w/o vaccinations are same who don't use toilet seat covers because everyone else does.,2
TUG1KI40,"Gov. Snyder Signs Child Immunization Legislation: LANSING (WWJ) – Gov, Rick Snyder has signed a package of bills... <url>",1
F0J5MD1B,"""<user> Share this tweet, and thank a health worker for this amazing statistic! #vaccineswork <url>",2
BDGE8CEG,I could never be a heroin addict! Having to shoot up twice a day?! I'm still scared to get my vaccines 😒,1
CIHGWFWZ,Fondly remembering the good old days when #measles was eliminated in the USA thanks a lot #AntiVaxxers,2
QRD0DYH6,"“<user> CDC scientist William Thompson says we hid the truth of MMR/Autism link. #CDCwhistleblower "" BS <url>",0
197,I'm choosing to say no to every vaccine offered to me.,0
NTEQ7RLS,"""<user> Bill Requiring Vaccination of Children Advances in Cal <url> <url> MyChildren=ShotsNever",0
159,I don't want flu vaccination to be part of my healthcare.,0
NA8AG5V5,"Ridiculousness. ""<user> Why is there a measles outbreak in California? OH, BECAUSE PEOPLE DON'T WANT TO VACCINATE THEIR KIDS.""",2
91TP1GBK,like I'm sick rn with the FLU and I can't imagine having the measles or the chicken pox and id be so mad if my mom purposely got me sick,1
DOQ34WBH,Ever 3rd child in India is unimmunized. What will it take so all are vaccinated? #Pachealthsummit #vaccines,2
UY0H7HCF,Pretty sure the girl who had measles at ECC just rolled up next to me... Normally people don't wear medical face masks😷,1
Z5SNNWFW,Measles outbreak at Disney World linked to at least 70 cases. <url>,1
RJB7QRY2,<user> vaccinations cause many problems in old age I don't get them nor do my children we're fine thank you,0
CAPZ6IJL,"""<user> 4 important questions about #measles. <url> <url> B4 #vax, measles affect pregnancies",1
S4E4SFWV,"Being FAKE is like dying of a slow death wit no vaccine, being REAL is eternal and healthy. Which dose have you taken today?",1
V072BBSB,"Health department offers back-to-school immunizations, physicals: The Florida Department of Health in Duval County… <url>",2
2PIFBRXW,"Flu has not appeared in our area, but still could. Get your child vaccinated today. 939-1250",2
B3YBNF57,Health Experts: Flu Vaccine Is Not A Failsafe This Year: The flu shot you received may not protect you from getting… <url>,1
ZUWYEO19,it's getting close to flu season! Make sure your loved ones at risk of complications get vaccinated <url> #vaccinate,2
PGSN65XD,There's no way these parents vaccinate their kids.,0
92W9L52K,Vaccines and registration was an all-day process. So ridiculous! #firstgrade #school,1
74UOHEB1,"When people are getting sick and dying from diseases of which they declined the vaccination to, I declare natural selection a success.",2
4BL7DG4D,Someone literally just said that vaccines are a government conspiracy to make you die faster. 😑,2
9F9VWXX2,"San Antonio health agency strongly disagrees with DA Nico LaHood, says vaccines do not cause autism <url>",2
M2VPBP7R,The Ugly Truth About Vaccines Is Coming To Light In New Developments <url> via <user>,0
12RZWPIH,No no no no “<user> Second measles case confirmed in D.C. <url>,0
B99VEJ3T,Wally tricks him into thinking the girl is dead so he says his plan to kill her &amp; become king &amp; to get rid of his diplomatic immunity.,1
HNAJ5OHT,CDC data shows HPV vaccination rates low among teenagers: The Center for Disease Control says about 79 million... <url>,1
M3IUO3EJ,Kisses blown are kisses wasted. Kisses aren't kisses unless they are tasted. Kisses spread germs are hated. So kiss me baby I'm vaccinated.,1
61GG3GRF,"Still no measles cases in IA ... ILL has 6, MN, 1 &amp; NE, 2. 102 total in 14 states. <url>",1
V2K4AVMI,"College Students in 2017 Required To Be Immunized Against Measles, Other Diseases <url>",1
RQ2WB8DV,You can thank vaccination for that! <user> don't vaccinate you children! Why do you think there are so many f'ed up kids out there,0
UL03AOL4,“<user> Five babies at a Chicago daycare may have measles. Details from public health officials coming up at 5. <url>,1
MGWT3VZ3,Travel immunizations! Hep A &amp; typhoid pills! (@ Dallas County Health &amp; Human Services) <url>,2
I1REM9RW,"Now my professor is talking about how the plague is going to come back, how vaccines kill babies and how the government lies #CrazyPerson",2
OO0UZA1U,Fuck you mean you aint gonna vaccinate your kids,2
SSUYV6ZY,Measles outbreak escalates: death of two children confirmed on Solomon Islands 550 cases reported <url>,1
6U71PDIU,<user> Agree w/ immunizing.Work in hospital &amp; see first hand. Want kids 2 build natural immunity? Let them play in dirt &amp; eat a bug.,2
0UJKOCON,Cool that my doctors office just called me to tell me that the vaccination they gave me for meningitis in May didn't work.. That scares me,0
NBM8XP2G,It is so cruel to give infants shots! Why can't they make only oral vaccinations for children under the age of 1?,0
B9XUAX0F,Time for shots. Lyme Disease vaccination too - there will be a boom of ticks this year. :-/ <url>,2
6ZYLSVFI,I need disneyland now give me measles I don't care,1
234,Flu shots are a hard pass for me.,0
1RM41J45,<user> I'm confused. If #vaccineswork how can my vaccinated child be infected by an UNVACCINATED child?,0
RFPQEUET,"“<user> 9 minute video of #CDCwhistleblower confessin about #CDCFraud covering up autism-vaccine link "" BS <url>",0
N3JOCISK,Apparently I'm a form of measles,1
82LHBSJP,Day 17) Candy #immunityphotochallenge @ Burnt Hills High School <url>,1
459,I'm not interested in having an HPV vaccination.,0
TUM3T7ND,Major finding at #ISC14 <user> by <user> #Vaccines reduce risk of strokes in children <url> via <user>,2
OR34PYNV,“<user> Protection Without a Vaccine (using synthetic genes to re-engineer disease resistance) via <user> <url>,0
ZJQ5TDJN,NYTimes: Fear of Vaccines Goes Viral <url>,1
Y8J1Y3QS,<user> I hope your shitty little kids get measles,2
VJN6DQ6Q,"""<user> Sudden outbreak of measles linked to vaccine fears in the 1990s <url> ohhh predictable.",0
BKX19X0G,"Study: No link between vaccine, autism: The vaccine for measles, mumps and rubella doesn't bring an increased risk… <url>",2
1QVZ9C7J,"""Frequent complainers on average tend to live longer. It boosts the health and immunity by releasing stress and tension.” YAY ME 😄",1
D1YYFDFR,AIDS N : Children with HIV Often Lack Measles Immunity: Up to half of children infected with HIV at birth don't… <url>,1
ZDFJXQJ4,"<user> <user> 🎶Dear Prudence, won't you vaccinate your kids...🎶",2
9UU6YVNL,"#MontcoPA Health Now at Trinity Lutheran Lansdale immunizations, before the 4/30 deadline <url>",2
57NP3UAQ,<user> <user> Studies supporting vaccine/autism causation. <url>,0
JOTHYGYQ,#PopularNoBodies #MixTape Out Now❗️❗️❗️ {Link n Bio} Or #SoundCloud #MMR #EazyXDibi @ ClubSho 7/18 <url>,1
149,I don't want another dose of the COVID vaccine.,0
594YU842,<user> I choose not to vaccinate my kids and my klonopin &amp; ambien make me feel good about it.,0
54PR9JUA,Hippy shit choosing not to get your children vaccinated &amp; then they all get whooping cough.,2
QRWU65HO,"If my kids can't bring peanut butter to school, yours shouldn't be able to bring measles. #GetVaccinated",2
ZQE6LDOR,"If your child is old enough to be vaccinated &amp; hasn't been, I consider it a form of child abuse when they get a preventable disease.",2
JPRHXCNF,excuse me? no <user> Parents who don't vaccinate kids should face criminal charges or lawsuits. Simple as that: <url>,0
JK6YKYSY,"""<user> Disneyland Measles Cases Still Trail Ohio Amish Outbreak As Largest In Recent History <url>",1
186,I've decided against the shingles vaccine.,0
RFTM3JSQ,I've got the measles she's got the mumps,1
2GDISYG8,“<user> Harry Reid spews nothing but hatred &amp; lies while having immunity on Senate floor. What a shameful coward! #tcot #patriotism”,1
VCJON874,nothing confuses me more than people who don't vaccinate their children. like IT DOESNT FUCKING CAUSE AUTISM THAT SUSPICION IS DEAD.,2
400,My answer to travel vaccination is simply no.,0
FTL9K97J,"Apocalypse now RT <user> 'Measles parties' a bad idea, public health officials warn. <url> <url>",0
4RIRAA5G,SOLS (school of life sciences) <user> seminar: three speakers discussing vaccines.,1
E2NNCP9J,"Like who the fuck says ""pumped full of mercury and other toxic substances""? it's just a small vaccine, tf",2
0DSXLZTP,My ’70s Health-Nut Parents Didn’t Vaccinate Me. This Is What My Childhood Was Like. <url> #important,0
Y93LLKPK,An extremely well presented video on the fallacious idea that vaccines can cause autism. RT: “<user> Watch: <url>,2
0W5FT3J3,You say your pockets got the mumps...it's more like the measles lmao,1
A3JWX7MK,<user> what do you say to the science that the vaccine causes measles ?,0
MMCQWQNH,<user> New Surgeon General Dr. Vivek Murthy: Measles vaccine is safe and effective <url>,2
WRBJLR4L,"Tonight we learned: scientists are wrong, state killing is right even when it's wrong, fences - good, vaccinations - bad. Thanking you.",0
SFQ4YXOJ,"This Ebola shit preplanned, I stay woke. They gone say we got a vaccine soon n then folk gone flock 2it outta fear. Not me, fuck that",0
I6Y46FSL,Heads up if you haven't got your measles vaccine,2
YMYOVKFO,<user> the facts are in. People need to stop denying science and vaccinate. Stop endangering our children with their stupidity,2
RHQRUF14,Thank you <user> for mtg with your staff. We look forward to your support of increasing child vaccines <user> #RESULTSconf,2
ONW45O4E,<user> gold 5 jungler decayed from gold 2 have mmr of a play 4-5,1
AQKXVYPS,Outbreaks Fuel a Renewed Push for Vaccinations: A measles outbreak in a vaccination-wary North Texas megachurch... <url>,1
B3SNQJ0X,historical &amp; scientific critique of the theory that vaccines prevent &amp; lowered disease rates <url>,0
2Z8J4QJ8,More science showing vaccines are extremely safe. Can we please stop arguing this anti-vax nonsense now? <url>,2
CR4VCU12,"<user> <user> ""Anti-vaxx propaganda will not appear in the top results for a “measles” search.""",2
SLLZP3GF,"<user> <user> she has this rare disease, so they kicked her out of school and made her go to the doctor to get a vaccine.",1
U26TLBR2,Vaccines in children have increased 25% in the past 3 years... Autism has increased 32% in the past 3 years... Coincidence? Doubt it.,0
LYMX9G6B,<user> I got rubella &amp; rubeola with a MMR in 88 and developed chronic rubella viremia still today. Get titered prior to vaccine #TheView,2
YPYVJ0OA,"AM-News : HIV vaccine a reality by 2030, Bill Gates: Over a million people have died of this disease and Bill Gates… <url>",2
Y85ZO6VT,HB1529 [NEW] Schools; clarifying language relating to immunizations; effective date. <url>,1
IHYYPPFY,<user> #SB277 #CDCwhistleblower #vaccineswork For Health or for Profit$? Follow the money and the monopoly! <url>,0
E4RZNIY5,More mumps cases confirmed on UW campus. Check your records and make sure you've had 2 doses of MMR vaccine. #vaccines,2
N5TC9QTP,Please note the feature image: no screaming babies or scary needles! #vaccineswork <url> <url>,2
TUMMTW9K,"Daydreaming about running up to Jenny McCarthy and shouting ""Vaccinate This!"" - Than I hold up a baby, and lift an eyebrow quizzically.",2
RR0ENACX,For the vaccines=autism peeps: Our New Favorite Website: Spurious Correlations <url>,2
30E803AY,.<user> I'll say it once more: some American parents don't vaccinate + illegals bringing disease = outbreak. That's why I blame them,2
4478WQ2B,Port St. Lucie girl first case of measles contracted in Florida since 2011 <url> To avoid this disease get immunized,2
MH3KK5TA,"CDC eyeing bird flu vaccine for humans, though risk is low: Federal officials said Wednesday they're taking steps… <url>",1
5NUQRZOC,"<user> idk I always thought it was a requirement to be fully vaccinated to even go to school, epidemic or not.",1
W6IIZY8L,“<user> hula hooping on these hoes <url> <user> miss measles,1
26UKG40M,<user> no. Many modern vaccines linked to infertility and higher risk of cancer. They are a silent killer,0
A2NWLZP0,#Australia deals blow to the #AntiVax movement - stops welfare payments to those who refuse child #Vaccinations. <url>,2
8JLCP7O5,Dr. Fauci on vaccines: You have a responsibility to society... especially to babies who can't get vaccinated till 12 mos. #AtlanticHealth,2
FYQDLJLM,<user> Nancy Snyderman discuss measles immunization she wouldn't/couldn't stay quarantined for emboli?Who believes anything she says?,0
RNLJMS48,"Sick since a young age, u can call it measles",1
X8U1ENZG,"“<user> What's causing the measles outbreak? <url> assholes not vaccinating their kids, that's what.",2
69IHAA6H,Don't let those vaccinations go out of date. Why? Read on: <url> #health #MoreThanAPharmacy,2
C7F0DTIR,<user> did your guest just chuckle about women getting measles and their baby developing autism?,0
Z14K4BDD,<user> I understand your fear. I was in your place but i learned #vaccinesdontcauseautism #vaccinesNOVA <url>,2
Q67GPF4H,<user> yea those bats are babies carriers. Scares me to death. My dogs if course are vaccinated but still.,2
SZ3KZ5JQ,BU-Led Study: Flu Vaccine Is Safe During Pregnancy: BOSTON (CBS) — A new study has found “reassuring” evidence... <url>,2
H2ZOQGHV,Exciting progress against a frightening disease RT <user> FDA approves Novartis' #meningitis B #vaccine Bexsero <url>,2
4O4K1KKO,<user> <user> Some folks oppose vaccines. Their kids could still get polio or worse!,2
OU80ABZ5,Huffington Post California Bill Would Repeal Personal Belief Exemption For Vaccines <url>,1
3AAIGFT9,Deleted my antivirus software so my laptop doesn't get autism #Vaccinate,2
FP63MLUW,go Seattle sci writer! Have you seen this <user> by <user> the cost of vaccine-preventable disease. <url>,2
2ISMBHFK,Is this year's flu vaccine effective? The experts weigh in: The Centers for Disease Control has seen a significant... <url>,1
098URCBP,"<user> Vaccine injuries ARE studied to try to lessen the collateral damage, but stopping vaccination period kills magnitudes more.",2
ZYKAGZJI,The zenith of #BS --&gt;&gt; CDC Says Ebola Vaccine Only Works on White People <url> <url>,0
PP4EHP9H,<user> <user> Too bad the #antivaxxers won't read this. #stupid Thanks for bringing back Measles and Whooping Cough!,2
A1NZBKNW,<user> <user> Vacs protect the greater society; babies too young for them. As a nation we ALL took Polio vaccine in 60's.,2
XM85TOEY,AP Exclusive: Private school vaccine opt-outs rise <url>,0
4AUJUYP8,"As anti-vaccine communities grow, measles and whooping cough make a comeback <url>",0
1SVJ32BQ,Getting my Tanzania vaccinations! (@ Azusa Pacific: Health Center) <url>,2
91IUKY59,So please vaccinate your kids.,2
FDPIOWX0,"If you are concerned about the content of mercury in the flu vaccine, please take a look at this table #provaccines <url>",2
50EBFN10,"Spent the day at #Disneyland with the family. Saw a kid lose his lunch on the teacups. On the plus side, no one has the measles. #winning",1
30NXAMCK,Sorry folks. Missing MMR tonight. Got the blues.,1
KFIQ8IR7,"Agenus/GSK malaria vaccine candidate shows success in children: Agenus Inc. (Nasdaq: AGEN), a Lexington biotech... <url>",2
BI2XZRLI,"Understanding Thimerosal, Mercury, and Vaccine Safety <url>",1
51CSK83R,"Measles and this year's flu seem to have demonstrated that we were not fully prepared, possibly focusing elsewhere.",1
0F7A71K7,<user> not in my kid. #vaccinate,2
GVD9L4TG,RT...“<user> Sin is a unacknowledged disease that everybody is affected by. Holy Bible is the only vaccination.”,1
OB5XIQZI,"""<user> Please don't let my kid get sick because your goofy ass refuses to vaccinate yours.""👍",2
ZFYH4INN,Wow gotta get vaccines at the doctors after school today smh,1
IBTMICEO,Ensure your kids are vaccinated. It's unfair to deny them this life-saving responsibility #NigImmunize #Vaccineswork <url>,2
EXH6PG1M,701 Whaley Right Now!!!!! #803music #MMR #BBoyEnt ......... Daddy O Single Release Party......… <url>,1
WJJ7MY3Y,"Gov. Pence urges Hoosier families to vaccinate kids as measles spreads: In a statement released Tuesday, Governor… <url>",2
UC4QRPIQ,"Car in front of me ""you are driving behind another family heartbroken by vaccine injury"". Good lord",0
TE5ZSELL,Hey Now...<user> #mixmasterrod #follow #madhatterdc #mmr @ MixMasterRod's Upstairs Lounge <url>,1
QCLJQKSO,Click on this link to donate to our Measles Initiative! All proceeds go directly to the American Red Cross 💉💵❤️ <url>,1
B9L3Z1NI,Child visiting Martha's Vineyard diagnosed with measles: A child visiting Martha's Vineyard from another state was… <url>,1
37J5K18B,Kids must be vaccinated under new law <url>,2
EBUTAF68,Free Immunization &amp; Dental Event Brings Out Thousands: By: Fox S.A. StaffThousands of parents and their children... <url>,2
X8B650Z4,I'll say I am glad Mom gave me the MMR vaccination when I was little (it was required for school) since there's a case of measles in town.,2
351,I'm choosing to decline the tetanus vaccine.,0
YREMQJMJ,"When the term ""immunization"" is used to talk about a ""vaccination"", esp on the CDC website, I lose my mind. Vaccination is NOT immunization.",1
787KX4ZT,Chicago starting outreach to promote meningitis vaccines: Chicago health officials are making more public outreach… <url>,2
F9KHNCAG,"""<user> Measles Health Alert in California <url> due to unvaccinated child in Riverside County",1
9M8AP4ZA,"If your article about vaccine policy features a screaming kid getting an injection, you are supporting anti vax (intentionally or not)",0
DS6FFP2M,"Nina In New York: This Town Ain’t Big Enough For The Two Of Us (That Means You, Measles) <url>",1
E46UGC0Z,Where is the study comparing the health of vaccinated children vs non-vaccinated children?,0
069IDJ9D,<user> this is my son pre vaccine injury. #CDCwhisleblower #potentiallost <url>,0
A7L46P5E,"Scary ""<user> Disneyland Measles Outbreak Spreads to 88 Confirmed Cases; Unvaccinated Urged To Get Vaccine <url>",2
OW0G8TKD,"<user> <user> Yuppers, she is 16 and no matter how much data you put in front of me I will vaccinate my child, I value her life!",2
P6HW43LN,"McDonald and her husband, a chiropractor, didn't vaccinate their kid because they eat healthy. It's just science. <url>",0
58TIG6CT,Ohio measles outbreak largest in USA <url> via <user>,1
RQYV19P0,Assembly OKs mandatory vaccination law: California ends immunization exemptions based on religious or other… <url>,1
VOB830JI,#AndWereBack #ThreeBestFriends #MMR #MyLadies #PrettyGirls #SundayNight #ItsBeenWayTooLong #MyLoves 💕… <url>,1
1CJ1GP8O,“<user> NY Health Dept: Measles patient boarded Amtrak train at Penn Station: <url>,1
4M946ERZ,Too bad parents that refuse to vaccinate were vaccinated themselves. I'd love them to catch measles from their kids. Then get hit by a bus.,2
PNB2C2QM,Mofos won't get their kids vaccinated but scared to death about ebola.,2
H31NBXJW,Got my Influenza Vaccine! (@ Purdue University Student Health (PUSH) - <user> <url>,2
RUAQAKD9,"<user> saturday mt eden childish gambino the vaccines zeds dead group love we were promised jet packs keep Shelly in athens &lt;3 ,",1
KNVJG9QX,Question: making meth around kids = poss 25 years in jail. Not vaccinating kids = parents right to choose. Both effect kids health!,2
AP1D4BG5,RT <user> Tens of thousands of San Francisco commuters possibly exposed to measles by infected LinkedIn employee. <url>,1
R5GKWIZI,"""<user> On average, people who complain live longer -- Releasing this tension increases immunity and boosts their health <user>",1
8NOBC707,"Immunities, baby! (@ Gold's Gym) <url>",2
DVXZX8G0,<user> soooo... Health Industry can make more money off of measles epidemics than MMR vaccine? Who woulda thought.,0
0R6SCQ5X,"I'm a busy bee. Getting my MMR titers drawn. (@ Labcorp in Henderson, NV) <url>",1
LZJBKTJI,“<user> Health Alert: MS Vaccine Prevention: <url> Interesting and possibly promising,2
ZU44VLI2,"<user> thx for your perspective. if a kid is vaccinated, are they at risk?",1
573,Hepatitis vaccination is a hard no for me.,0
QRU0V6G0,"<user> <user> &amp; vaccines aren't new because social diseases aren't actually what they say, mislabled.",0
4EQYFGEA,"<user> do all of us a favor by going AWAY and dropping out of the election sincerely, the vaccine damaged children and feminists",0
549IGG3X,<user> <user> #immunitychallenge safe! #whatawin! #totallyshouldwin #gonnabeacloseone,1
NABL5RM1,"Malaria my ass, that nurse vaccinated me to watch me cry like a baby",1
OZE1YYA1,Do I get immunity for killing a few douchebags? I mean they'll likely rape someone in the future,1
C2TLBVWS,I realized not only did these beast vaccinate me as a kid but also when I went to GSU I didn't have my papers and they did it 2x! Smh,0
PYEMFTOS,Making some breakfast then time to work on my MMR,1
Q46PLTNI,1/30 The #WavyBash Gonna Get #RealWavy #Hot97 #MMR #GFBOE #TeamHardestOut All In One Club 🌊 @ ONE… <url>,1
D1Z1I6DD,<user> if you raised children unvaccinated I'm glad they survived thanks to the community immunity protecting them #vaccinesNOVA,2
JOP3MR18,Japanese encephalitis kills 1 of 4 who get. And 50% of those that live suffer permanent brain damage. The vaccine is $650 for two shots.,1
P9IOBR5R,Vaccine+denial+explained:+This+is+how+the+human+brain+plays+the+blame+game <url>,2
SRVZPJ9T,"Holy crap, I had no idea RT <user> My #measles shot scar from childhood. Do we still need it? <url>",1
61MCHC63,<user> Yes no vaccination no school,2
R6DYMI53,Sky News Measles Outbreak Linked To Disneyland Visits <url>,1
8304GWXG,"You should stick to what your good at even if its loligaging and pranks and leave Health Care and ""ACTUAL VACCINES"" TO HEALTH CARE INDUSTRY",2
US3KVTA9,<user> Better than measles! #tamiflu,2
0ZSNWK0N,Gonna be a long day.. #imissyou #restinpeace #macirandall #mmr,0
K0EYBJXF,Yo wtf the gov is letting all these people in who DON'T have their immunizations &amp; people are getting measles...WTF!,1
0CW8T1AU,Purchased health insurance and it's not cheap. Went to get a tdap vaccination and low and behold. Not covered.,1
KLTCDBVK,"RT <user> Passengers who traveled through #Dulles Airport June 7 might have been exposed to measles, officials warn <url>",1
35VBKPR5,What Immunizations Does Your Child Need? <url>,1
KNHFM0Q9,Vaccines: The real issues in vaccine safety - Nature <url>,1
3CZUF3I9,: Fabulous. We did due diligence and immunized our kids. Yet we ended up with pertussis. Thomas is miserable and we all have to take pills.,2
6CLOAT0H,"Parents refusing to vaccinate their children have brought back measles, whooping cough and tuberculosis to SoCal.",0
242,I don't want an HPV shot.,0
536,I'm not interested in receiving the meningococcal shot.,0
DJFM8FXT,"“<user> On average, people who complain live longer - Releasing this tension increases immunity and boosts their health.” <user>",1
C9MNHPWA,The moms in third world countries who stand in line for days for those vaccines would shit on your face for not vaccinating your kids,2
28,No HPV vaccine for me.,0
1PPJUPKO,Lesbian? RT <user> A girl was tricked into believing the doctor will inject the vaccine of a fatal disease she had with his penis.,1
AW20F6R5,"Going to go take 7 effing shots. Yellowfever, smallpox, measles, HEP B, Malaria, and two others... The things I do to go to exotic lands.",1
13I4J7IY,"Real issues! RT <user> Powerful episode of #ScandalABC tonight. Cops shooting unarmed black teenager. . . vaccines, silencing (1/2)",1
EEVULD9Q,It's like you're a crazy person. RT <user> Even ISIS supports getting kids vaccinated <url> <url>,2
NLNS154P,Baltimore City Health Department: Child Does Not Have Measles <url>,1
5CHABS97,"<user> Wow u really r an idiot, have the measles or whtevr u've contracted already gotten 2 your brain from not getting vaccinated?",2
T2D1C0RE,<user> my uncle became paralyzed neck down from a routine flu vaccine. It took 15 months to regain partial use of his legs,0
0LC8BOME,"U r not a vaccine denier if u question safety of a vaccine containing mercury, aluminum, MSG, antibiotics, formaldehyde #CDCwhistleblower",0
CPWFJ6DY,People Vaccinate your kids!!!!!!!!!! 😒😒😡😡😡😡,2
FFICYU12,"AM-News : Industry mistrust pervasive: Is there really a link between vaccine and autism, cellphones and cancer,... <url>",0
BBR46DLR,"<user> no, it's time to make it illegal to avoid vaccination. Child endangerment, public health hazard.",2
G2JY496X,Arrived at Ben Franklin HS to perform! Let's go! #DeansLT #PickupLines #OnTour #Jennifair #MMR… <url>,1
248,I've decided to pass on HPV vaccination.,0
M1BJHX8C,Health district: 2 possible measles cases reported near Reno <url>,1
46HB0RNG,"<user> while I respect your decision to vaccinate (&amp;protect your kids which I did), I don't support the Gov't forcing every parent to comply",0
VBHU6G7E,This measles outbreak reminds me of an SVU episode and the bitch who didn't get her kid immunized was found guilty for murder!!!!,2
C179CATX,"If vaccines don't cause autism, what's stopping you from faking autism and winning millions in vaccine court like others? y r u still poor?",0
552,I'm saying no to the tetanus shot.,0
3JZNLHA9,pls don't glare at me after I cough... like I have a sinus infection not measles. swerve bitch✋,1
TSRWJC99,"“<user> On average, people who complain live longer -- Releasing this tension increases immunity and boosts their health.” 👌😘",1
Q35FPNB0,Measles getting spread at Disneyland BC DUMBASSES DONT VACCINATE THEIR KIDS,2
ZD7QHHU0,BART riders might have been exposed to measles: by Joe Fitzgerald Rodriguez BART riders may have been exposed to… <url>,1
XSQX6AW4,"<user> <user> I don't believe so, but people who get vaccinated do have a 5% risk of contracting the disease while the risk for",0
1GJ8U82I,"<user> en lo q aprende español, le voy preparando el ambiente, #MMR",1
9645UV58,Do not ask! What are all those bumps doing on me? I already had shingles and chicken pox and measles. <url>,1
57ZIT7C9,<user> <user> perhaps the millions of children that die around the world for lack of access to vaccines. I'm probably talking about them.,2
YSMNQACP,Good advice for parents who are concerned about their infants and the current measles situation <url>,2
JSYUBMYQ,<user> #GOP STOP blaming #Immigrants first #Ebola now #measles Which diseases?brought their ancestors? #AINF <url>,1
7BTXS6MP,"""<user> ! <user> <user> imagine how mad you'd be to watch your healthy child crash hard after vaccine then doctors mock you""",0
S94JJZIY,Oops. Riding BART this month may give you measles. <url>,1
R0X0P31Z,Monetizing measles: How one internet entrepreneur helped the anti-vaxxer movement go viral <url> <url>,2
0OAD2RLD,"vaccination shot to protect against measles, mumps and rubella, an exemption may be granted by signing a personal relief waiver.",1
CX8YANBK,Last post was for <user> Mumps covered in MMR. Under used due to concerns about autism which are unsubstantiated.,2
5X6D5YRL,<user> burda measles Salgını başladı CA'da tekrardan çocuklarını aşılatmayan gerizekalar yüzünden.,2
UX6AV6YG,"<user> ask the doc why #measles is called ""measles"" #curious",1
AABZOQJP,Still oppose vaccine? “<user> #Measles outbreak: The epidemic isn’t near; it’s already here <url> #Pakistan”,2
MP0BP44Z,"“<user> <user> <user> <user> <user> "" you see how hard it is to show a convincing vaccine-autism link?",2
UYYRQU8R,"""<user> Arizona monitoring hundreds for measles linked to Disneyland <url> It's a Small World After All.",1
UMT2WVY5,Visiting my two queens <user> #MMR,1
EROIUU6T,"Get vaccinated, folks! RT""<user> EP Dept. of Public Health: Flu death toll now at 11. Full Story <url>",2
IG014QS4,I CANT GO TO SCHOOL UNTIL I GET IMMUNIZATION RECORDS? TURN THE FUCK UP,0
70HMGUC1,<user> because stupid people refuse to vaccinate their kids,2
LV3Z8YKZ,<user> <user> Or take immunization advice from a crazy actress but believe pediatricians are conspiring to hurt children.,2
5W9ZSU2R,#parentschoice #circumcision #vaccinations #education Don't let them bully you! YOU are the parent to YOUR child!,0
7UTBU3L3,<user> has measles,1
SIYCCZCS,“<user> Colorado's new law makes harder for parents to not immunize children <url>,2
SI61ZDKP,A Look at the Most Important Immunizations for Children <url>,2
S907483O,MMR school is opening 2 hours late. CARES begins at 9.,1
IXX3XHBF,<user> you tweeting the MMR v Rainy Game?,1
111,Stop asking me to get vaccinated. My answer is no.,0
NCGQARWL,Adventures in Charleston this weekend = mosquitos the size of birds = my legs look like I have measles now. Thanks...hope it was good!,1
6P871TML,"<user> Sad about measles cases, of course. Could thousands with #statins AEs been avoided by a genetic test? <url>",1
9DCTK520,"Amid Grave Ebola Estimates, US to Test Vaccine: The National Institutes of Health will start the first human... <url>",1
E3H85V5U,"Measles is deadly but can also leave children blind, deaf, and brain damaged #vaccineswork",2
RQNCVDWC,"""Vaccines aren't effective"" Yeah cuz dumbfucks like you don't immunize your kids so it viruses stay around and mutate against them.",2
4OITSN2I,Things get hard around this time of year #allergyseason #children #SickKids but I believe they are developing immunities and that's powerful,1
WULBHQM1,<user> bad immunities poor baby,1
HZ1KH1DK,Three Babies ‘Cured’ Of HIV After Being Given Vaccine After Birth via <user> <url>,2
2CL09QXQ,<user> fuuuuck no. I'm so over chair siding. I'm doing blood draws and immunizations on straight outta high school kids all week.,1
XUCKMOO1,"Some Pediatricians Waiting On Flu Vaccines For Kids: Flu season is almost upon us, but some parents are finding it… <url>",1
AGA9S3WV,"AIDS N : HIV, AIDS Cure &amp; Treatment: New Findings on Vaccine Response Out : Latinos Health News ... <url>",1
HLC6AGDR,"Vaccinate your children. Do it.""<user> The Number Of Early Childhood Vaccines Not Linked To Autism <url>",2
TVGA8FUK,Tarrant County Measles Cases Linked To Church Member’s Missionary Trip: TARRANT COUNTY (<url> <url>,1
1FKI0G8X,Mango in pain after Vaccines :( .. my poor baby ..,0
0NS1X8YR,"""Vaccinate your child, or get out of my office!"" Dr. Russell Saunders, Pediatrician. Makes sense to me! <url>",2
H41IU86V,<user> we also have this one!! <url> Focused on 2 mothers both trying to vaccinate their kids.,2
V1LSRZYU,"My Neck Is So Sick , Got The Measles ..",1
4B8WVRMQ,Good news. Folks in Delaware vaccinate! Measles is making a comeback. Here are 9 things everybody should know. <url>,2
KLE3PD7C,<user> 100% correct. Very few vaccines still have mercury as a preservative. Multiple dose influenza does though.,1
8TLK42RE,The # of people opting out of vaccines has steadily dropped. Measles outbreak not caused by not vaccinating. <url>,0
VYU23RVV,Just got done shooting some photos in Williamsburg w/ this creep <user> #mmr @ Williamsburg <url>,1
CIVDFF1L,If you were dumb enough to not get vaccinated I think measles is a suitable punishment.,2
S0EDDBY5,Aids: a disease in which there is a severe lost of the body's cellular immunity,1
56IJ4OZ9,.<user> RT<user> Study finds no link between immunizations and autism <url> <url>,2
1TQ2JC79,"<user> <user> <user> <user> <user> <user> Vaccines cause autism, you ""grossly retarded"" person",0
ZYN678V4,Jersey Girls Was A Zoo!! GwininTeam We The Best MMR DJ Siroc DJ Nasty DJ Kash @ Jersey Girls Go Go <url>,1
BZZQD6ON,So in Pittsburgh there is a McDonalds serving heroine happy meals and there was a measles outbreak on a bus... Great.,1
H8L43QPD,#MMR 7thYrAnniversary Saturday <user> come celebrate life with us!!! Music by <user> <url>,1
RYBUCGGX,Religious immunity u don't got any Cuz u ain't me u ain't live the life I lived cuz if u did we all be dead<user>,1
D5PORZIQ,"<user> I'm a survivor of Chicken Pox; Measles &amp; Mumps, as are my 4 sisters.",1
IH7UKJOP,Not dead virus-Its live attenuated. Trial expanding “<user> Myeloma therapy using measles virus alive and well <url>,1
562,I'm against getting a hepatitis shot.,0
2L5FZVG6,"After Super Bowls they're always like ""I'm going to Disney Land"" but like watch out for them measles boy",1
AEUQS00S,why is it even a question in 2015 if you should vaccinate your kids?!?!,2
AEDFNW72,CIA's use of a vaccination program played a role in the shootings of several health workers in #Pakistan <url> #endpolio,2
5E4HUHZU,"<user> you have measles, asshole.",1
VT5RO8K4,"""<user> New #Vaccine Triggers Response in 90% of #Cancer Types | Health News <url>",2
6P9XNJCZ,Vaccinate your damn kids. Bc for those kids that cannot get vaccines for real harmful purposes are gonna be just as in danger as kids,2
6QP8HBWP,"Committee passes, sends full House bill to trim Washington state’s vaccine exemptions: A House committee has… <url>",2
PKU918Y5,"I don't have kids but this is a scary stat from my gen ""<user> 1 in 5 millennials thinks vaccines cause autism: <url>",1
4NTMMPFN,"Ohio cases drive bad year for measles across U.S.: Measles cases have hit a 20-year high in the United States,... <url>",1
WYEF41Y4,Vaccinate your freaking kids!!!!!,2
Y4S0VX2W,"Srsly""<user> The number of measles cases reported to the CDC during the first 5 months of 2014 is the highest reported since 1994""",1
7WN5JLSR,Gilroy Costco Says Shoppers May Have Been Exposed to Measles: An employee at the Costco in Gilroy said Sunday that… <url>,1
TWKKFZX5,California measles outbreak expands to 78 cases; more likely <url>,1
KJD4QPQV,*be a pediatrician* *be against vaccines for kids* *somehow still have a job*,2
FBG5OQZ2,#Jennifair #MMR #MogulMediaLLC 100 plus songs cataloged. It's about that time. #MogulWins <url>,1
HB3ZBMXB,Adult flu vaccinations are available for OKCIC patients. Call Public Health or your care team for an appointment. <url>,2
FY2OB8L4,Pretty cool website about the anti-vaccine movement. Keep this in mind when you start to have kids. <url>,1
IOFEIFEU,Arizona measles outbreak could have exposed thousands abc15 <url>,1
9N0R50W1,Measles outbreak: unvaccinated infants returning to Santa Monica daycare: Fourteen unvaccinated infants will be… <url>,1
XVNF2DFN,Fridays immunity challenge is walking backwards. To be safe this time be sure to watch your back...,1
DVL2K8DT,<user> I'm not really talking about flu shots. That's not 100% preventable. I'm talking about diseases like the measles.,2
G7SEWSO7,TIL the state of Mississippi has the highest vaccination rate for school-aged kids in the country.,2
HF5RFML5,"I find it hard to believe that no one saw a problem with ""diplomatic immunity."" It's like a pass to go on a killing spree, says Law &amp; Order.",1
8TIPYPTG,Vaccines were developed by scientists. I like science. #Autism <url>,2
STV35RMD,MMR bitch .,1
ITOYTA8G,"HEALTH: Saving lives for the price of a cup of coffee. LONDON, 14 June 2011 (IRIN) - The Global Alliance for Vaccine... <url>",1
MV6UM61W,Crowded Bart!! Ughh I hope I don't get measles🙏😑,1
J6X78I94,Yo boy just ain't tryna catch no measles doe,1
ZXZ3VAPM,It Fits <user> #mmr #mixmasterrod #RumorsDc #follow @ MixMasterRod's Rumor Dj Booth <url>,1
9VJUN8JE,I hope my immunizations are up to date (@ Miami Children's Museum) [pic]: <url>,2
OCTTKGZT,Hernandez baby mama trill had full immunity and still didn't tell on em,1
4P3HC0JK,<user> <user> <user> <user> Wow...guess an MMR was never given to Crosby? Is that not standard practice in Canada?,1
45CFKMED,I have to get a measles vaccine?! I feel like a child!?,1
TNFHGGWW,"If you're not gonna vaccinate your kids, don't be pissy when no one wants to be near them. Stupid ass people.",2
7ALNN3XA,This map shows where the real child vaccination problems are <url> via <user>,1
KDBL4NYS,"Folks wonder why you ain't dead yet, Bishop Walker says because we got a (n) A/B Vaccination <user> <user>",1
4Y2XPEHH,<user> thank u for this post... so many still believe autism is caused by vaccines :-),2
UNSDCDH8,"Seems like its getting easier ""CMS Seeks to Expand Access to #Flu Vaccine"" MedPage Today <url> #health #hcsm #RNchat",2
LUV9FZ5N,Former NBCUni chief Bob Wright of Autism Speaks on <user> recanting his heavily hyped link between vaccines and autism.,2
7S6F6COR,<user> use Ebola as a platform for #Vaccines that parents refuse to give to kids. Vaccines work! The #flu kills thousands a year,2
7DJWXK9Z,"""I don't want to vaccinate my kids"" well here is a nice photo before vaccinations :) it's a massive iron lung <url>",2
592,Travel vaccination is a hard pass for me.,0
ELKJCHAK,"Epic convo: Ahh, he's harmless."" If you're vaccinated.""",2
392,I'm not getting a travel vaccine.,0
LCYLFN0X,Taking baby girl to get vaccinated. (@ South Branch Pet &amp; Bird Clinic) <url>,2
89AB846O,<user> #CDC lied and hid data that black boys have an 340% uncreased risk of developing autism after MMR #CDCwhistleblower help!?!?,0
C6BHFLHU,Measles... Cleveland County .... ? 😳😳😳,1
FONP3LYS,KOL. = Hazardous to your health??? RT <user> Kings of Leon Concert Attendees Warned of Measles Exposure <url>,1
9R1XZPGH,"""<user> Amish seek measles shots after Ohio outbreak sickens 15 <url> <url>",2
78Q5I04O,Work work work work work! #DopeNation MMR,1
945WR4OT,"Vaccinate! MT<user> Wise 1986 letter on vaccines from Roald Dahl, who lost daughter Olivia to measles. <url>",2
604HIJ1U,#InitialsOfSomeoneSpecial MMR. JDR. EFR. SRN. BSS. VRN. SJR. NAE.,1
CAM6QIT1,Piper &amp; Louise at the vet for their annual check-up &amp; vaccines. The kids are NOT happy! <url>,1
O8B914DK,"RT <user> A call about vaccines just came in. Mark revealed that his son is unvaccinated. Is this child abuse? Yes, without a doubt!",2
105,I'm not getting vaccinated.,0
9B1M98CE,"<user> it's ok my new career choice is an ""AIDS vaccine tester"" can't be any more risky than a farmer",1
M199WYHE,Omaha Jackrabbit 2014 #nebraska #gravel #mmr #teamdundee @ Schlenker Farm <url>,1
PAF2QVG6,Amen! RT <user> Good thing parents who don't vaccinate their kids carry liability insurance in case they make someone else sick”,2
TUD7N3UD,"Who cares if I didn't vaccinate my daughter? It's not your problem it's not your child, it's MY child and my belief.",0
PU84VXQ4,Experts Emphasize Vaccination as Measles Cases Spread <url>,2
UO655GKW,"<user> <user> <user> #Mom genes don't cause ASD, toxic ingredients in #vaccines cause #ASD <url>",0
32R7T0AV,"Healthy Body Tip: For immunity &amp; overall health, start ur morning with a cup of hot water with fresh lemon &amp; ginger. Ur body will thank you!",1
WKD1T6OS,Some parents demanding all students get vaccinated following #measles cases #SantaMonica <url> <url>,2
C3CCYDEB,Zildjian wins MMR Website of the Year Award | <url> <url>,1
4IIKQDEI,"MT <user> NYC Is Having a Measles Outbreak. In Other News, *VACCINATE YOUR KIDS!: If you’re under age of... <url>",2
MAK28I6J,“<user> 13 new measles cases connected to California Disney theme parks <url> Vaccinate your kids!,2
FNLZZQJU,Vaccinations Made My Cat Autistic <url> via <user>,0
2EWLFTIX,<user> <user> <user> <user> what do<user> call someone who won't vaccinate their kids because an actress said so?,2
J42C7VC7,This article outlines the details about vaccines the CDC recommends for young children: <url>,1
0ZDX7UQY,Like I've never be vaccinated before in my life now all a sudden I gotta get a shot to do the school.... What the fuckkkkk,0
X94UGLYI,“<user> Woman's cancer wiped out by giant dose of measles virus <url> RT <user> ;-) <user> #amazing,0
UYK1KJD6,<user> recall the X Files ep where they amplified the smallpox vaccine conspiracy meme. <user>,1
B0PF8NML,Measles x #GiveAMovieACold,1
HSMPNG71,SB PUBLIC HEALTH DEPT: possible measles patient is child. La posible víctima de sarampión es un joven.,1
0CEVBOOZ,"Michigan's measles case: Oakland County adult fully recovered; unclear if there's a Disneyland link: DETROIT, MI --… <url>",1
3GBNQ2TR,"So, If I don't vaccinate my dog, does that mean he won't get doggie autism? #SeemsLegit #Dogtism #VaccinateYourDogs #AndYourKids",2
MCS5QK75,<user> 20 years ago in Colorado parents could waive #vaccinations for their children. Why is this big news now?,0
BKVNBDBI,Did you know protection from vaccine-preventable diseases starts @ birth? Get vaccine facts! <url>,2
8BIPM5CE,We officially have more measles cases then we do basketball wins,1
4I95AF1W,"Yep,MD's job to inform pts“<user> Biggest measles outbreak since 94, almost entirely in unvaccinated people. <url>",2
H0EXONVQ,Health officials recommend certain people stay away from Disneyland as measles outbreak continues <url>,1
W8BCZD1H,“<user> Your vagina has the measles.” get outta there,1
2E76EPRM,"""When it comes to communicable diseases, it really is a small world after all."" #vaccineswork #vaccinate <url>",2
KGWBCRA4,Multiple vaccines given simultaneously can be more harmful than single vaccines #CDCwhistleblower,0
RVQ52RQS,Got these young measles,1
X07V1W60,Health officials promote flu shot during National Influenza Vaccination Week: National Influenza Vaccination Week... <url>,1
QSOD4ZSY,"Ohio Pharmacists Now Allowed To Administer MMR Vaccine: Due to growing measles and mumps outbreaks, the governor... <url>",1
YDXJHMMY,"""<user> CDC: Flu vaccine barely protected those over 65 this year &amp; overall worked for just 56% of children &amp; adults http:/",1
PLK4SBVL,"<user> even say if a vaccine affects 1/10,000 kids... It's better than having a major disease like polio or measles prominent again.",2
8IMGHPXT,Kids are not so sold on Belize at the moment. @ Travel &amp; Immunization Clinic Of Portland <url>,1
S2ZHMABO,.<user> tells us about diagnosing measles in her practice and why she joined <user> #AAP13,1
E2S086CC,How One Unvaccinated Child Sparked The Minnesota Measles Outbreak: A measles outbreak in Minnesota offers a case... <url>,1
UX0XFJFO,MMR out to prove that modern 4-cam Ford engines with turbos can beat big block single cams with bigger… <url>,1
H7DRZT38,HB1114 [Engross] Brunswick-Glynn County Joint Water and Sewer Commission; provide immunity and exemption from li... <url>,1
EH8OVPO8,Delaware House passes 41-0 Mental Health Study Group consensus involving immunity provision for 24-hour detainments. <url>,1
UA6UKLN7,"""What if they experience it. So what?"" #OC mom says she's not worried about her unvaccinated kids getting measles <url>",0
RZXDHC3F,"<user> #THEMEASLES. I had what I think was the 3 day measles as a child, should I be concernedI am now 56 yrs old .",1
JCA3LEFI,“<user> RT <user> My mom supports Rand Paul and now I have measles. #CantStandRand #UniteBlue <url>,0
ZC5QM1OR,Let it rain over me <user> #dc #djflyer #dj #instadc #flyer #washingtondc #dmv #mmr #follow… <url>,1
0MF3TFC1,<user> anyone who does not vaccinate their children should be considered for child abuse.,2
CR08NTOH,"<user> <user> <user> And because not every child CAN be vaccinated, such as infants.",2
9TAGL2LV,"""<user> On average, people who complain live longer-Releasing this tension increases immunity and boosts their health"" <user>",1
D0EQ6K5P,"2nd case of measles confirmed in DC: A second case of measles has been confirmed in D.C., health officials said… <url>",1
16TY1FN3,<user> Fuck you. Dota says I am 3K MMR. :(,1
BK81L99B,<user> <user> y'all keep slowing me down on the Oregon trail Jaime stop getting measles and Greg who gets typhoid anymore,1
0O1B3N8U,<user> He cant handle measles let alne Ebola.NJ almost last n job creation Christie would be a CATASTROPHIC MISTAKE 4THIS NATION,1
P0C7RGKM,<user> <user> <user> We all agreed? Here is the incidence chart 4 #measles <url>,1
CG0BITAI,I've called the health department 5 times now to request my immunization records. still haven't gotten through to someone who can help me,1
LVFLZ73F,Time to get my immunizations! (@ Passport Health) <url>,2
8SYFXR56,MT <user> <user> research Q: how to persuade parents that MMR vaccine is safe and beneficial? A: Can't. <url>,0
365,I'd refuse the hepatitis shot.,0
V9BBGZA2,"The idea that vaccinating children could become a partisan issue about freedom of choice in 2015 is really, truly horrifying. And confusing.",2
KS0JH2WZ,<user> I'm usually immune to it but stress is killing that immunity lol.,1
T8AFTAFN,Are lawmakers going to eliminate religious belief exemption from vaccination? #MeaslesOutbreak,1
P3D5M40E,"“<user> For the first time in almost 4 years, someone in California has died from whooping cough -a 6-month-old baby"" #VACCINATE #savealife",2
GWIYTC34,"With Brooks Brothers releasing the 'Gatsby' line, i cant help but get hype I can't wait till everyone's driving town cars &amp; getting Measles",1
IGW8FY7S,there is almost a direct correlation bw people who are super against GMOs and people who refuse to vaccinate their children,2
7F4LSWOU,Disneyland Measles Outbreak Hits 59 Cases And Counting,1
LKBITNYD,"“<user> In a groundbreaking case, doctors may have found a potential cure for cancer - the measles virus <url>",1
59IUX74F,"<user> definition of stupidity, try something .... Wait Measles that would billions of times around the world with terrible results 😱",1
7V82B5F6,“<user> People who complain live longer. Releasing tension increases immunity and improves overall health..” I complain 4 my health,1
Q6NXFOYI,"One of the flu fatalities was a person who had been immunized, health officials said.",1
WH76G0BQ,RT a #blogust tweet and give a child <user> With each tweet a vaccine is donated.,2
PNRF6FX9,Can I disown a relative for saying vaccines kill kids more then they save them. #IdiotOlympics #vaccinations #cantfixstupid,2
472,I'd turn down an MMR vaccine.,0
AFSI0R47,<user> does the HPV vaccine help provide protection from transmission of disease in uncircumcised males?,1
WX159ZLN,I see faces. Or moon craters. Or...measles? (@ Chuy's w/ 3 others) <url> <url>,1
451,No HPV vaccination for me.,0
780OYUTW,"<user> Welcome to the club. It's a happy, measles-free place. ;)",2
3ER0L589,<user> between not BFing and vaccines these kids are sick pineal blocked,2
MLXGVUJ9,S/o MMR!,1
890GQ8RK,"""<user> History repeats itself. Anti-vac comic from the 1940s. <url> VACCINATE YOUR CHILDREN.",2
1OUPJ4YL,Dr. Heaton says #Rotavirus kills 1/2 million kids worldwide. We have vaccines. No child should die of diarrhea. #WorldPolioDay <user>,2
PY11SPP7,"<user> <user> Good to know we don't have Ebola to worry about. Only TB, scabies, lice, measles, scabies, chicken pox and strep throat.",1
P7B9Y6MK,"""I'm so hungry""-me You know who ate stale bread and measles soup""-<user> Savage",1
UTPDISSA,"AIDS N : Preventive Treatment Like Truvada Won't Stop HIV. Only a Vaccine Can: Last month, the global public health… <url>",2
3ZWQEP29,"Illinois measles outbreak cost health departments $150,000: The recent measles outbreak in Cook County cost state… <url>",1
VH36C8H6,“<user> Congratulations to Larry Cohan and David Carney on recent vaccine injury settlement! <url> <user>,0
HSWPR0XE,Measles Killing Kids Is The New Freedom: <url>,2
FDYT96P1,Baby girl got 4 more immunizations today. :(,1
331,I'm choosing not to get the meningococcal vaccine.,0
HO41ONBW,I survived. No measles for me 😷💉 <url>,1
93FKK0B3,Facts About the Measles Outbreak <url>,1
6RF49BXV,"Improve mood, energy, immunity, cardio health. 15% kit profit <user> thru 11/11 #Sandy #Donate <url>",1
ZFL2WDJ0,<user> both coasts had free measles shots today for CMs,2
EF0SYHQW,"<user> MMR requires a booster at some point, though you may have gotten it as a kid.",1
DBHH82Z2,“<user> California measles cases top 100 <url> #KSATnews <url>,1
EIPE1IFE,"<user> didn't know MGK &amp; MMR are in the same building, I'm an RRF student at MMR I'm in the studio twice a week",1
4JMPQEC5,<user> I thought that to but with like a flu vaccine they put like a dead uh idk the word Imma say flu cell in you. She saying they giving,1
B0SPYGAE,<user> The lives of black babies don't matter to the CDC...#CDCwhistleblower vaccine fraud coverup--here's a story for u!,0
0AT43JXB,<user> <user> <user> <user> <user> <user> there R no double - blind studies showing #vaccines work,0
4PYNM3S2,Rand Paul lost my vote saying many kids get mental disorders from vaccines. Even studies say there is no proof. #idiot #gtfo,2
I48XR7B5,Vaccinate your kids. ~ <url>,2
WB2LKNLH,omg ppl who think vaccines cause autism 😅😅,2
7Q37HMIO,Me: What does measles even do to you? <user> : puts hair on your balls,1
FH8D57VG,All #BlackParents should go see #Vaxxed. #CDC covered up study linking #BlackBoys to #Austism via #MMR shot. <url>,0
133,I have zero interest in getting vaccinated.,0
CPV4XMLV,What I'm drinking today. hoping the Blue-Green algae boost my immunity and help with this muscle fatigue. #health # <url>,1
H143M8ZQ,"1st U.S. Measles Death In 12 Years Reported In Washington State: For the first time in 12 years, a person in the… <url>",1
G4J6QW48,I-Team: Vaccine Rates Plummeting In Parts Of Mass.: Childhood vaccines are credited with virtually wiping out a… <url>,1
JLCEO85N,"News outlets are calling the mass of tornadoes last night a #tornado #outbreak...like an outbreak of measles, whooping cough and cholera",1
WS2HX15N,Hard to convince a mother of a 13yo with autism to give any vaccines. I worked hard today to get her to maybe. Had to use my WOO!,2
71C5ZV6A,<user> Nigga I'm scared of injections you think I'll be taking roids lol....vaccine for college,1
YZL1MS21,Pretty happy to hear that <user> is leaving the view. Stupid. Her opinions on autism and vaccines have done so much harm. #TheView,0
5XRJAW8W,California “has established itself as a national leader on public health.” #Vaccines <url>,2
YZMDLGZ0,Lmfao.. Why do people argue with me about vaccines.. If your kid's immune system can handle it VACCINATE YOUR KIDS. Idk why this is so hard.,2
WBG76XQ6,<user> I thought of vaccinating my children as something I did for them &amp; all the other children. Now we need law to overcome stupid..,2
XUK2R9C8,I think it's insanity when people don't vaccinate their pets... Why the hell would you think about not vaccinating your children?,2
NV57NTJD,<user> is looking for school nurse for a story on vaccinations. Anyone know someone who could help? #edchat,1
WEKREWA3,"Feb 2015, #Ontario prov, #Canada, reported four confirmed cases of #measles from four different families <url>",1
180,I'm completely against getting the MMR vaccine.,0
172,"I don't want the MMR shot, honestly.",0
OPR5BDA8,Disneyland Measles Outbreak Another Lesson in How Stupidity Can Kill - <url> via <user> RT! LIVES DEPEND ON IT!,2
EVNZV1LH,"<user> One was a mange-ridden raccoon, apparently w other diseases causing hair loss. Wild animals don't have the mange immunity",1
X2MN62R8,"I love Disneyland, but ain't trying to put myself at risk for measles lmao 😂😭",1
LCBRW5ZN,Don't blame Jenny McCarthy for the measles outbreak. She certainly is not helping. But it's not just her.,2
027GNB7V,"Before her immunization this kiddo asked me ""how many calories are in that shot?"" Seriously? What ever happened to a carefree childhood?",1
UK49VGUD,"<user> <user> just spent the weekend at Disneyland. Didn't get all my vaccinations as a child, made me sick. Still fine...",0
UTFFDJWY,<user> or not vaccinate his kids but doesn't want others to have them,0
N202YROS,<user> I guess the fact that the DPT vaccine has autism listed as a side effect has some people confused <url>,0
D9K58FB2,I'm getting really fucking tired of hearing about the measles from other people.,1
9VQUL59U,"Talking about the ""MMR"" vaccine in class and all I can think of is league...I have a problem.",1
2G56ZWY1,AIDS N : HIV/AIDS cure news: HIV vaccine gets clinical trial in Oregon: Oregon Health &amp; Science University (OHSU)… <url>,1
U80NGEVW,I wish I could understand why parents wouldn't want vaccinate their kids.,2
8P9F6SDP,<user> This is not a joke! HPV Vacs. Flu Vacs. MMR Vacs. You need to grow. Too much pruning can delay the plasticity process.,0
NR0CNC23,"Serious Measles Vaccine Side Effects Extremely Rare, Doctors Say <url>",2
S8AEDT7Y,"BOO! <user> Measles cases in the US *triple* in 2013. Why? Unvaccinated people. Yes, it’s that simple. <url>",2
QFCJ93V5,5 babies with measles at Palatine day care center; 10 more could be <url>,2
TYVLJZQ7,<user> doing titers on your dog yearly can show if if your dog had antibodies for the diseases in vaccinations .if + don't vaccinate,1
Y6U0TBXY,MMR was real fun. Not like any other time that's for sure :-),1
JSNG8GB8,"TASK FORCE SUFFOLK COUNTY (Long Island, New York) on stand by . Team made up of MedCorp and MMR Paramedics units. <url>",1
A1STE7GE,Identify all your crazy Facebook friends by asking who doesn't believe in childhood vaccinations. Then unfriend them in real life.,2
YBHPSVK2,"Bill would change NJ vaccine exemption: New Jersey might change a religious exemption that has allowed nearly 9,000… <url>",1
4E7INFMQ,Guy w measles visits maternity ward and Disney Store. <url> <url>,1
ACKJ9GO7,TBT 2/5/02-3 1/2 yr old daughter's colon pathology report <user> #CDCwhistleblower #MMR #BreakABillion #truth <url>,0
VZLJ3ETF,Where the hell did the measles come from? That hasn't been around since the 90s.,1
GSH72BRJ,"<user> will be your friend, sometimes the needs of the many out way the needs of the few! Like with MEASLES vaccination",2
QFJHILGV,<user> This is the second occurrence I read of vaccines harming children in Syria. Intentional or contamination is the question?,0
8PBYQDD7,"“Health officials investigating after 5 children under age of 1 at daycare near Chicago diagnosed with measles"" <user> WTF!?",1
7UOXJ3S0,Requests For Hepatitis A Vaccine Skyrocket After Outbreak: ARVADA (CBS4/AP) – Colorado health officials say the... <url>,1
24PG35M6,"In another, a Kyrgyz citizen was shot dead by an American soldier who escaped prosecution due to immunity the solider enjoyed @ that base.",1
HY7P50HV,Health Officials: Dutchess County Measles Patient Took Amtrak Train <url>,1
TTLQWD2R,"My prediction, vaccine exemption in Arizona will end soon. To much money is being lost by big pharma.",0
WZN51X1O,<user> *courtesy of #mmr,0
M6JE2PKC,Measle outbreak is not good because measles kill,1
4LT6FG7X,"We're debating IMMUNIZATION in 2015. Check, please. <user> The national debate on measles and (cont) <url>",2
IMQE4HA0,<user> Cdc admits to knowing dangers of flu vaccine while pregnant! #CDCwhistleblower <url>,0
VUC4YG82,<user> <user> <user> then you vaccinate your kids and leave ours alone.,0
PZWMM5R0,"IF YOUR KIDS ARE ELIGIBLE TO BE VACCINATED, THEN VACCINATE YOUR CHILDREN. END OF STORY <url>",2
W7ZI7GV4,"Vaccine herd theory analogy: Everyone on the subway wears headphones, which means one asshole can listen to music without them. #jerks",2
E9Y4XP2J,Parents who don't vaccinate their children &amp; adults who don't get themselves vaccinated are the fucking worst.,2
ZEAIJDN1,State Public Health: Still no cases of measles in IA. Influenza rates also dropping. <url>,1
4PVYZ6WX,Massachusetts confirms first case of measles in 2015: Health officials have confirmed the first case of measles in… <url>,1
J0SCJPPX,If you're on the fence about vaccinating your kids you should read this article. <url>,2
UM1JGG6J,“<user> How does your state compare in terms of childhood vaccinations? <url>,1
GSCVSPAA,"I don't care what <user> says, you should probably get your kids vaccinated.",2
BO1XXP15,And not get measles,2
X7W0L5W6,Wow I would punch this lady #VaccinesWork #Autism #VaccinationsEqualHealth <user> #GetHerBarba #AdoptNoah,2
JRYRY945,My kids aren't vaccinated #MakeAFirstDateWeirdIn4words,2
N932RYSF,Documentary Targeting Preservative In Some Vaccines Premieres In Hollywood <url>,0
R1UXO7LA,"In Pakistan, vaccinating children has become a deadly battle: While vaccine distrust has sparked debates amid a… <url>",1
PQ7VUX9Q,"Everything we do carries risk, but when the benefit of it comes in a higher form, there are no questions asked. #vaccineswork",2
S0LCQA4A,"<user> I'll listen to you, measles:)",1
BWJ8OF3A,US measles tally already among worst in 15 years <url>,1
KNEE8D6K,"<user> <user> <user> <user> when I get back from NYC, Ian better be 1500 MMR",2
CYT0VDFS,San Diego Unified Urges Parents To Vaccinate Kids: California's controversial vaccine requirement law doesn't go… <url>,2
CFYDIMHG,KinderCare changes policies after measles outbreak <url>,1
U9FQPDN3,Merck Vaccine Developer Admits Vaccines Routinely Contain Hidden Cancer Viruses Derived from Diseased Monkeys <url>,0
LB4J4RBO,"<user> what you should say ""yes Doctor, vaccinate my kids because vaccines are totally safe. I don't want to kill somebody else's kid""",2
6YD13NF6,If we keep letting in #illegals without testing. #measles and other diseases will be on the rise,2
NUVKPDV7,Scared of the flu vaccine? Let's see what's really inside it. <url>,1
IWPG5Z7Q,<user> BEING MOVED IN ON AMBRACING EMBESSZLEMENT AT KKRAA...ALL IMMUNITY AT RISK FOR GROUND SLUEING.,1
6PN67O1H,"The poorest, most vulnerable children who need #immunization the… <url>",2
Q6U7JNJN,<user> maybe you have measles,1
5TCMWKRB,<user> <user> <user> my granddaughter has just gotten over ear infection just turned 13 months old. Is the flu vaccine safe for her,2
862W1E06,"DONT BE STUPID, ASK THE INGREDIENTS IN THE #VACCINATIONS #SIGR <user> <user> <user> <url>",0
RA09D8S9,I hope <user> doesn't get measles in DisneyLand! Lol,1
Y2ZLPXJL,California #Measles Outbreak Surprises Officials - <user> News #DrRichardBesser <user> #vaccination <url>,1
9SAVTAZC,Hey #sciencedeniers ya happy yer #antivaccine stance has allowed measles back in the population,2
2Q1QH6JI,Autism & Vaccines... <url>,0
CU24D9O7,My neighbor told me he refuses to have his kids get #measles vaccinations. Cool. Now keep them out of the public. For life. Dumbass.,2
EKAYSCJX,"Convinced patient at work today, who is anti-vaccine, why it's a beneficial to have her children vaccinated #dontfuckwithherdimmunity",2
SY6J029F,AM-News : Students put at risk of HIV and hepatitis from botched blood tests and vaccinations sue their former ... <url>,1
ZLB6T9US,"I think this years ""I'm going to disneyworld"" commercial should have a disclaimer about measles outbreak",1
AUU8JW87,"""<user> On average people who complain live longer. Releasing this tension increases immunity and boosts their health""",1
598,I've made my decision: no vaccines for this trip.,0
BQMTVD1W,Just got two vaccinations this morning and I sill don't have autism. Imagine that,2
209,I'm refusing another COVID vaccination.,0
BX9DXKD5,Andrew Wakefield looks like a young Doc Martin #pbs #FRONTLINE #VaccineWar,1
HFYT42L0,Ohio Lawmakers Want Day Care Kids Vaccinated: Two Ohio lawmakers say they will introduce legislation requiring... <url>,1
DPQDD3FZ,Via <user> Australia To Stop Payments To Families Who Refuse Child Vaccinations <url>,1
39SEB27N,Concerns Over Measles Outbreak <url>,1
HS3M8U3G,Parenting privileges should be taken away for people who have children that CAN get vaccinated but choose not to,2
KC5WJWE2,Gave this adorable little Asian kid a piece of chalk so he could draw on the chalkboard while waiting for immunizations. He ate it. 😳,1
XJUNIZDY,<user> sounds like measles or chicken pox,1
TPV6WSPC,"When diagnosed w/ disease, natural to look @ events just before (like vaccine): beware recall bias, assumptions #NMOaction <user>",1
5067CG2A,why is vaccination even a question /: #polio #measles #mumps #oh #my,2
LD34HL7Z,Child-vaccine bill becomes less universal: Colorado state Sen. Irene Aguilar introduced her much-anticipated bill... <url>,1
499Q2ZDI,"It's so frustrating that the main argument against vaccines is that even if a child gets the vaccine, they can still contract the illness.",2
NNC2OVM3,"At the pharmacy getting vaccinated for flu and pneumonia. (at <user> in Falls Church, VA) <url>",2
XSXFN1C8,<user> vaccines causing autism,0
VGMBEA9Z,"Ok .. where do I start with this shit, first .. Vaccines don't make you autistic and autism isn't gay… <url>",2
SZ2MCTKT,<user> Robertson pushes false theory that AIDS came from monkey-based Polio vaccine <url> aids &amp; cocaine came from #cia,0
LYW13M4I,It's not too late to get your flu vaccine. #health (at <user> &amp; Homecare) <url> <url>,2
81LLZC6O,"<user> I'm at the doc's office and they're showing 'Outbreak', a movie about a fast spreading disease. #HOP get me vaccinated STAT",2
E696IO25,MMR .,1
KA2L1JWI,LRT VACCINATE YOU FREAKING KIDS,2
E757A1EQ,know what's dumb: a disease thought to be eradicated in the US came back cuz rich white people wont vaccinate their kids. Good work idiots.,2
K23GSU7N,"People don't vaccinate for measles, mumps and rubella but smoke (anything). Just let that sink in...",2
RUETIXGR,"On average, people who complain live longer -- Releasing this tension increases immunity and boosts their health. I will live forever!",1
RQIVPZJ2,"5 Things You Need to Know This Morning: Purdue Safety Plan, New Push for Immunizations, IndyCar Returns to IMS,... <url>",1
PPENDMRG,“<user> Statement from <user> on #measles: <url>,2
RZDKTVUE,"I'm at MMR Station 22 (Mount Pleasant, MI) <url>",1
6C8RSWSX,Fascinating POV on vaccine distrust. -&gt;“<user> Why don’t some parents believe the safety of vaccines? <url>,1
478,I'm not willing to get the MMR vaccine.,0
QUVCILSA,Merck MMR Vaccine Failed to Protect Thousands from Mumps | AllGov <url>,1
52K1GGUD,"Very sweet cashier at grocery store asked about my Valentine's plans, I resisted the urge to say ""writing about measles or tenure.""",1
ZJ2BI2NV,"im sick of hearing about people not vaccinating their children. I am sick of hearing about people's ""freedom"" to do insane, dangerous things",2
TYCGNGM3,This Measles Shit💩💩💩✔is 4 The Birds✔✔✔ #✔,1
3ZG47PDV,Hanging out with <user> from MMR! @ Dooney's Pub &amp; Restaurant <url>,1
JEYX0BIR,I just love getting stuck on an mmr! #saidnooneever,1
HYUQ0YS7,"EVery PErson That Does NOT Vaccinate their Children.......,,,,,REaD THIs!!!!!!!",2
AIFANTSY,Do you #Blogust? I do! Leave a comment. Vaccinate a child in developing country. Simple. <user>,2
XQOWF43N,RT <user> Health officials warn of possible measles exposure at tennis clubs in Kirkland and Bellevue <url>,1
QCBE6769,Terrible news. RT <user> At least 6 dead as vans carrying polio vaccination team hit by roadside bomb in Pakistan's northern Khyber Agency,1
E1JNWY4B,Measles outbreaks spark fears of return of a disease via <user> <url>,1
S9INRET4,"The so called IRS ""scandal"" is such a charade..granting immunity to Lerner would allow her to speak and they sure as hell don't want that! 👎",1
2VOUL8US,"“<user> On average, people who complain live longer -- Releasing this tension increases immunity and boosts their health.” Livin till 💮",1
TCBC2IZ5,<user> their a month away from a vaccine #CDC #ebolaoutbreak its a risk. Its not airborne though at least.,1
IW6TZO50,Study finds low flu vaccine rates in U.S. kids: Flu vaccination rates among U.S. children were lower than expected... <url>,1
8UOPZP5X,Two possible cases of measles reported in North Carolina <url>,1
2EP6N4RD,"<user> <user> I got the vaccine as a kid, which may or may not still be effective.. I should probably look into it..",1
LK5LUZ0A,Shame on <user> for their billboard on the NJ Turnpike implying childhood vaccines are dangerous. You're a danger to public health.,2
WCJSM8NJ,Let's stop the return of diseases that were almost extinct. #vaccineswork #letsprotectourkids #VaccinateYourKids,2
6CLNULES,Doctors often yield to parents' requests to delay kids' vaccines: Doctors commonly get requests from parents to… <url>,1
2ANZSUT7,"From 2001-2008, a median of 56 measles cases/year were reported to the CDC. 1st 19 weeks of 2011? 118. Vaccinate your kids. (Thx Sean)",2
J8CM84CY,"Passed my CHEX exams, got vaccinated &amp; tested. I can't wait to get my uniform&amp; get placed again <user> 💙 #childlife #love #choc",1
IIN5D33V,"Meeting tonight, 8:30pm in room 322 of the student center! 💙💉 #kent #ksu kentstate #immunizations #ChildrenFirst <url>",2
AF4VUKST,We'll be voting next week on a Lifeline 911 medical immunity policy. Help stop alcohol poisoning without fear of university penalties.,1
D1RQ9LXG,I'm sorry but if you don't vaccinate your kids for fucking diseases like measles you're a fucking idiot. No the govt is not trying to kill u,2
NCXIHJ8G,parents that don't vaccinate their children got me feeling a way,2
UIVF7AB3,Getting the nasal mist flu vaccine today. Because I'm 24 and still scared of needles.,2
WBOCDLK3,MMR-B-Q 2014 \m/ <user> <url>,1
4BCCSCNP,14 babies return to #SantaMonica HS daycare center that closed because of #measles <url>,1
WRCK2N4F,"Measles cases found in Ill. (1), Minn. (1) &amp; Neb. (2). Iowa asks for confirmed reports.",1
0ZZRXTI5,#MeaslesOutbreak #measles #SuperBowlXLIX Will Super Bowl at Arizona catalyze the spread of measles???,1
KM1EQ1SK,<user> <user> So what's your response to vaccinations being down since ACA was passed?,1
563,I've decided to skip hepatitis vaccination.,0
AFQFRO35,Health officials urge vaccinations for swine flu: Health officials are urging people to be vaccinated for swine... <url>,2
UVOWDR4D,<url> vaccine related deaths,0
UBHZFAF9,DCHHS Offering Back-To-School Immunizations Now: DALLAS (<url> - You don’t have to wait to get... <url>,1
7RAK0GSK,"Argh I thought I built up my immunity last year, but I've been consistently sick for the past 2 months 😭😭😭😭😭 #kiddiegerms #pedslife",1
42GBO6DX,Brooklyn Franchise Liaison / Chicago Jennifair #MMLLC #MMR <url> <url>,1
RY2YF9LR,Manheim PA today. Low mileage cars and trucks have no ceiling. High mileage late model cars have no bids or many 1000's behind MMR,1
4R3LS61Z,"AM-News : Canadian HIV vaccine researcher explores ways to engage at-risk youth: His project on ""Barriers to… <url>",1
MY43HFB9,"Measles Vaccine Has Benefit Beyond Measles: When the measles vaccine was introduced 50 years ago, child death rates… <url>",2
5ISNLRUX,"160 cases of measles in the US?!?!?! Unless they have a serious medical problem, VACCINATE YOUR DAMN KIDS.",2
KM1LTH3M,"Oh there you go. Dr. Rand Paul has ""heard stories"" of vaccines causing autism. So much for science. #antivaxxer",2
37GAK632,#TheRegistrationSocial Jan 12-14 / 5-8pm The Baltimore Gallery... ☑Download MMR 103.1 from… <url>,1
1A2PIZVE,<user> Lots of misinformation too. The only vaccine that still has the mercury compound in it (as a preservative) are flu shots. All (1/2),1
HF49K1G6,#measlesParties? #parents are u serious??? Non-vaccinated #kids get exposure to build up immunity. #MeaslesOutbreak <url>,0
S1F3RN68,"""<user> Only 49% of kids at one Google-affiliated daycare are properly vaccinated. <url> Insane!",1
MHKBY0OV,"This is how the world ends; not with a bang, but with a Jenny McCarthy-inspired public health crisis. #VaccinateYourKids",2
QYPOT6PW,"Vaccinate your kids, people. Seriously. Don't let your mental sickness give your kids something more life threatening.",2
9IRL6EKB,"Why are you All blaming American women for not vaccinating their children thus outbreaks,look at the real truth <url>",0
LOP0CANN,#Measles: The most infectious of all diseases by <user> <url> <user>,1
87TMMFGN,<user> I am purposely ignoring all this crap. My kids are vaccinated. End of discussion for me.,2
LFL2M48M,Recently found that smoking marijuana cause a mutation in mice leading to autism... Sorry Jim Carey it's not vaccines #science,2
EXY4KVRR,Get vaccinated (and your kids too)! Fools. <url> #measles,2
QSHW6MHQ,New Recommended Immunization Schedules out from #cdc <url>,1
6QHISXW8,#vaccinations do your research from actual medical journals! Andrew Wakefield is a moron &amp; skewed his results! #Fact <url>,2
GKA8VFYJ,Do vaccines cause Autism?,1
DLJP6DFT,What measles? Disney raises ticket prices at U.S. theme parks <url>,1
F1D9E0AU,"“<user> According to the CDC, this year's #flu vaccine is only 23% effective. <url> <user> NOT GETTING ONE 😷",0
LL3PGAMU,Your flu shot may be useless — health officials say flu vaccine isn’t working as well as expected: You may not be… <url>,1
OOT30WQY,you guys were prolific saboteurs for almost 5 decades though. Measles anyone?age 9 across oceans? #Barbara #Walters <user>,1
6ZVFT2X7,Each and Every Wednesday‼️ chupitosusa #RocTheMicWednesdays #TagAArtist #MMR @ Chupitos <url>,1
JA7XOTSR,If your baby doesn't have to be vaccinated neither does my Yorkie.😂😂😂😂,0
U6LQRMPM,"No1's more invested in th well-being of children&amp;families than pediatricians. If #SB277 were bad4them, we wouldn't support it. #vaccineswork",2
229,I've decided that flu vaccination isn't something I want.,0
OJIEWR86,California lawmakers aim to limit vaccine exemptions <url>,1
WK429GSX,"Vaccinations, round 2 (@ Children's Healthcare Medical Associates) <url>",1
VO5HSJ8U,<user> <user> U can choose not to vaccinate ur child for what crazy ideal just do not bring them to out in public That not good,2
1ZHD8N28,"Things I learned watching #SF news: break for baby sea lions, but a lotto ticket &amp; don't ride the bus if you're not vaccinated for measles",2
2CWJQ23X,<user> 2) find a common definition of fascism that applies to democratically elected government forcing vaccination for public health,0
SS19856O,<user> I never had Beiber fever. I had Maslow measles.(; hope that made u smile & or laugh? (; I love u lots rock out 2night xoKarina,1
8FJLUA0X,<user> do you hate everyone because you were vaccinated as a kid?,0
4037U631,"Closing up our vaccination POD w/the help of Mineral Co Health Nurse, Hawthorne FD, SOC FD. [pic]: <url>",2
E4FWRTKN,"Several whooping cough cases locally and measles r coming back,Not vaccinating ur kids? Keep them away from mine. <user> #GMA",2
XH3GL1OI,Vaccinate your damn kids,2
XIAX4DXY,Lawyer Wants Oakland County Judge To Order Measles Shots For 4 Children: A judge could decide whether to order four… <url>,1
3G723LI3,<user> yeah I’m on a huge loss streak lost like 300 mmr,1
JMNLR8RA,Measles Outbreak Traced Back To A Single Unvaccinated Child | <url>,1
G48POW0W,"Should the state of California be quarantined because of measles epidemic? Might contain boxer,pelosi, feinstein &amp; an assortment of loonies!",1
H8TCCARN,Wow! Waiting to get the measles vaccine and a woman walks in to get a Rx refilled. Her birth year is 1915. #ColorMeImpressed #LLAP,2
KYF6WIEJ,<user> warning about pet vaccinations RT <user> Thousands support sick dog who saved baby girl <url>,0
4QVHV3YH,"Ok, why aren't people vaccinating kids? Apparently I'm expected to make small talk about this shit now.",2
7R66AA1M,Use this map to know where NOT to go for vacation. Via <user> More states let parents refuse to vaccinate kids <url>,2
HCDKQLXF,2 New flu vaccines safe for adults with egg allergies. <url>,2
H6GTC8WO,Go crochet...or...vaccinate fat kids. 😂😂😂😂😩😩😩,1
EF8NQM2E,"This small pox vaccine is killing me, my arm hurts so bad.",1
08I5A488,"Anthrax vaccine? As if! Not my children. We need vaccine, the mission to protect USA is over. #tcot #vaccine",0
QBSW2FSE,“<user> #KingCoHealth reports new case of measles in an adult international traveler who was in King Co <url>,1
U2LBIDK5,WTF is this Bullshit...........The Center of Disease Control Says Ebola Vaccine Only Works On White People! <url>,0
2XLTND4M,Vaccine for pneumonia and meningitis routinely given to babies exceeds expectations: <url>,2
6521RWR3,#MMR reviewing Jennifair new single <url>,1
UJJ3MBNY,One woman dead in Collin County from the flu: She was not immunized against the flu.The first flu-related death... <url>,1
62CUPZ30,SB28 [Engross] Require meningococcal immunization for school entry. <url>,1
QLFGNSCB,Ashamed of Oregon MT <user> How Many People Aren’t Vaccinating Kids in Your State? <url> <url>,0
8OJVXBFK,Arizona and Pinal County health officials confirm eight more cases of measles; total of 10 cases confirmed <user> <url>,1
M1FJ55XV,"<user> She's the baby-killing bitch who led the anti-vaccination movement, based on a study that fraudulently linked vaccines to autism.",2
75,I'd refuse a tetanus booster.,0
P4U8C6GP,"Still a step up from Piers Morgan. RT <user> Who shows a picture of a ""scar"" from a measles shot? CNN, THAT'S WHO, DAMMIT",1
CLK1QITW,<user> I went and took my son to doctors and he got immunizations and got those autism. -Jenny McCarthy #jaymohrsports,0
4R2WLOLE,"it wasn't already there...? RT <user> Sick Quebec tourist may have spread measles in OOB, Saco last weekend, health officials say.",1
GYYL9PNW,DONT BREATHE U MIGHT CATCH THE MEASLES 😷😷😷 <url>,1
BUYB7ILR,Whooping cough vaccine safe for pregnant women - study: A new study found that the whooping cough vaccine does not… <url>,2
VYWMAUOG,"Health officials encouraging public to get flu vaccine early: Flu season is on the horizon, but this year the... <url>",2
P0547OP9,<user> <user> <user> I don't know that My sisters and I all had the measles when we were young. No autism Vaccines do!,0
SYERC8AQ,"""<user> ZERO U.S. Measles Deaths in 10 Years, but Over 100 Measles #Vaccine Deaths Reported: <url>",0
AOX3AIC2,Disease outbreaks may not change minds of vaccine opponents: Health experts who hope that outbreaks of childhood... <url>,1
AGLKF3YG,The less people the easier it is to control it's all part of agenda 21 there killing us off with vaccines fluoride in the water gmo's ..etc,0
8OF0FHKG,“<user> The doctor who claimed there was a link between vaccination's and autism got his doctoral license revoked.” <user>,2
J2QS1ZZX,can vaccines cause autism? educate yourselves —&gt; <url>,2
1DR6ROZ4,"I mean if they immunize my kid with something that won't secretly kill him years down the line then I'm all for it, but I don't trust that",0
UTRHJTMR,"Awaiting the onset of autism from two immunizations. In the meanwhile, a couple Diet Cokes ought to get me back int... <url>",1
JGT3JOF7,Supe Introduces Resolution Supporting Move to Eliminate Personal Belief Exemptions for Vaccination: San Francisco… <url>,2
LVRH3QQ5,Some Washington lawmakers pushing for vaccine mandate for childhood illnesses <url>,1
Q2PN68OW,"Don't want to vaccinate your kids, fine. Just don't bring the little plague rats to #Disneyland, asshats.",2
GUMFN8EE,I-Team: Can Flu Shots Be Risky?: Flu shots save lives. But the I-Team discovered that the vaccine also comes with… <url>,0
JSSI3B44,"I have the biggest heart for foster children, it saddens me when i give them their vaccines :(",1
RCDKYTTW,<user> got fame_oliver2xx in here snapping....... Life Different When You M.A.D.E..... #MMR… <url>,1
9YP22SQK,"<user> Listen 2 ur doc Mia.Our bodies dvlop immunity thru grms.In 40's&amp;50's,rich kids more likely 2get polio thn poor,bc homes clnr",1
SD8BXATJ,<user> not sure If karma got me from making those measles jokes or what. But I've been sick with a fever since Monday,1
E2ZHPW4R,"""<user> RT <user> Vaccine-preventable diseases that cause for 1.5M infant deaths -<url> <url>",2
442,I've decided to reject the HPV shot.,0
008FHPOT,AM-News : Morning Break: Aggressive HIV; Measles Not Mickey's Fault: Researchers in Belgium say they have… <url>,1
UGNQLFJX,"<user> On average, people who complain live longer -- Releasing this tension increases immunity and boosts their health. <user>",1
ECHN68T3,I hear there is a measles out break in America... Now fully paranoid of everyone sneezing and coughing around me 😱😱😱,1
4XTZJQ8N,You know what's better than getting an email that someone at the U has measles? Getting this: <url>,1
YGY4IDR4,#CDCwhistleblower vaccine-autism link is Tuskegee revisited. “REAL STORY OF REAL FRAUD” <url>,0
00KJ1V4V,people who don't vaccinate their kids bc of religion piss me off. bathing was against your religion once &amp; what happened? the black plague.,2
7437WXXZ,<user> mmr and kiewit lol still doing checks lol,1
TGVJLJU8,Texas maternal mortality top 3 causes: cardiac; #preeclampsia; prescription drug use. June Hanke talks abt new TX MMR task force #awhonn14,1
4J49MFLL,<user> we gonna fry mmr this weekend???,1
141,"I don't want the COVID shot, and that's final.",0
RGYUDUYA,"Poor kid got 4 shots. One not given in Aus, one on the US schedule for his age and 2 because US/Aus use a different vaccine for same thing.",1
Z37SP2Y5,New immunization requirements in Maryland: Students here in Maryland will be heading back to school in the next... <url>,1
L25BW8DG,"Bard college: ""I was so stoned when I got the measles email and I thought it was so funny."" ""It was so funny.""",1
KKO96UA8,"<user> ""FDA admits in court case that..."" #murderousirresponsibility continues, old debunked accusations from #spammers #vaccines",1
VWS67LYC,High vaccination rates and best protection for our kids come from honest relationships. Doctors and parents. Not politicians and lobbyists,2
FKBZ0B4H,"4/30- 7-10 North Atlantic right #whales. One breaching! Finback #whale. Humpbacks Nile, Measles, Evolution feeding w/ great tail shots!",1
VYTFJ0QK,"“<user> AIDS vaccine created at Oregon Health &amp; Science University may clear virus from body - <url> "" 😳🙌",2
HTYHH7LY,"When I played the Oregon trail, all I did was hunt and all my people died from the measles.... Or diphtheria",1
99OB3GZ3,“<user> Health Dept. Warns Super Bowl Visitors May Have Been Exposed To Measles... <url> yikes,1
B46VAY3W,<user> <user> because vaccines do not cause autism. But <user> should speak up for our discrimination <url>,2
H29JOFSF,this anti-vaccination thing is ridiculous considering it's scientifically proven vaccinations have no correlation to autism,2
LSKMV6NN,"<user> oh I saw a couple that said essentially "" no one cares, vaccinate your kids"" idk I found those funny haha",2
YP1ZJ195,“<user> What you need to know about the measles outbreak: <url>,1
X31W1ELR,"Why We Worry About Measles, And Why You Should, Too… As In Now. <url>",1
265,I'm opposed to getting the MMR vaccine.,0
ZRCW0EEE,Benefits of music = stress relief + boost immunity + reduce heart disease + enhances emotional strength + boost self esteem. #MusicHeals,1
9KFVM69G,"Sum vaccines like H1N1 n Flu have chemicals in them that no1 would ever want in their body,yet the CDC approves them,Y? Slowly but surely :(",0
UT3AD95H,We must be the voice for our babies and children. Importance of vaccination! #TIPDay15 #schoolnurses,2
H4IYT5IX,"Yet again, your kid can't get Autism from being vaccinated, but they CAN die of several diseases that are easily contactable &amp; preventable.",2
MC7QHP67,"You get a ""choice"" on whether to vaccinate your kids, but not on whether to have them or not? Con doesn't stand for consistency, does it?",1
0NANCKFA,I chose to vaccinate my daughter so your opinion isn't needed. She's MY child. I carried her for nine months. Not you.,2
39L91MUE,measles broke out at palisades not going there no time soon,1
ZNSSWHHF,"I'm getting the Td, because my family has an allergy to the pertussis vaccine. (@ Tulsa Health) [pic]: <url>",1
8XCHDUO7,CDC says flu shot less effective while health officials push Hoosiers to get vaccinated: There have been 85… <url>,1
BEJEJM8V,"<user> ""I never got my kids vaccinated and they are fine"" - Every chiropractor ever",2
QTGARIDL,Bring Your A Game Tonight <user> #mmr #mixmasterrod #dj #dc #openformat #follow #photo #pics… <url>,1
PFUW0ZND,So apparently the refugee children are more likely to be vaccinated than Texas children. #America,2
357,I don't intend to get another tetanus vaccination.,0
0R7ZTCTR,<user> i know if you get chicken pox you can eventually get shingles. Any equivalent of that for measles?,1
4WHBVH8E,"<user> Where did I say they don't work? I said natural immunity is better, and vaccines don't keep you from getting the disease.",0
WUGHXWVT,From a beloved author who loved children and lost a daughter to measles. <url> It will break your heart and change no minds,2
594,I'd rather skip the trip than agree to vaccination.,0
VYE233AL,Seattle Times: CDC seeks input on meningitis vaccine for infants. Officials from the Centers for Disease Control and... <url>,1
QZE8HI8A,<user> UM ACTUALLY NO THE VACCINATED CAN GET MINOR CASES OF THE DISEASE AND SPEAD IT WHEN THEY DONT HAVE NOTICEABLE SYMPTOMS,0
J7PXXUJX,I can't even lift up my arm because of all those vaccines of poison my doctor injected into me 😭,0
RHX97NQ7,Finally I heard Jenny McCarthy's son does not have autism? She should apologize to all the dead kids that didn't get vaccines,2
0RCGU5ZU,Klugman: Conjugate pneumococcal vaccination of CHILDREN drives down circulation of strains and prevents disease in ADULTS <user>,2
XZ1ZSLHO,Measle vaccinations should be mandatory#ronation#cdc,2
JGBDXWQ9,"Talan: Because of fear of vaccination, we had a measles outbreak… #ACEP15 <url>",2
N5I0YJIU,<user> trying. I've seen reports of doctors ripping the infant out of the mothers arms to vaccinate even tho at the request to not,0
HSNNK69R,AM-News : Quadrivalent HPV vaccine effective in women with HIV: The quadrivalent HPV vaccine was safe and... <url>,2
4IU84GUE,“<user> 40% of vaccines contain aluminum; what conditions are associated with aluminum exposure? <url> #CDCvax”,0
GHHUTE2N,"#Ebola With Ebola waning, attention turns to children left unvaccinated against measles ... - Saskatoon StarPhoenix <url>",1
B0IK3CH3,"<user> She's fine. Ear infection, antibiotics for a tick bite, blood drawn, vaccinations. Poor baby.",1
43K9ETFQ,I'm pretty sure there's a kid at Wendy's with whooping cough... I hope my immunizations are up to date!! 😬,2
B7IC2ATM,Dreamt there was a measles epidemic and <user> passed it on to me 😒,1
G0T8SD65,"""notion we get from novels.. ""falling in love"" is something quite irresistible; something that just happens, like measles."" IT TAKES WORK!",1
64LJ7WNW,<user> #Measles is not fatal and is very treatable.,0
NNWZ59NM,"As measles cases near 60, California health officials urge vaccination <url>",2
631QQPK3,<user> <user> Christie is an idiot. We saw that when he over reacted on Ebola but wouldn't read on measles,2
XSAJZVOG,Roald Dahl becomes sage of US measles outbreak <url>,1
H9T7Q2O9,#Measles confirmed in the #CoachellaValley. <url>,1
42NYI5TM,Parents Debate on Children's Vaccination Requirements: The battle over vaccination is heating up with some last… <url>,1
ZRHZ8ZIX,That Ebola scare in NYC is ridiculous. Anyone who has eaten a NYC hotdog has enough immunities in them to prevent any plague.,1
GIES63NS,"<url> All the taxpayer money wasted at CDC, Canada comes up with vaccine. Pitiful",0
1ZYE9W2C,<user> I think I have measles 😳😳😳😂😭😭😭😭 I'm coughing my fuckin life away lol,1
KPIIXJ8O,"New Jersey Bill Advances To Change Vaccine Exemption For Students: TRENTON, N.J. (CBSNewYork/AP) – New Jersey might… <url>",1
HCR9YTU8,"#MeaslesOutbreak : Oh I want to make it really clear, I also blame fake, junk-science ""Dr."" Andrew Wakefield as well.",1
PFXK2EJ0,"<user> <user> <user> When I contracted measles at 5, had a fever of 105+, my parents had to use ice water to stop it",1
MVIAF5UY,I've never thought I'd be glad that BART doesn't go to Marin. We have enough #measles on the trains already.,1
2AP0NRJE,Awl mra min yet USA y9er re7t el mmr 7lwa:),1
0TIFZ2P2,"#blizzardof2015 is God's way of punishing New Englanders for #DeflateGate, next I hope Belichek gets boils and Brady gets the measles.",1
J78XI566,“<user> CDC Director Shuts Down GOP Senator's Immigrant Measles Theory <user> <url> breeds stupid.,2
XCSBU4QD,"Glad I'm not home right now, since there's a measles outbreak less than 15 mins away from my house. 😳 #disneyland #MeaslesOutbreak",1
H4L0T5TF,<user> <user> <user> yes! Watching abt how important it is to vaccinate the whole family with my kids!,2
L9UBE6ID,Measles outbreak oh nah,1
2NHTUAVZ,State Veterinarian JJ Goicechea said horse owners should vaccinate their animals against the disease <url>,2
2JL3CJAJ,Health Officials: Flu Vaccine Less Effective But Recommended <url>,1
3QJ6UU9P,HB5364 [NEW] Health; immunizations; exemptions from immunization requirements; expand statements of exemption to ... <url>,0
92LEWEZW,"""<user> CDC: Measles total swells to 121 in 17 states <url>",1
QTWX82KI,<user> Maybe he or she has measles.,1
UNHTP8NC,San Diego parents react to controversial vaccination bill: It is public health versus parents' right after the… <url>,1
1IZMRNTO,State signs emergency order to allow pharmacists to give measles-mumps vaccine: Licensed pharmacists can now... <url>,1
IUUKHPAF,<user> I could care less of you vaccinate your kids. Just keep them away from mine!,2
EBGKHAZ2,Map of preventable disease outbreaks shows the influence of anti-vaccination movements - <url>,2
DQ8AOFCC,About to get 4 different immunization shots I apparently need for dental school. Awesome.,1
ERUGCOSF,Low key don't even know if I can go to school Wednesday. I haven't gotten vaccinated 😂😏,0
PYW9ZN2B,<user> the way I see it is the only one that has a chance of contracting it is her child bc most everyone else is vaccinated,2
SP6ILV3D,View state-level data of infectious diseases before and after vaccines were introduced: <url>,1
0Z626OI3,"US Surgeon General Visits L.A., Emphasizes Importance of Vaccination After Measles Outbreak: In a the Los Angeles… <url>",1
07S3NL2T,Baby Luna is sore from her vaccines :( #poorpuppy,1
Y0TLI5RL,2:35am #knottsberryfarm #disneyland #measles @ The Fortress of Solid Dude <url>,1
LK2Z5KTX,“<user> Why you should care about the measles outbreak–even if you're vaccinated - Fortune <url> #untj4460,1
NJLA0X40,"Competition today 🙌 Last time performing on this field , of course I'm going out w/ a bang &amp; superior 🏆 MMR finna take home EVERYTHING!!!!",1
EDYJXM8X,<user> <user> what? i thought science proved that Jenny McCarthy is insane &amp; that vaccinations are not tied to autism?,2
HEP7GJZE,This measles outbreak terrifies me😳,1
AZSP1UFJ,900 dollars worth of medicine/vaccines/shots for Africa. My arms as dead as my bank,2
D3OXNUPI,Please vaccinate your kids. I want the community college guys I date to be healthy. Do it for me.,2
3J6QPIX8,"Oh, no! Avril's fallen victim to markeritis. This should have been totally preventable! Vaccinate your kids now! <url>",2
MUNUXZH2,Finally getting my immunization records for school,1
RIYCJA70,Thoughts? Pa. Changing Policy On Mandatory Vaccines For School Age Children <url>,1
U69BNUOA,Remember when you got the vaccines 1day before school? DON'T WAIT 2 #RegistertoVote <url> <url>,2
MMY451UP,"Infants from suburban KinderCare, diagnosed with measles, cleared to return to daycare: PALATINE, Ill. — Five… <url>",1
NP5LF123,Two more Cook County measles cases bring state total to 13: Two more suburban Cook County children have been… <url>,1
CTF1MJWV,<user> global health requires tracking place &amp; migrations eg birds and refugees; vaccination campaigns eg global polio eradication,2
ZKD5UOBV,Every #child should be #vaccinated #closetheimmunizationgap #health #vaccination <url>,2
VEEV6WF6,Calif. lawmakers seek to end 'personal belief' vaccine exemptions via <user>,2
1FR4C9LC,CDC: Flu vaccine less effective: Health officials are telling doctors that the flu vaccine may not be very… <url>,1
S85DTIFB,Global health success: India certified free of polio <url> #vaccinations <user>,2
78LXEC3U,"MMR N da building 4 ""A Band Name Ex"" first video shoot! (@ Catwalk Studioz) <url>",1
173,MMR vaccination is something I oppose for myself.,0
TRIA42TR,Sun Ra measles,1
I901YEBQ,Going to my pertussis vaccination even though I am deathly afraid of shots to keep my soon to be nephew safe 🙈💉👼 #worthit,2
OK4R0QNO,#ExoticsOnFridays #MMR @ Exotics <url>,1
GMUWXJJ9,We shouldn't give a single vote to any politician who even suggests that vaccines are/were potentially unsafe. The ignorance must stop,2
0AKN4MI1,"Commercialization Officer, Vaccine and Pharmaceutical Delivery Technologies, Seattle, United States <user> #jobs <url>",1
Q7QS5P3E,Gothamist: Officials Try To Contain Measles Outbreak In Upper Manhattan &amp; The Bronx. <url> so many people who are not vacci,1
JO3N1KRA,"""<user> On average, people who complain live longer Releasing this tension increases immunity and boosts their health.""<user>",1
3E6CFUKQ,"10th case of measles confirmed in Cook County: PALATINE, Ill. — A 10th case of measles has been reported in Cook… <url>",1
Z40N2Q5O,CDC urging parents to get flu vaccines for their children: The CDC is urging parents to get their children... <url>,2
XW97JKMZ,I'm just confused why some parents won't vaccinate their kids when they could be putting other children at risk..just do your research,2
71Z074MQ,"Meningococcal disease affects 3, kills 1 in Orange County; Health officials urge vaccination <url>",2
TZBER8V1,"Hey Tim! When our first baby was born in Tucson,AZ the pediatrician said she would NOT treat us if we weren't immunizing. Hired!",2
Z83PEXCR,And i'm gonna say it: if you don't vaccinate ur a bad parent. A parent protects their child and helps them grow. <url>,2
1WRVUDIQ,<user> unvaccinated children should fucking get vaccinated!,2
25GX56ZH,10 outrageous (but true) facts about vaccines CDC &amp; vaccine industry don't want you to know <url> #UniteBlue #Santo71315,0
HGW37XQV,"Both boys after Laporte 5k. ""Obesity is a disease"" getting off your ass is the vaccine. #effort <url>",1
R5M5G42W,Change in policy likely to lower number of exemptions to Michigan's vaccine requirements: Associated Press - Health… <url>,1
69,I've made up my mind about meningococcal vaccination: no.,0
71RO2BQ7,Oh I've had it with people saying #autism is caused by vaccination. Guess what? Autism doesn't kill. Communicable diseases can and have.,2
9R7X4M9B,Won't you be my neighbor...<user> #mmr #mixmasterrod #dj #dc #dupontcicle #midtown #dope… <url>,1
HPFDO75X,Paul Shepard suggests infants putting things in mouth may be immunizing selves against local bacterial fauna #MOOutdoorSummit,1
RZ4WXO29,If #vaccineswork &amp; are safe as advertised then why is the government running a Vaccine Injury Compensation Fund? <url>,0
QR0CJOCK,Shane Rhyne tells us a conspiracy about the unintended consequences of manditory vaccinations at It's… <url>,0
4HHDQQ9D,"I hate being stressed out 😠 I just need a physical, 2-step TB, my drug test, and MMR vaccine 😩 #nursingschoolproblems",1
TP01OVXD,#GirlsLikeItWhen you have a high MMR #LeagueOfLegends,1
221,I'm skipping the flu shot this season.,0
TOORHDO0,"More Kids Should Be Vaccinated, Changes Needed to Pennsylvania’s Vaccine Oversight: Study <url>",2
JZVDRVNB,<user> <user> *Waves* *Coughs vaccinate Your kids*,2
Q23N1WQH,Someone I don't recogn trying to convince SenFin to levy new per person assessmt on everyone covered by health insurance for immunizations,1
CX678W54,U.S. on track for most measles cases in a decade - USATODAY.com <url>,1
HWO714QF,"“<user> When my disciples don't know how vaccines cause autism, I give them this link: <url> <user>",0
7XQCN4DD,"Also, catching the measles makes you immune to the measles, it doesn't strengthen immunity overall. <user> <user>",0
FAEH94YW,<user> MEASLES FOR JESUS,1
HZ6H23R4,<user> <user> I just do what they tell me to do! I know a lot of moms don't want to vaccinate bc of the autism connection. xx,0
24V6P434,"“<user> Yes, Childhood Vaccines Are Safe. <url>",2
ON5S11AK,Why isn't the news talking about how measles were wiped out AND THEN CAME BACK cuz dumbass ppl don't vaccinate their kids,2
9ZODJWXL,"""<user> I really don't get the #antivax nonsense. #VaccinateYourChildren - #StopWithTheStupid"" the child you save may be your own",2
8RLTOHXT,<user> Help save 6m kids' lives. Pledge $1 bill over the next 4 yrs to <user> the Vaccine Alliance. #everyparent <user>,2
BZBH8FDG,Finally someone tells it like it is! RT <user> VACCINES DO NOT CAUSE AUTISM OK,2
0OZVRLO4,"just googled a ? Re measles, people r so ignorant about childhood diseases, all responses were about chicken pox or mumps or autism #measles",1
XNIVSG7B,White House: Science Indicates Parents Should Vaccinate Kids <url>,2
X9LN82EY,Which states are the best (and worst) at vaccinating their kids <url> via <user> <url>,2
KQGUOO5P,Oh great. A report of measles in CO. #stayinginside,1
JW5RYGWQ,"""<user> Where measles cases have been reported and how the current outbreak compares to... <url> <url>",1
K5PLSPP0,<user> <user> I say we do misting fly over neighborhoods&amp; mist vaccinations while kids are outside ie playground &amp;bus stops .,2
S0WCIIY7,Meningitis outbreak: CA students may get vaccine Princeton got: (CNN) — A potentially deadly disease that can... <url>,1
8WYX4AFX,Ain't nothin like family #MMR #GMF #GetDownOrLayDown #SquadUp @ The Palace <url>,1
1SWJXN71,Gay Men Who Frequent NYC Urged to Get Vaccine: Local health officials are urging gay men to consider a vaccine... <url>,2
RV2VNISO,"Search vaccine opt-out rates for Texas schools, districts <url>",1
AZPUFB8P,....why do I watch news... now they are talking about the measles outbreak.... news just makes me pissed off at people,1
4XJJ54GG,"Pucknuts #39 About getting shots, kids need to get immunizations shots before entering school. <user> <url>",1
HTUDIAB8,“<user> Measles cases have spiked in the last 10 years. <url> that's why you vaccinate,2
ACI0U1UT,"WA currently allows vaccine exemptions for medical, personal or religious beliefs. 1 of these might be removed. I'll explain at 6",1
WJP47DUO,"Measles on BART! If you rode from Lafayette to SF 6-8am Feb 4-6 and back Between 7-9pm, you may have been exposed #KTVU",1
W0J0U39G,"Amid growing vaccination debate, measles continues to spread and is now in New York state <url> via <user>",1
0SMISNSV,<user> The salmonella outbreak in Texas has a drug resistant strand. That's scary &amp; it won't be long til shit like measles mutates.,1
CIJKWMZ4,“ALERT: 14 infants now under quarantine after child in Santa Monica day care contracts measles. (<user> <user> ?!?,1
YU92CZPN,Measles outbreak might have spread to non-Amish and into Delaware County: A Delaware County individual likely has... <url>,1
DR6GKMCG,"Oh a playboy bunny tells me not to vaccinate my kids so I'm gonna listen to her, can't be too smart if you need to show your tits to live",2
U068VWYW,🌕My parents say I was the perfect picture of health before I was vaccinated.🐅,0
EUS0VGUF,I'm still very upset about the killing of health workers carrying out vaccination in Kano. It a serious setback!,0
74,The tetanus shot isn't something I want.,0
W8LY8IEP,I hope #TomBrady catches the #measles when he goes to <user> tomorrow. #MeaslesOutbreak #NewEnglandPatriots #SuperBowl #MVP,1
3FCHQAOV,"""<user> You should not vaccinate your children unless you are absolutely sure you love them.""",2
JVJB6SVC,Object lesson re not vaccinating -harrowing story of measles infection. <url>,2
KMZRJWQM,No another mmr &amp; cop,1
Q4VDE5P5,Thunder kiss '65 is on mmr #fuckyeah,1
FLBF5HYD,Please vaccinate your children.,2
